WP_311573724.1#104|Streptomyces_lancefieldiae	456	-	+	4	-3414	-2959	131384	131839	WP_311573732.1#104	NZ_JAVRFH010000016.1	GCF_031845825.1
WP_311573724.1#104|Streptomyces_lancefieldiae	2031	-	+	3	-2901	-871	129296	131326	WP_311573730.1#104	NZ_JAVRFH010000016.1	GCF_031845825.1
WP_311573724.1#104|Streptomyces_lancefieldiae	513	-	+	1	-871	-359	128784	129296	WP_311573728.1#104	NZ_JAVRFH010000016.1	GCF_031845825.1
WP_311573724.1#104|Streptomyces_lancefieldiae	342	-	+	2	-366	-25	128450	128791	WP_311573726.1#104	NZ_JAVRFH010000016.1	GCF_031845825.1
WP_311573724.1#104|Streptomyces_lancefieldiae	13836	-	+	61	1	13836	114589	128424	WP_311573724.1#104	NZ_JAVRFH010000016.1	GCF_031845825.1
WP_311573724.1#104|Streptomyces_lancefieldiae	1536	-	+	5	13978	15513	112912	114447	WP_311573722.1#104	NZ_JAVRFH010000016.1	GCF_031845825.1
WP_311573724.1#104|Streptomyces_lancefieldiae	219	-	-	63	15655	15873	112552	112770	pseudogene_104.3*#104	NZ_JAVRFH010000016.1	GCF_031845825.1
WP_311573724.1#104|Streptomyces_lancefieldiae	2277	-	+	0	16007	18283	110142	112418	WP_311573720.1#104	NZ_JAVRFH010000016.1	GCF_031845825.1
WP_311573724.1#104|Streptomyces_lancefieldiae	1374	-	-	0	18491	19864	108561	109934	WP_311573718.1#104	NZ_JAVRFH010000016.1	GCF_031845825.1



WP_329191352.1#41|Streptomyces_sp__NBC_01435	453	-	+	4	-3344	-2892	101293	101745	WP_329191355.1#41	NZ_CP109492.1	GCF_036228565.1
WP_329191352.1#41|Streptomyces_sp__NBC_01435	1983	-	+	3	-2853	-871	99272	101254	WP_329191354.1#41	NZ_CP109492.1	GCF_036228565.1
WP_329191352.1#41|Streptomyces_sp__NBC_01435	513	-	+	1	-871	-359	98760	99272	WP_329191353.1#41	NZ_CP109492.1	GCF_036228565.1
WP_329191352.1#41|Streptomyces_sp__NBC_01435	342	-	+	2	-366	-25	98426	98767	WP_093544641.1#41	NZ_CP109492.1	GCF_036228565.1
WP_329191352.1#41|Streptomyces_sp__NBC_01435	14451	-	+	61	1	14451	83950	98400	WP_329191352.1#41	NZ_CP109492.1	GCF_036228565.1
WP_329191352.1#41|Streptomyces_sp__NBC_01435	1590	-	+	5	14501	16090	82311	83900	WP_329191351.1#41	NZ_CP109492.1	GCF_036228565.1
WP_329191352.1#41|Streptomyces_sp__NBC_01435	561	-	+	0	16509	17069	81332	81892	WP_329191350.1#41	NZ_CP109492.1	GCF_036228565.1
WP_329191352.1#41|Streptomyces_sp__NBC_01435	1002	-	-	0	17228	18229	80172	81173	WP_329191349.1#41	NZ_CP109492.1	GCF_036228565.1
WP_329191352.1#41|Streptomyces_sp__NBC_01435	783	-	+	0	18493	19275	79126	79908	WP_329191348.1#41	NZ_CP109492.1	GCF_036228565.1



WP_143939694.1#9|Streptomyces_benahoarensis	11331	+	+	61	1	11331	26	11356	WP_143939694.1#9	NZ_VKLS01000004.1	GCF_007280585.1
WP_143939694.1#9|Streptomyces_benahoarensis	846	+	+	30	11545	12390	11570	12415	WP_143939695.1#9	NZ_VKLS01000004.1	GCF_007280585.1
WP_143939694.1#9|Streptomyces_benahoarensis	984	+	+	31	12668	13651	12693	13676	WP_143939696.1#9	NZ_VKLS01000004.1	GCF_007280585.1
WP_143939694.1#9|Streptomyces_benahoarensis	1071	+	+	32	13648	14718	13673	14743	WP_143939697.1#9	NZ_VKLS01000004.1	GCF_007280585.1
WP_143939694.1#9|Streptomyces_benahoarensis	810	+	+	33	14715	15524	14740	15549	WP_143939698.1#9	NZ_VKLS01000004.1	GCF_007280585.1



WP_143939694.1#8|Streptomyces_benahoarensis	11331	+	+	61	1	11331	26	11356	WP_143939694.1#8	NZ_VKLS01000004.1	GCF_007280585.1
WP_143939694.1#8|Streptomyces_benahoarensis	846	+	+	30	11545	12390	11570	12415	WP_143939695.1#8	NZ_VKLS01000004.1	GCF_007280585.1
WP_143939694.1#8|Streptomyces_benahoarensis	984	+	+	31	12668	13651	12693	13676	WP_143939696.1#8	NZ_VKLS01000004.1	GCF_007280585.1
WP_143939694.1#8|Streptomyces_benahoarensis	1071	+	+	32	13648	14718	13673	14743	WP_143939697.1#8	NZ_VKLS01000004.1	GCF_007280585.1
WP_143939694.1#8|Streptomyces_benahoarensis	810	+	+	33	14715	15524	14740	15549	WP_143939698.1#8	NZ_VKLS01000004.1	GCF_007280585.1



WP_143939694.1#10|Streptomyces_benahoarensis	11331	+	+	61	1	11331	26	11356	WP_143939694.1#10	NZ_VKLS01000004.1	GCF_007280585.1
WP_143939694.1#10|Streptomyces_benahoarensis	846	+	+	30	11545	12390	11570	12415	WP_143939695.1#10	NZ_VKLS01000004.1	GCF_007280585.1
WP_143939694.1#10|Streptomyces_benahoarensis	984	+	+	31	12668	13651	12693	13676	WP_143939696.1#10	NZ_VKLS01000004.1	GCF_007280585.1
WP_143939694.1#10|Streptomyces_benahoarensis	1071	+	+	32	13648	14718	13673	14743	WP_143939697.1#10	NZ_VKLS01000004.1	GCF_007280585.1
WP_143939694.1#10|Streptomyces_benahoarensis	810	+	+	33	14715	15524	14740	15549	WP_143939698.1#10	NZ_VKLS01000004.1	GCF_007280585.1



WP_143945049.1#12|Streptomyces_benahoarensis	2769	+	+	34	-4903	-2135	7596	10364	WP_143939781.1#12	NZ_VKLS01000007.1	GCF_007280585.1
WP_143945049.1#12|Streptomyces_benahoarensis	717	+	-	18	-2047	-1331	10452	11168	WP_143939782.1#12	NZ_VKLS01000007.1	GCF_007280585.1
WP_143945049.1#12|Streptomyces_benahoarensis	318	+	+	16	-1128	-811	11371	11688	WP_143939783.1#12	NZ_VKLS01000007.1	GCF_007280585.1
WP_143945049.1#12|Streptomyces_benahoarensis	528	+	+	17	-660	-133	11839	12366	WP_143939784.1#12	NZ_VKLS01000007.1	GCF_007280585.1
WP_143945049.1#12|Streptomyces_benahoarensis	37203	+	+	61	1	37203	12500	49702	WP_143945049.1#12	NZ_VKLS01000007.1	GCF_007280585.1
WP_143945049.1#12|Streptomyces_benahoarensis	392	+	+	1	37450	37841	49949	50340	WP_143939786.1#12	NZ_VKLS01000007.1	GCF_007280585.1



WP_037677137.1#69|Streptomyces_catenulae	2769	+	+	34	-4888	-2120	57846	60614	WP_037677136.1#69	NZ_JODY01000002.1	GCF_000718015.1
WP_037677137.1#69|Streptomyces_catenulae	717	+	-	18	-2029	-1313	60705	61421	WP_157847969.1#69	NZ_JODY01000002.1	GCF_000718015.1
WP_037677137.1#69|Streptomyces_catenulae	303	+	+	16	-1099	-797	61635	61937	WP_051739126.1#69	NZ_JODY01000002.1	GCF_000718015.1
WP_037677137.1#69|Streptomyces_catenulae	519	+	+	17	-646	-128	62088	62606	WP_051739127.1#69	NZ_JODY01000002.1	GCF_000718015.1
WP_037677137.1#69|Streptomyces_catenulae	35196	+	+	61	1	35196	62735	97930	WP_037677137.1#69	NZ_JODY01000002.1	GCF_000718015.1
WP_037677137.1#69|Streptomyces_catenulae	432	+	+	1	35468	35899	98202	98633	WP_051739128.1#69	NZ_JODY01000002.1	GCF_000718015.1
WP_037677137.1#69|Streptomyces_catenulae	4089	+	+	20	35960	40048	98694	102782	WP_030279303.1#69	NZ_JODY01000002.1	GCF_000718015.1
WP_037677137.1#69|Streptomyces_catenulae	2712	+	-	42	40124	42835	102858	105569	WP_037677138.1#69	NZ_JODY01000002.1	GCF_000718015.1
WP_037677137.1#69|Streptomyces_catenulae	690	+	+	41	43428	44117	106162	106851	WP_030279307.1#69	NZ_JODY01000002.1	GCF_000718015.1



WP_037677137.1#70|Streptomyces_catenulae	2769	+	+	34	-4888	-2120	262245	265013	WP_037677136.1#70	NZ_JBEZVI010000001.1	GCF_040636875.1
WP_037677137.1#70|Streptomyces_catenulae	717	+	-	18	-2029	-1313	265104	265820	WP_157847969.1#70	NZ_JBEZVI010000001.1	GCF_040636875.1
WP_037677137.1#70|Streptomyces_catenulae	303	+	+	16	-1099	-797	266034	266336	WP_051739126.1#70	NZ_JBEZVI010000001.1	GCF_040636875.1
WP_037677137.1#70|Streptomyces_catenulae	519	+	+	17	-646	-128	266487	267005	WP_051739127.1#70	NZ_JBEZVI010000001.1	GCF_040636875.1
WP_037677137.1#70|Streptomyces_catenulae	35196	+	+	61	1	35196	267134	302329	WP_037677137.1#70	NZ_JBEZVI010000001.1	GCF_040636875.1
WP_037677137.1#70|Streptomyces_catenulae	432	+	+	1	35468	35899	302601	303032	WP_051739128.1#70	NZ_JBEZVI010000001.1	GCF_040636875.1
WP_037677137.1#70|Streptomyces_catenulae	4089	+	+	20	35960	40048	303093	307181	WP_030279303.1#70	NZ_JBEZVI010000001.1	GCF_040636875.1
WP_037677137.1#70|Streptomyces_catenulae	2712	+	-	42	40124	42835	307257	309968	WP_037677138.1#70	NZ_JBEZVI010000001.1	GCF_040636875.1
WP_037677137.1#70|Streptomyces_catenulae	690	+	+	41	43428	44117	310561	311250	WP_030279307.1#70	NZ_JBEZVI010000001.1	GCF_040636875.1



WP_072489016.1#80|Streptomyces_atratus	1927	-	+	3	-4082	-2156	48177	50103	WP_177328344.1#80	NZ_FPJO01000033.1	GCF_900119365.1
WP_072489016.1#80|Streptomyces_atratus	830	-	+	63	-1705	-876	46897	47726	pseudogene_80.1*#80	NZ_FPJO01000033.1	GCF_900119365.1
WP_072489016.1#80|Streptomyces_atratus	423	-	+	1	-777	-355	46376	46798	WP_072489028.1#80	NZ_FPJO01000033.1	GCF_900119365.1
WP_072489016.1#80|Streptomyces_atratus	357	-	+	2	-362	-6	46027	46383	WP_072489017.1#80	NZ_FPJO01000033.1	GCF_900119365.1
WP_072489016.1#80|Streptomyces_atratus	14316	-	+	61	1	14316	31705	46020	WP_072489016.1#80	NZ_FPJO01000033.1	GCF_900119365.1
WP_072489016.1#80|Streptomyces_atratus	1035	-	+	5	14684	15718	30303	31337	WP_143166591.1#80	NZ_FPJO01000033.1	GCF_900119365.1
WP_072489016.1#80|Streptomyces_atratus	633	-	+	45	15950	16582	29439	30071	WP_177328340.1#80	NZ_FPJO01000033.1	GCF_900119365.1
WP_072489016.1#80|Streptomyces_atratus	450	-	-	63	17135	17584	28437	28886	pseudogene_80.3*#80	NZ_FPJO01000033.1	GCF_900119365.1
WP_072489016.1#80|Streptomyces_atratus	891	-	+	43	17779	18669	27352	28242	WP_072489014.1#80	NZ_FPJO01000033.1	GCF_900119365.1



WP_072489016.1#81|Streptomyces_atratus	1927	-	+	3	-4082	-2156	48177	50103	WP_177328344.1#81	NZ_FPJO01000033.1	GCF_900119365.1
WP_072489016.1#81|Streptomyces_atratus	830	-	+	63	-1705	-876	46897	47726	pseudogene_81.2*#81	NZ_FPJO01000033.1	GCF_900119365.1
WP_072489016.1#81|Streptomyces_atratus	423	-	+	1	-777	-355	46376	46798	WP_072489028.1#81	NZ_FPJO01000033.1	GCF_900119365.1
WP_072489016.1#81|Streptomyces_atratus	357	-	+	2	-362	-6	46027	46383	WP_072489017.1#81	NZ_FPJO01000033.1	GCF_900119365.1
WP_072489016.1#81|Streptomyces_atratus	14316	-	+	61	1	14316	31705	46020	WP_072489016.1#81	NZ_FPJO01000033.1	GCF_900119365.1
WP_072489016.1#81|Streptomyces_atratus	1035	-	+	5	14684	15718	30303	31337	WP_143166591.1#81	NZ_FPJO01000033.1	GCF_900119365.1
WP_072489016.1#81|Streptomyces_atratus	633	-	+	45	15950	16582	29439	30071	WP_177328340.1#81	NZ_FPJO01000033.1	GCF_900119365.1
WP_072489016.1#81|Streptomyces_atratus	450	-	-	63	17135	17584	28437	28886	pseudogene_81.1*#81	NZ_FPJO01000033.1	GCF_900119365.1
WP_072489016.1#81|Streptomyces_atratus	891	-	+	43	17779	18669	27352	28242	WP_072489014.1#81	NZ_FPJO01000033.1	GCF_900119365.1



WP_227043682.1#27|Streptomyces_pinistramenti	453	+	+	4	-3726	-3274	308371	308823	WP_227043623.1#27	NZ_JAJCXB010000001.1	GCF_020564935.1
WP_227043682.1#27|Streptomyces_pinistramenti	2115	+	+	3	-3123	-1009	308974	311088	WP_227043625.1#27	NZ_JAJCXB010000001.1	GCF_020564935.1
WP_227043682.1#27|Streptomyces_pinistramenti	447	+	+	1	-971	-525	311126	311572	WP_227043627.1#27	NZ_JAJCXB010000001.1	GCF_020564935.1
WP_227043682.1#27|Streptomyces_pinistramenti	360	+	+	2	-532	-173	311565	311924	WP_227043629.1#27	NZ_JAJCXB010000001.1	GCF_020564935.1
WP_227043682.1#27|Streptomyces_pinistramenti	45246	+	+	61	1	45246	312098	357343	WP_227043682.1#27	NZ_JAJCXB010000001.1	GCF_020564935.1
WP_227043682.1#27|Streptomyces_pinistramenti	1056	+	+	5	45243	46298	357340	358395	WP_227043631.1#27	NZ_JAJCXB010000001.1	GCF_020564935.1
WP_227043682.1#27|Streptomyces_pinistramenti	1506	+	+	22	46677	48182	358774	360279	WP_264482231.1#27	NZ_JAJCXB010000001.1	GCF_020564935.1
WP_227043682.1#27|Streptomyces_pinistramenti	744	+	+	21	48495	49238	360592	361335	WP_227043633.1#27	NZ_JAJCXB010000001.1	GCF_020564935.1
WP_227043682.1#27|Streptomyces_pinistramenti	219	+	-	63	49377	49595	361474	361692	pseudogene_27.7*#27	NZ_JAJCXB010000001.1	GCF_020564935.1



WP_227043682.1#28|Streptomyces_pinistramenti	453	+	+	4	-3726	-3274	308371	308823	WP_227043623.1#28	NZ_JAJCXB010000001.1	GCF_020564935.1
WP_227043682.1#28|Streptomyces_pinistramenti	2115	+	+	3	-3123	-1009	308974	311088	WP_227043625.1#28	NZ_JAJCXB010000001.1	GCF_020564935.1
WP_227043682.1#28|Streptomyces_pinistramenti	447	+	+	1	-971	-525	311126	311572	WP_227043627.1#28	NZ_JAJCXB010000001.1	GCF_020564935.1
WP_227043682.1#28|Streptomyces_pinistramenti	360	+	+	2	-532	-173	311565	311924	WP_227043629.1#28	NZ_JAJCXB010000001.1	GCF_020564935.1
WP_227043682.1#28|Streptomyces_pinistramenti	45246	+	+	61	1	45246	312098	357343	WP_227043682.1#28	NZ_JAJCXB010000001.1	GCF_020564935.1
WP_227043682.1#28|Streptomyces_pinistramenti	1056	+	+	5	45243	46298	357340	358395	WP_227043631.1#28	NZ_JAJCXB010000001.1	GCF_020564935.1
WP_227043682.1#28|Streptomyces_pinistramenti	1506	+	+	22	46677	48182	358774	360279	WP_264482231.1#28	NZ_JAJCXB010000001.1	GCF_020564935.1
WP_227043682.1#28|Streptomyces_pinistramenti	744	+	+	21	48495	49238	360592	361335	WP_227043633.1#28	NZ_JAJCXB010000001.1	GCF_020564935.1
WP_227043682.1#28|Streptomyces_pinistramenti	219	+	-	63	49377	49595	361474	361692	pseudogene_28.7*#28	NZ_JAJCXB010000001.1	GCF_020564935.1



WP_227043682.1#26|Streptomyces_pinistramenti	453	+	+	4	-3726	-3274	308371	308823	WP_227043623.1#26	NZ_JAJCXB010000001.1	GCF_020564935.1
WP_227043682.1#26|Streptomyces_pinistramenti	2115	+	+	3	-3123	-1009	308974	311088	WP_227043625.1#26	NZ_JAJCXB010000001.1	GCF_020564935.1
WP_227043682.1#26|Streptomyces_pinistramenti	447	+	+	1	-971	-525	311126	311572	WP_227043627.1#26	NZ_JAJCXB010000001.1	GCF_020564935.1
WP_227043682.1#26|Streptomyces_pinistramenti	360	+	+	2	-532	-173	311565	311924	WP_227043629.1#26	NZ_JAJCXB010000001.1	GCF_020564935.1
WP_227043682.1#26|Streptomyces_pinistramenti	45246	+	+	61	1	45246	312098	357343	WP_227043682.1#26	NZ_JAJCXB010000001.1	GCF_020564935.1
WP_227043682.1#26|Streptomyces_pinistramenti	1056	+	+	5	45243	46298	357340	358395	WP_227043631.1#26	NZ_JAJCXB010000001.1	GCF_020564935.1
WP_227043682.1#26|Streptomyces_pinistramenti	1506	+	+	22	46677	48182	358774	360279	WP_264482231.1#26	NZ_JAJCXB010000001.1	GCF_020564935.1
WP_227043682.1#26|Streptomyces_pinistramenti	744	+	+	21	48495	49238	360592	361335	WP_227043633.1#26	NZ_JAJCXB010000001.1	GCF_020564935.1
WP_227043682.1#26|Streptomyces_pinistramenti	219	+	-	63	49377	49595	361474	361692	pseudogene_26.9*#26	NZ_JAJCXB010000001.1	GCF_020564935.1



WP_245654880.1#30|Streptomyces_catenulae	450	+	+	4	-3741	-3292	30018	30467	WP_030279807.1#30	NZ_JBEZVI010000026.1	GCF_040636875.1
WP_245654880.1#30|Streptomyces_catenulae	2109	+	+	3	-3118	-1010	30641	32749	WP_030279805.1#30	NZ_JBEZVI010000026.1	GCF_040636875.1
WP_245654880.1#30|Streptomyces_catenulae	444	+	+	1	-972	-529	32787	33230	WP_030279802.1#30	NZ_JBEZVI010000026.1	GCF_040636875.1
WP_245654880.1#30|Streptomyces_catenulae	357	+	+	2	-536	-180	33223	33579	WP_030279800.1#30	NZ_JBEZVI010000026.1	GCF_040636875.1
WP_245654880.1#30|Streptomyces_catenulae	41976	+	+	61	1	41976	33760	75735	WP_245654880.1#30	NZ_JBEZVI010000026.1	GCF_040636875.1
WP_245654880.1#30|Streptomyces_catenulae	1125	+	+	5	42138	43262	75897	77021	WP_157847971.1#30	NZ_JBEZVI010000026.1	GCF_040636875.1
WP_245654880.1#30|Streptomyces_catenulae	1521	+	+	22	43829	45349	77588	79108	WP_030279791.1#30	NZ_JBEZVI010000026.1	GCF_040636875.1
WP_245654880.1#30|Streptomyces_catenulae	1347	+	+	29	45757	47103	79516	80862	WP_030279790.1#30	NZ_JBEZVI010000026.1	GCF_040636875.1
WP_245654880.1#30|Streptomyces_catenulae	744	+	+	21	47548	48291	81307	82050	WP_245654874.1#30	NZ_JBEZVI010000026.1	GCF_040636875.1



WP_245654880.1#29|Streptomyces_catenulae	450	+	+	4	-3741	-3292	30018	30467	WP_030279807.1#29	NZ_JBEZVI010000026.1	GCF_040636875.1
WP_245654880.1#29|Streptomyces_catenulae	2109	+	+	3	-3118	-1010	30641	32749	WP_030279805.1#29	NZ_JBEZVI010000026.1	GCF_040636875.1
WP_245654880.1#29|Streptomyces_catenulae	444	+	+	1	-972	-529	32787	33230	WP_030279802.1#29	NZ_JBEZVI010000026.1	GCF_040636875.1
WP_245654880.1#29|Streptomyces_catenulae	357	+	+	2	-536	-180	33223	33579	WP_030279800.1#29	NZ_JBEZVI010000026.1	GCF_040636875.1
WP_245654880.1#29|Streptomyces_catenulae	41976	+	+	61	1	41976	33760	75735	WP_245654880.1#29	NZ_JBEZVI010000026.1	GCF_040636875.1
WP_245654880.1#29|Streptomyces_catenulae	1125	+	+	5	42138	43262	75897	77021	WP_157847971.1#29	NZ_JBEZVI010000026.1	GCF_040636875.1
WP_245654880.1#29|Streptomyces_catenulae	1521	+	+	22	43829	45349	77588	79108	WP_030279791.1#29	NZ_JBEZVI010000026.1	GCF_040636875.1
WP_245654880.1#29|Streptomyces_catenulae	1347	+	+	29	45757	47103	79516	80862	WP_030279790.1#29	NZ_JBEZVI010000026.1	GCF_040636875.1
WP_245654880.1#29|Streptomyces_catenulae	744	+	+	21	47548	48291	81307	82050	WP_245654874.1#29	NZ_JBEZVI010000026.1	GCF_040636875.1



WP_245654880.1#31|Streptomyces_catenulae	450	+	+	4	-3741	-3292	30018	30467	WP_030279807.1#31	NZ_JBEZVI010000026.1	GCF_040636875.1
WP_245654880.1#31|Streptomyces_catenulae	2109	+	+	3	-3118	-1010	30641	32749	WP_030279805.1#31	NZ_JBEZVI010000026.1	GCF_040636875.1
WP_245654880.1#31|Streptomyces_catenulae	444	+	+	1	-972	-529	32787	33230	WP_030279802.1#31	NZ_JBEZVI010000026.1	GCF_040636875.1
WP_245654880.1#31|Streptomyces_catenulae	357	+	+	2	-536	-180	33223	33579	WP_030279800.1#31	NZ_JBEZVI010000026.1	GCF_040636875.1
WP_245654880.1#31|Streptomyces_catenulae	41976	+	+	61	1	41976	33760	75735	WP_245654880.1#31	NZ_JBEZVI010000026.1	GCF_040636875.1
WP_245654880.1#31|Streptomyces_catenulae	1125	+	+	5	42138	43262	75897	77021	WP_157847971.1#31	NZ_JBEZVI010000026.1	GCF_040636875.1
WP_245654880.1#31|Streptomyces_catenulae	1521	+	+	22	43829	45349	77588	79108	WP_030279791.1#31	NZ_JBEZVI010000026.1	GCF_040636875.1
WP_245654880.1#31|Streptomyces_catenulae	1347	+	+	29	45757	47103	79516	80862	WP_030279790.1#31	NZ_JBEZVI010000026.1	GCF_040636875.1
WP_245654880.1#31|Streptomyces_catenulae	744	+	+	21	47548	48291	81307	82050	WP_245654874.1#31	NZ_JBEZVI010000026.1	GCF_040636875.1



WP_221939403.1#24|Streptomyces_benahoarensis	1344	+	+	7	-5579	-4236	14749	16092	WP_143940388.1#24	NZ_VKLS01000017.1	GCF_007280585.1
WP_221939403.1#24|Streptomyces_benahoarensis	1389	+	+	19	-3633	-2245	16695	18083	WP_143940389.1#24	NZ_VKLS01000017.1	GCF_007280585.1
WP_221939403.1#24|Streptomyces_benahoarensis	1470	+	+	10	-2188	-719	18140	19609	WP_143940390.1#24	NZ_VKLS01000017.1	GCF_007280585.1
WP_221939403.1#24|Streptomyces_benahoarensis	381	+	+	2	-587	-207	19741	20121	WP_143940391.1#24	NZ_VKLS01000017.1	GCF_007280585.1
WP_221939403.1#24|Streptomyces_benahoarensis	11886	+	+	61	1	11886	20329	32214	WP_221939403.1#24	NZ_VKLS01000017.1	GCF_007280585.1
WP_221939403.1#24|Streptomyces_benahoarensis	1140	+	+	5	12099	13238	32427	33566	WP_143940393.1#24	NZ_VKLS01000017.1	GCF_007280585.1



WP_221939403.1#25|Streptomyces_benahoarensis	1344	+	+	7	-5579	-4236	14749	16092	WP_143940388.1#25	NZ_VKLS01000017.1	GCF_007280585.1
WP_221939403.1#25|Streptomyces_benahoarensis	1389	+	+	19	-3633	-2245	16695	18083	WP_143940389.1#25	NZ_VKLS01000017.1	GCF_007280585.1
WP_221939403.1#25|Streptomyces_benahoarensis	1470	+	+	10	-2188	-719	18140	19609	WP_143940390.1#25	NZ_VKLS01000017.1	GCF_007280585.1
WP_221939403.1#25|Streptomyces_benahoarensis	381	+	+	2	-587	-207	19741	20121	WP_143940391.1#25	NZ_VKLS01000017.1	GCF_007280585.1
WP_221939403.1#25|Streptomyces_benahoarensis	11886	+	+	61	1	11886	20329	32214	WP_221939403.1#25	NZ_VKLS01000017.1	GCF_007280585.1
WP_221939403.1#25|Streptomyces_benahoarensis	1140	+	+	5	12099	13238	32427	33566	WP_143940393.1#25	NZ_VKLS01000017.1	GCF_007280585.1



WP_221939403.1#23|Streptomyces_benahoarensis	1344	+	+	7	-5579	-4236	14749	16092	WP_143940388.1#23	NZ_VKLS01000017.1	GCF_007280585.1
WP_221939403.1#23|Streptomyces_benahoarensis	1389	+	+	19	-3633	-2245	16695	18083	WP_143940389.1#23	NZ_VKLS01000017.1	GCF_007280585.1
WP_221939403.1#23|Streptomyces_benahoarensis	1470	+	+	10	-2188	-719	18140	19609	WP_143940390.1#23	NZ_VKLS01000017.1	GCF_007280585.1
WP_221939403.1#23|Streptomyces_benahoarensis	381	+	+	2	-587	-207	19741	20121	WP_143940391.1#23	NZ_VKLS01000017.1	GCF_007280585.1
WP_221939403.1#23|Streptomyces_benahoarensis	11886	+	+	61	1	11886	20329	32214	WP_221939403.1#23	NZ_VKLS01000017.1	GCF_007280585.1
WP_221939403.1#23|Streptomyces_benahoarensis	1140	+	+	5	12099	13238	32427	33566	WP_143940393.1#23	NZ_VKLS01000017.1	GCF_007280585.1



WP_266853690.1#94|Streptomyces_sp__NBC_01306	429	+	+	4	-3393	-2965	2249496	2249924	WP_266853683.1#94	NZ_JAPEPC010000001.1	GCF_026340465.1
WP_266853690.1#94|Streptomyces_sp__NBC_01306	2049	+	+	3	-2841	-793	2250048	2252096	WP_266853685.1#94	NZ_JAPEPC010000001.1	GCF_026340465.1
WP_266853690.1#94|Streptomyces_sp__NBC_01306	462	+	+	1	-793	-332	2252096	2252557	WP_266853686.1#94	NZ_JAPEPC010000001.1	GCF_026340465.1
WP_266853690.1#94|Streptomyces_sp__NBC_01306	327	+	+	2	-339	-13	2252550	2252876	WP_266853688.1#94	NZ_JAPEPC010000001.1	GCF_026340465.1
WP_266853690.1#94|Streptomyces_sp__NBC_01306	27036	+	+	61	1	27036	2252890	2279925	WP_266853690.1#94	NZ_JAPEPC010000001.1	GCF_026340465.1
WP_266853690.1#94|Streptomyces_sp__NBC_01306	1560	+	+	5	27127	28686	2280016	2281575	WP_266853692.1#94	NZ_JAPEPC010000001.1	GCF_026340465.1
WP_266853690.1#94|Streptomyces_sp__NBC_01306	873	+	-	35	28711	29583	2281600	2282472	WP_266853694.1#94	NZ_JAPEPC010000001.1	GCF_026340465.1
WP_266853690.1#94|Streptomyces_sp__NBC_01306	645	+	-	36	29928	30572	2282817	2283461	WP_266853695.1#94	NZ_JAPEPC010000001.1	GCF_026340465.1
WP_266853690.1#94|Streptomyces_sp__NBC_01306	594	+	-	37	30576	31169	2283465	2284058	WP_266853697.1#94	NZ_JAPEPC010000001.1	GCF_026340465.1



WP_266853690.1#96|Streptomyces_sp__NBC_01306	429	+	+	4	-3393	-2965	2249496	2249924	WP_266853683.1#96	NZ_JAPEPC010000001.1	GCF_026340465.1
WP_266853690.1#96|Streptomyces_sp__NBC_01306	2049	+	+	3	-2841	-793	2250048	2252096	WP_266853685.1#96	NZ_JAPEPC010000001.1	GCF_026340465.1
WP_266853690.1#96|Streptomyces_sp__NBC_01306	462	+	+	1	-793	-332	2252096	2252557	WP_266853686.1#96	NZ_JAPEPC010000001.1	GCF_026340465.1
WP_266853690.1#96|Streptomyces_sp__NBC_01306	327	+	+	2	-339	-13	2252550	2252876	WP_266853688.1#96	NZ_JAPEPC010000001.1	GCF_026340465.1
WP_266853690.1#96|Streptomyces_sp__NBC_01306	27036	+	+	61	1	27036	2252890	2279925	WP_266853690.1#96	NZ_JAPEPC010000001.1	GCF_026340465.1
WP_266853690.1#96|Streptomyces_sp__NBC_01306	1560	+	+	5	27127	28686	2280016	2281575	WP_266853692.1#96	NZ_JAPEPC010000001.1	GCF_026340465.1
WP_266853690.1#96|Streptomyces_sp__NBC_01306	873	+	-	35	28711	29583	2281600	2282472	WP_266853694.1#96	NZ_JAPEPC010000001.1	GCF_026340465.1
WP_266853690.1#96|Streptomyces_sp__NBC_01306	645	+	-	36	29928	30572	2282817	2283461	WP_266853695.1#96	NZ_JAPEPC010000001.1	GCF_026340465.1
WP_266853690.1#96|Streptomyces_sp__NBC_01306	594	+	-	37	30576	31169	2283465	2284058	WP_266853697.1#96	NZ_JAPEPC010000001.1	GCF_026340465.1



WP_266853690.1#95|Streptomyces_sp__NBC_01306	429	+	+	4	-3393	-2965	2249496	2249924	WP_266853683.1#95	NZ_JAPEPC010000001.1	GCF_026340465.1
WP_266853690.1#95|Streptomyces_sp__NBC_01306	2049	+	+	3	-2841	-793	2250048	2252096	WP_266853685.1#95	NZ_JAPEPC010000001.1	GCF_026340465.1
WP_266853690.1#95|Streptomyces_sp__NBC_01306	462	+	+	1	-793	-332	2252096	2252557	WP_266853686.1#95	NZ_JAPEPC010000001.1	GCF_026340465.1
WP_266853690.1#95|Streptomyces_sp__NBC_01306	327	+	+	2	-339	-13	2252550	2252876	WP_266853688.1#95	NZ_JAPEPC010000001.1	GCF_026340465.1
WP_266853690.1#95|Streptomyces_sp__NBC_01306	27036	+	+	61	1	27036	2252890	2279925	WP_266853690.1#95	NZ_JAPEPC010000001.1	GCF_026340465.1
WP_266853690.1#95|Streptomyces_sp__NBC_01306	1560	+	+	5	27127	28686	2280016	2281575	WP_266853692.1#95	NZ_JAPEPC010000001.1	GCF_026340465.1
WP_266853690.1#95|Streptomyces_sp__NBC_01306	873	+	-	35	28711	29583	2281600	2282472	WP_266853694.1#95	NZ_JAPEPC010000001.1	GCF_026340465.1
WP_266853690.1#95|Streptomyces_sp__NBC_01306	645	+	-	36	29928	30572	2282817	2283461	WP_266853695.1#95	NZ_JAPEPC010000001.1	GCF_026340465.1
WP_266853690.1#95|Streptomyces_sp__NBC_01306	594	+	-	37	30576	31169	2283465	2284058	WP_266853697.1#95	NZ_JAPEPC010000001.1	GCF_026340465.1



WP_266747645.1#93|Streptomyces_sp__NBC_01221	423	+	+	4	-3384	-2962	4339796	4340218	WP_266747642.1#93	NZ_JAPEOT010000001.1	GCF_026340925.1
WP_266747645.1#93|Streptomyces_sp__NBC_01221	2046	+	+	3	-2838	-793	4340342	4342387	WP_266747643.1#93	NZ_JAPEOT010000001.1	GCF_026340925.1
WP_266747645.1#93|Streptomyces_sp__NBC_01221	462	+	+	1	-793	-332	4342387	4342848	WP_266747644.1#93	NZ_JAPEOT010000001.1	GCF_026340925.1
WP_266747645.1#93|Streptomyces_sp__NBC_01221	327	+	+	2	-339	-13	4342841	4343167	WP_250299835.1#93	NZ_JAPEOT010000001.1	GCF_026340925.1
WP_266747645.1#93|Streptomyces_sp__NBC_01221	24132	+	+	61	1	24132	4343181	4367312	WP_266747645.1#93	NZ_JAPEOT010000001.1	GCF_026340925.1
WP_266747645.1#93|Streptomyces_sp__NBC_01221	1710	+	+	5	24252	25961	4367432	4369141	WP_266747646.1#93	NZ_JAPEOT010000001.1	GCF_026340925.1
WP_266747645.1#93|Streptomyces_sp__NBC_01221	1401	+	-	0	26091	27491	4369271	4370671	WP_266747647.1#93	NZ_JAPEOT010000001.1	GCF_026340925.1
WP_266747645.1#93|Streptomyces_sp__NBC_01221	681	+	-	0	27553	28233	4370733	4371413	WP_266752340.1#93	NZ_JAPEOT010000001.1	GCF_026340925.1
WP_266747645.1#93|Streptomyces_sp__NBC_01221	909	+	+	0	28267	29175	4371447	4372355	WP_266747648.1#93	NZ_JAPEOT010000001.1	GCF_026340925.1



WP_250299833.1#35|Streptomyces_sp__A_4_2	429	-	+	4	-3474	-3046	17053	17481	WP_250299840.1#35	NZ_CALNVW010000015.1	GCF_940670765.1
WP_250299833.1#35|Streptomyces_sp__A_4_2	2085	-	+	3	-2922	-838	14845	16929	WP_250299838.1#35	NZ_CALNVW010000015.1	GCF_940670765.1
WP_250299833.1#35|Streptomyces_sp__A_4_2	507	-	+	1	-838	-332	14339	14845	WP_250299836.1#35	NZ_CALNVW010000015.1	GCF_940670765.1
WP_250299833.1#35|Streptomyces_sp__A_4_2	327	-	+	2	-339	-13	14020	14346	WP_250299835.1#35	NZ_CALNVW010000015.1	GCF_940670765.1
WP_250299833.1#35|Streptomyces_sp__A_4_2	14006	-	+	61	1	14006	1	14006	WP_250299833.1#35	NZ_CALNVW010000015.1	GCF_940670765.1



WP_266641069.1#92|Streptomyces_sp__NBC_01500	429	+	+	4	-3378	-2950	1660899	1661327	WP_250299840.1#92	NZ_JAPEPU010000001.1	GCF_026339975.1
WP_266641069.1#92|Streptomyces_sp__NBC_01500	1989	+	+	3	-2826	-838	1661451	1663439	WP_266641067.1#92	NZ_JAPEPU010000001.1	GCF_026339975.1
WP_266641069.1#92|Streptomyces_sp__NBC_01500	507	+	+	1	-838	-332	1663439	1663945	WP_250299836.1#92	NZ_JAPEPU010000001.1	GCF_026339975.1
WP_266641069.1#92|Streptomyces_sp__NBC_01500	327	+	+	2	-339	-13	1663938	1664264	WP_250299835.1#92	NZ_JAPEPU010000001.1	GCF_026339975.1
WP_266641069.1#92|Streptomyces_sp__NBC_01500	31560	+	+	61	1	31560	1664278	1695837	WP_266641069.1#92	NZ_JAPEPU010000001.1	GCF_026339975.1
WP_266641069.1#92|Streptomyces_sp__NBC_01500	1668	+	+	5	31641	33308	1695918	1697585	WP_266641071.1#92	NZ_JAPEPU010000001.1	GCF_026339975.1
WP_266641069.1#92|Streptomyces_sp__NBC_01500	411	+	-	24	33313	33723	1697590	1698000	WP_250299821.1#92	NZ_JAPEPU010000001.1	GCF_026339975.1
WP_266641069.1#92|Streptomyces_sp__NBC_01500	852	+	+	25	34041	34892	1698318	1699169	WP_266641074.1#92	NZ_JAPEPU010000001.1	GCF_026339975.1
WP_266641069.1#92|Streptomyces_sp__NBC_01500	192	+	+	26	34904	35095	1699181	1699372	WP_266641076.1#92	NZ_JAPEPU010000001.1	GCF_026339975.1



WP_250299824.1#33|Streptomyces_sp__A_4_2	13497	-	+	61	1	13497	27407	40903	WP_250299824.1#33	NZ_CALNVW010000013.1	GCF_940670765.1
WP_250299824.1#33|Streptomyces_sp__A_4_2	1668	-	+	5	13578	15245	25659	27326	WP_250299823.1#33	NZ_CALNVW010000013.1	GCF_940670765.1
WP_250299824.1#33|Streptomyces_sp__A_4_2	411	-	-	24	15250	15660	25244	25654	WP_250299821.1#33	NZ_CALNVW010000013.1	GCF_940670765.1
WP_250299824.1#33|Streptomyces_sp__A_4_2	852	-	+	25	15973	16824	24080	24931	WP_250299819.1#33	NZ_CALNVW010000013.1	GCF_940670765.1
WP_250299824.1#33|Streptomyces_sp__A_4_2	192	-	+	26	16839	17030	23874	24065	WP_250299817.1#33	NZ_CALNVW010000013.1	GCF_940670765.1



WP_250299824.1#34|Streptomyces_sp__A_4_2	13497	-	+	61	1	13497	27407	40903	WP_250299824.1#34	NZ_CALNVW010000013.1	GCF_940670765.1
WP_250299824.1#34|Streptomyces_sp__A_4_2	1668	-	+	5	13578	15245	25659	27326	WP_250299823.1#34	NZ_CALNVW010000013.1	GCF_940670765.1
WP_250299824.1#34|Streptomyces_sp__A_4_2	411	-	-	24	15250	15660	25244	25654	WP_250299821.1#34	NZ_CALNVW010000013.1	GCF_940670765.1
WP_250299824.1#34|Streptomyces_sp__A_4_2	852	-	+	25	15973	16824	24080	24931	WP_250299819.1#34	NZ_CALNVW010000013.1	GCF_940670765.1
WP_250299824.1#34|Streptomyces_sp__A_4_2	192	-	+	26	16839	17030	23874	24065	WP_250299817.1#34	NZ_CALNVW010000013.1	GCF_940670765.1



WP_250299824.1#32|Streptomyces_sp__A_4_2	13497	-	+	61	1	13497	27407	40903	WP_250299824.1#32	NZ_CALNVW010000013.1	GCF_940670765.1
WP_250299824.1#32|Streptomyces_sp__A_4_2	1668	-	+	5	13578	15245	25659	27326	WP_250299823.1#32	NZ_CALNVW010000013.1	GCF_940670765.1
WP_250299824.1#32|Streptomyces_sp__A_4_2	411	-	-	24	15250	15660	25244	25654	WP_250299821.1#32	NZ_CALNVW010000013.1	GCF_940670765.1
WP_250299824.1#32|Streptomyces_sp__A_4_2	852	-	+	25	15973	16824	24080	24931	WP_250299819.1#32	NZ_CALNVW010000013.1	GCF_940670765.1
WP_250299824.1#32|Streptomyces_sp__A_4_2	192	-	+	26	16839	17030	23874	24065	WP_250299817.1#32	NZ_CALNVW010000013.1	GCF_940670765.1



WP_329295496.1#43|Streptomyces_sp__NBC_01455	228	+	+	54	-3877	-3650	34167	34394	WP_329295492.1#43	NZ_CP109476.1	GCF_036227445.1
WP_329295496.1#43|Streptomyces_sp__NBC_01455	303	+	+	55	-3416	-3114	34628	34930	WP_329295494.1#43	NZ_CP109476.1	GCF_036227445.1
WP_329295496.1#43|Streptomyces_sp__NBC_01455	987	+	+	63	-2886	-1900	35158	36144	pseudogene_43.6*#43	NZ_CP109476.1	GCF_036227445.1
WP_329295496.1#43|Streptomyces_sp__NBC_01455	681	+	-	63	-1182	-502	36862	37542	pseudogene_43.4*#43	NZ_CP109476.1	GCF_036227445.1
WP_329295496.1#43|Streptomyces_sp__NBC_01455	5442	+	+	61	1	5442	38045	43486	WP_329295496.1#43	NZ_CP109476.1	GCF_036227445.1
WP_329295496.1#43|Streptomyces_sp__NBC_01455	3327	+	+	56	5861	9187	43905	47231	WP_329295498.1#43	NZ_CP109476.1	GCF_036227445.1
WP_329295496.1#43|Streptomyces_sp__NBC_01455	723	+	-	63	9557	10279	47601	48323	pseudogene_43.0*#43	NZ_CP109476.1	GCF_036227445.1
WP_329295496.1#43|Streptomyces_sp__NBC_01455	3279	+	-	57	10948	14226	48992	52270	WP_329295499.1#43	NZ_CP109476.1	GCF_036227445.1
WP_329295496.1#43|Streptomyces_sp__NBC_01455	2136	+	-	58	14687	16822	52731	54866	WP_329295501.1#43	NZ_CP109476.1	GCF_036227445.1



WP_329295496.1#42|Streptomyces_sp__NBC_01455	228	+	+	54	-3877	-3650	34167	34394	WP_329295492.1#42	NZ_CP109476.1	GCF_036227445.1
WP_329295496.1#42|Streptomyces_sp__NBC_01455	303	+	+	55	-3416	-3114	34628	34930	WP_329295494.1#42	NZ_CP109476.1	GCF_036227445.1
WP_329295496.1#42|Streptomyces_sp__NBC_01455	723	+	+	63	9557	10279	47601	48323	pseudogene_42.5*#42	NZ_CP109476.1	GCF_036227445.1
WP_329295496.1#42|Streptomyces_sp__NBC_01455	681	+	-	63	-1182	-502	36862	37542	pseudogene_42.2*#42	NZ_CP109476.1	GCF_036227445.1
WP_329295496.1#42|Streptomyces_sp__NBC_01455	5442	+	+	61	1	5442	38045	43486	WP_329295496.1#42	NZ_CP109476.1	GCF_036227445.1
WP_329295496.1#42|Streptomyces_sp__NBC_01455	3327	+	+	56	5861	9187	43905	47231	WP_329295498.1#42	NZ_CP109476.1	GCF_036227445.1
WP_329295496.1#42|Streptomyces_sp__NBC_01455	723	+	-	63	9557	10279	47601	48323	pseudogene_42.5*#42	NZ_CP109476.1	GCF_036227445.1
WP_329295496.1#42|Streptomyces_sp__NBC_01455	3279	+	-	57	10948	14226	48992	52270	WP_329295499.1#42	NZ_CP109476.1	GCF_036227445.1
WP_329295496.1#42|Streptomyces_sp__NBC_01455	2136	+	-	58	14687	16822	52731	54866	WP_329295501.1#42	NZ_CP109476.1	GCF_036227445.1



WP_280664882.1#99|Kitasatospora_sp__MAP12_44	369	-	+	4	-3545	-3177	1110773	1111141	WP_280664886.1#99	NZ_JARZAE010000004.1	GCF_029892095.1
WP_280664882.1#99|Kitasatospora_sp__MAP12_44	2157	-	+	3	-3071	-915	1108511	1110667	WP_280664885.1#99	NZ_JARZAE010000004.1	GCF_029892095.1
WP_280664882.1#99|Kitasatospora_sp__MAP12_44	441	-	+	1	-766	-326	1107922	1108362	WP_280664884.1#99	NZ_JARZAE010000004.1	GCF_029892095.1
WP_280664882.1#99|Kitasatospora_sp__MAP12_44	300	-	+	2	-333	-34	1107630	1107929	WP_280664883.1#99	NZ_JARZAE010000004.1	GCF_029892095.1
WP_280664882.1#99|Kitasatospora_sp__MAP12_44	19698	-	+	61	1	19698	1087898	1107595	WP_280664882.1#99	NZ_JARZAE010000004.1	GCF_029892095.1
WP_280664882.1#99|Kitasatospora_sp__MAP12_44	723	-	+	60	19742	20464	1087132	1087854	WP_280664881.1#99	NZ_JARZAE010000004.1	GCF_029892095.1
WP_280664882.1#99|Kitasatospora_sp__MAP12_44	675	-	-	52	20473	21147	1086449	1087123	WP_280664880.1#99	NZ_JARZAE010000004.1	GCF_029892095.1
WP_280664882.1#99|Kitasatospora_sp__MAP12_44	1338	-	-	59	21159	22496	1085100	1086437	WP_348534631.1#99	NZ_JARZAE010000004.1	GCF_029892095.1
WP_280664882.1#99|Kitasatospora_sp__MAP12_44	462	-	+	9	22648	23109	1084487	1084948	WP_280664879.1#99	NZ_JARZAE010000004.1	GCF_029892095.1



WP_280664882.1#98|Kitasatospora_sp__MAP12_9	369	+	+	4	-3545	-3177	11921	12289	WP_280664886.1#98	NZ_JBNPVU010000030.1	GCF_050434185.1
WP_280664882.1#98|Kitasatospora_sp__MAP12_9	2157	+	+	3	-3071	-915	12395	14551	WP_280664885.1#98	NZ_JBNPVU010000030.1	GCF_050434185.1
WP_280664882.1#98|Kitasatospora_sp__MAP12_9	441	+	+	1	-766	-326	14700	15140	WP_280664884.1#98	NZ_JBNPVU010000030.1	GCF_050434185.1
WP_280664882.1#98|Kitasatospora_sp__MAP12_9	300	+	+	2	-333	-34	15133	15432	WP_280664883.1#98	NZ_JBNPVU010000030.1	GCF_050434185.1
WP_280664882.1#98|Kitasatospora_sp__MAP12_9	19698	+	+	61	1	19698	15467	35164	WP_280664882.1#98	NZ_JBNPVU010000030.1	GCF_050434185.1
WP_280664882.1#98|Kitasatospora_sp__MAP12_9	711	+	+	60	19754	20464	35220	35930	WP_429194840.1#98	NZ_JBNPVU010000030.1	GCF_050434185.1
WP_280664882.1#98|Kitasatospora_sp__MAP12_9	675	+	-	52	20473	21147	35939	36613	WP_280664880.1#98	NZ_JBNPVU010000030.1	GCF_050434185.1
WP_280664882.1#98|Kitasatospora_sp__MAP12_9	1338	+	-	59	21159	22496	36625	37962	WP_348534631.1#98	NZ_JBNPVU010000030.1	GCF_050434185.1
WP_280664882.1#98|Kitasatospora_sp__MAP12_9	462	+	+	9	22648	23109	38114	38575	WP_280664879.1#98	NZ_JBNPVU010000030.1	GCF_050434185.1



WP_320775862.1#109|Streptomyces_sp__CRN_30	423	-	+	4	-3143	-2721	138075	138497	WP_320775866.1#109	NZ_JAVRHI010000169.1	GCF_034105845.1
WP_320775862.1#109|Streptomyces_sp__CRN_30	1851	-	+	3	-2697	-847	136201	138051	WP_320775865.1#109	NZ_JAVRHI010000169.1	GCF_034105845.1
WP_320775862.1#109|Streptomyces_sp__CRN_30	492	-	+	1	-847	-356	135710	136201	WP_320775864.1#109	NZ_JAVRHI010000169.1	GCF_034105845.1
WP_320775862.1#109|Streptomyces_sp__CRN_30	336	-	+	2	-363	-28	135382	135717	WP_320775863.1#109	NZ_JAVRHI010000169.1	GCF_034105845.1
WP_320775862.1#109|Streptomyces_sp__CRN_30	14211	-	+	61	1	14211	121143	135353	WP_320775862.1#109	NZ_JAVRHI010000169.1	GCF_034105845.1
WP_320775862.1#109|Streptomyces_sp__CRN_30	1773	-	+	5	14270	16042	119312	121084	WP_320775861.1#109	NZ_JAVRHI010000169.1	GCF_034105845.1
WP_320775862.1#109|Streptomyces_sp__CRN_30	321	-	+	0	16328	16648	118706	119026	WP_320775860.1#109	NZ_JAVRHI010000169.1	GCF_034105845.1
WP_320775862.1#109|Streptomyces_sp__CRN_30	435	-	+	0	16721	17155	118199	118633	WP_320775859.1#109	NZ_JAVRHI010000169.1	GCF_034105845.1
WP_320775862.1#109|Streptomyces_sp__CRN_30	858	-	+	39	17152	18009	117345	118202	WP_320775858.1#109	NZ_JAVRHI010000169.1	GCF_034105845.1



WP_190010518.1#15|Streptomyces_griseoviridis	420	+	+	4	-3064	-2645	135305	135724	WP_189418281.1#15	NZ_BMSL01000008.1	GCF_014649135.1
WP_190010518.1#15|Streptomyces_griseoviridis	1785	+	+	3	-2580	-796	135789	137573	WP_190010516.1#15	NZ_BMSL01000008.1	GCF_014649135.1
WP_190010518.1#15|Streptomyces_griseoviridis	441	+	+	1	-796	-356	137573	138013	WP_190010517.1#15	NZ_BMSL01000008.1	GCF_014649135.1
WP_190010518.1#15|Streptomyces_griseoviridis	330	+	+	2	-363	-34	138006	138335	WP_189418274.1#15	NZ_BMSL01000008.1	GCF_014649135.1
WP_190010518.1#15|Streptomyces_griseoviridis	13485	+	+	61	1	13485	138370	151854	WP_190010518.1#15	NZ_BMSL01000008.1	GCF_014649135.1
WP_190010518.1#15|Streptomyces_griseoviridis	1680	+	+	5	13537	15216	151906	153585	WP_190010519.1#15	NZ_BMSL01000008.1	GCF_014649135.1
WP_190010518.1#15|Streptomyces_griseoviridis	1035	+	-	0	15667	16701	154036	155070	WP_190010520.1#15	NZ_BMSL01000008.1	GCF_014649135.1
WP_190010518.1#15|Streptomyces_griseoviridis	450	+	-	0	16698	17147	155067	155516	WP_189418264.1#15	NZ_BMSL01000008.1	GCF_014649135.1
WP_190010518.1#15|Streptomyces_griseoviridis	1233	+	-	0	17174	18406	155543	156775	WP_190010521.1#15	NZ_BMSL01000008.1	GCF_014649135.1



WP_190207285.1#20|Streptomyces_fumanus	444	-	+	4	-5021	-4578	60968	61411	WP_190207289.1#20	NZ_BNBI01000014.1	GCF_014655295.1
WP_190207285.1#20|Streptomyces_fumanus	3747	-	+	3	-4532	-786	57176	60922	WP_190207288.1#20	NZ_BNBI01000014.1	GCF_014655295.1
WP_190207285.1#20|Streptomyces_fumanus	411	-	+	1	-735	-325	56715	57125	WP_190207287.1#20	NZ_BNBI01000014.1	GCF_014655295.1
WP_190207285.1#20|Streptomyces_fumanus	330	-	+	2	-332	-3	56393	56722	WP_190207286.1#20	NZ_BNBI01000014.1	GCF_014655295.1
WP_190207285.1#20|Streptomyces_fumanus	42831	-	+	61	1	42831	13559	56389	WP_190207285.1#20	NZ_BNBI01000014.1	GCF_014655295.1
WP_190207285.1#20|Streptomyces_fumanus	843	-	+	51	43042	43884	12506	13348	WP_190207284.1#20	NZ_BNBI01000014.1	GCF_014655295.1
WP_190207285.1#20|Streptomyces_fumanus	720	-	+	50	43915	44634	11756	12475	WP_190207283.1#20	NZ_BNBI01000014.1	GCF_014655295.1
WP_190207285.1#20|Streptomyces_fumanus	870	-	+	39	44702	45571	10819	11688	WP_190207282.1#20	NZ_BNBI01000014.1	GCF_014655295.1
WP_190207285.1#20|Streptomyces_fumanus	609	-	+	49	45795	46403	9987	10595	WP_190207281.1#20	NZ_BNBI01000014.1	GCF_014655295.1



WP_190207285.1#21|Streptomyces_fumanus	444	-	+	4	-5021	-4578	60968	61411	WP_190207289.1#21	NZ_BNBI01000014.1	GCF_014655295.1
WP_190207285.1#21|Streptomyces_fumanus	3747	-	+	3	-4532	-786	57176	60922	WP_190207288.1#21	NZ_BNBI01000014.1	GCF_014655295.1
WP_190207285.1#21|Streptomyces_fumanus	411	-	+	1	-735	-325	56715	57125	WP_190207287.1#21	NZ_BNBI01000014.1	GCF_014655295.1
WP_190207285.1#21|Streptomyces_fumanus	330	-	+	2	-332	-3	56393	56722	WP_190207286.1#21	NZ_BNBI01000014.1	GCF_014655295.1
WP_190207285.1#21|Streptomyces_fumanus	42831	-	+	61	1	42831	13559	56389	WP_190207285.1#21	NZ_BNBI01000014.1	GCF_014655295.1
WP_190207285.1#21|Streptomyces_fumanus	843	-	+	51	43042	43884	12506	13348	WP_190207284.1#21	NZ_BNBI01000014.1	GCF_014655295.1
WP_190207285.1#21|Streptomyces_fumanus	720	-	+	50	43915	44634	11756	12475	WP_190207283.1#21	NZ_BNBI01000014.1	GCF_014655295.1
WP_190207285.1#21|Streptomyces_fumanus	870	-	+	39	44702	45571	10819	11688	WP_190207282.1#21	NZ_BNBI01000014.1	GCF_014655295.1
WP_190207285.1#21|Streptomyces_fumanus	609	-	+	49	45795	46403	9987	10595	WP_190207281.1#21	NZ_BNBI01000014.1	GCF_014655295.1



WP_266944294.1#97|Streptomyces_mirabilis	435	+	+	4	-4657	-4223	283542	283976	WP_266944284.1#97	NZ_JAPEMK010000002.1	GCF_026342745.1
WP_266944294.1#97|Streptomyces_mirabilis	3276	+	+	3	-4218	-943	283981	287256	WP_266944287.1#97	NZ_JAPEMK010000002.1	GCF_026342745.1
WP_266944294.1#97|Streptomyces_mirabilis	438	+	+	1	-851	-414	287348	287785	WP_266944290.1#97	NZ_JAPEMK010000002.1	GCF_026342745.1
WP_266944294.1#97|Streptomyces_mirabilis	333	+	+	2	-421	-89	287778	288110	WP_266944293.1#97	NZ_JAPEMK010000002.1	GCF_026342745.1
WP_266944294.1#97|Streptomyces_mirabilis	58758	+	+	61	1	58758	288200	346957	WP_266944294.1#97	NZ_JAPEMK010000002.1	GCF_026342745.1
WP_266944294.1#97|Streptomyces_mirabilis	216	+	+	63	58839	59054	347038	347253	pseudogene_97.0*#97	NZ_JAPEMK010000002.1	GCF_026342745.1
WP_266944294.1#97|Streptomyces_mirabilis	510	+	+	0	59364	59873	347563	348072	WP_266944296.1#97	NZ_JAPEMK010000002.1	GCF_026342745.1
WP_266944294.1#97|Streptomyces_mirabilis	1905	+	-	0	60082	61986	348281	350185	WP_266944298.1#97	NZ_JAPEMK010000002.1	GCF_026342745.1
WP_266944294.1#97|Streptomyces_mirabilis	807	+	-	0	62944	63750	351143	351949	WP_266944300.1#97	NZ_JAPEMK010000002.1	GCF_026342745.1



WP_189421580.1#14|Streptomyces_griseoviridis	1080	+	+	63	-1914	-835	1	1080	pseudogene_14.5*#14	NZ_BMSM01000017.1	GCF_014649155.1
WP_189421580.1#14|Streptomyces_griseoviridis	420	+	+	1	-759	-340	1156	1575	WP_189421578.1#14	NZ_BMSM01000017.1	GCF_014649155.1
WP_189421580.1#14|Streptomyces_griseoviridis	345	+	+	2	-347	-3	1568	1912	WP_189421579.1#14	NZ_BMSM01000017.1	GCF_014649155.1
WP_189421580.1#14|Streptomyces_griseoviridis	58890	+	+	61	1	58890	1916	60805	WP_189421580.1#14	NZ_BMSM01000017.1	GCF_014649155.1
WP_189421580.1#14|Streptomyces_griseoviridis	984	+	-	46	58949	59932	60864	61847	WP_189421581.1#14	NZ_BMSM01000017.1	GCF_014649155.1
WP_189421580.1#14|Streptomyces_griseoviridis	213	+	+	53	60981	61193	62896	63108	WP_306884808.1#14	NZ_BMSM01000017.1	GCF_014649155.1
WP_189421580.1#14|Streptomyces_griseoviridis	321	+	-	47	61316	61636	63231	63551	WP_189421582.1#14	NZ_BMSM01000017.1	GCF_014649155.1
WP_189421580.1#14|Streptomyces_griseoviridis	663	+	+	48	61832	62494	63747	64409	WP_189421583.1#14	NZ_BMSM01000017.1	GCF_014649155.1



WP_189421580.1#13|Streptomyces_griseoviridis	1080	+	+	63	-1914	-835	1	1080	pseudogene_13.0*#13	NZ_BMSM01000017.1	GCF_014649155.1
WP_189421580.1#13|Streptomyces_griseoviridis	420	+	+	1	-759	-340	1156	1575	WP_189421578.1#13	NZ_BMSM01000017.1	GCF_014649155.1
WP_189421580.1#13|Streptomyces_griseoviridis	345	+	+	2	-347	-3	1568	1912	WP_189421579.1#13	NZ_BMSM01000017.1	GCF_014649155.1
WP_189421580.1#13|Streptomyces_griseoviridis	58890	+	+	61	1	58890	1916	60805	WP_189421580.1#13	NZ_BMSM01000017.1	GCF_014649155.1
WP_189421580.1#13|Streptomyces_griseoviridis	984	+	-	46	58949	59932	60864	61847	WP_189421581.1#13	NZ_BMSM01000017.1	GCF_014649155.1
WP_189421580.1#13|Streptomyces_griseoviridis	213	+	+	53	60981	61193	62896	63108	WP_306884808.1#13	NZ_BMSM01000017.1	GCF_014649155.1
WP_189421580.1#13|Streptomyces_griseoviridis	321	+	-	47	61316	61636	63231	63551	WP_189421582.1#13	NZ_BMSM01000017.1	GCF_014649155.1
WP_189421580.1#13|Streptomyces_griseoviridis	663	+	+	48	61832	62494	63747	64409	WP_189421583.1#13	NZ_BMSM01000017.1	GCF_014649155.1



WP_319675783.1#107|Streptomyces_sp__ME18_1_4	13500	+	+	61	1	13500	62	13561	WP_319675783.1#107	not_found	not_found	not_found



WP_004934940.1#54|Streptomyces_griseoflavus_Tu4000	450	+	+	1	-8411	-7962	7075071	7075520	WP_040907855.1#54	NZ_GG657758.1	GCF_000158975.1
WP_004934940.1#54|Streptomyces_griseoflavus_Tu4000	360	+	+	2	-7969	-7610	7075513	7075872	WP_040907856.1#54	NZ_GG657758.1	GCF_000158975.1
WP_004934940.1#54|Streptomyces_griseoflavus_Tu4000	384	+	+	5	-6604	-6221	7076878	7077261	WP_158686654.1#54	NZ_GG657758.1	GCF_000158975.1
WP_004934940.1#54|Streptomyces_griseoflavus_Tu4000	6063	+	+	44	-6074	-12	7077408	7083470	WP_004934937.1#54	NZ_GG657758.1	GCF_000158975.1
WP_004934940.1#54|Streptomyces_griseoflavus_Tu4000	6120	+	+	61	1	6120	7083483	7089602	WP_004934940.1#54	NZ_GG657758.1	GCF_000158975.1
WP_004934940.1#54|Streptomyces_griseoflavus_Tu4000	3822	+	+	44	6154	9975	7089636	7093457	WP_158686655.1#54	NZ_GG657758.1	GCF_000158975.1
WP_004934940.1#54|Streptomyces_griseoflavus_Tu4000	6162	+	+	0	9878	16039	7093360	7099521	WP_040907858.1#54	NZ_GG657758.1	GCF_000158975.1
WP_004934940.1#54|Streptomyces_griseoflavus_Tu4000	216	+	-	63	16163	16378	7099645	7099860	pseudogene_54.3*#54	NZ_GG657758.1	GCF_000158975.1
WP_004934940.1#54|Streptomyces_griseoflavus_Tu4000	1437	+	+	0	16629	18065	7100111	7101547	WP_004934946.1#54	NZ_GG657758.1	GCF_000158975.1



WP_307080396.1#103|Streptomyces_canus	1629	+	-	0	-6363	-4735	8631181	8632809	WP_307080389.1#103	NZ_JAUSYQ010000002.1	GCF_030816965.1
WP_307080396.1#103|Streptomyces_canus	144	+	+	0	-3204	-3061	8634340	8634483	WP_307080391.1#103	NZ_JAUSYQ010000002.1	GCF_030816965.1
WP_307080396.1#103|Streptomyces_canus	864	+	-	0	-3023	-2160	8634521	8635384	WP_307080393.1#103	NZ_JAUSYQ010000002.1	GCF_030816965.1
WP_307080396.1#103|Streptomyces_canus	372	+	-	0	-1215	-844	8636329	8636700	WP_307080394.1#103	NZ_JAUSYQ010000002.1	GCF_030816965.1
WP_307080396.1#103|Streptomyces_canus	20955	+	+	61	1	20955	8637545	8658499	WP_307080396.1#103	NZ_JAUSYQ010000002.1	GCF_030816965.1
WP_307080396.1#103|Streptomyces_canus	915	+	+	5	21370	22284	8658914	8659828	WP_307080398.1#103	NZ_JAUSYQ010000002.1	GCF_030816965.1
WP_307080396.1#103|Streptomyces_canus	678	+	-	0	22382	23059	8659926	8660603	WP_307080400.1#103	NZ_JAUSYQ010000002.1	GCF_030816965.1
WP_307080396.1#103|Streptomyces_canus	216	+	+	0	23246	23461	8660790	8661005	WP_307080401.1#103	NZ_JAUSYQ010000002.1	GCF_030816965.1
WP_307080396.1#103|Streptomyces_canus	168	+	+	63	23701	23868	8661245	8661412	pseudogene_103.2*#103	NZ_JAUSYQ010000002.1	GCF_030816965.1



WP_307080386.1#101|Streptomyces_canus	3705	+	+	64	-5169	-1465	8596865	8600569	WP_307080379.1#101	NZ_JAUSYQ010000002.1	GCF_030816965.1
WP_307080386.1#101|Streptomyces_canus	513	+	+	1	-1468	-956	8600566	8601078	WP_307080380.1#101	NZ_JAUSYQ010000002.1	GCF_030816965.1
WP_307080386.1#101|Streptomyces_canus	354	+	+	2	-963	-610	8601071	8601424	WP_307080382.1#101	NZ_JAUSYQ010000002.1	GCF_030816965.1
WP_307080386.1#101|Streptomyces_canus	288	+	+	38	-294	-7	8601740	8602027	WP_307080384.1#101	NZ_JAUSYQ010000002.1	GCF_030816965.1
WP_307080386.1#101|Streptomyces_canus	25968	+	+	61	1	25968	8602035	8628002	WP_307080386.1#101	NZ_JAUSYQ010000002.1	GCF_030816965.1
WP_307080386.1#101|Streptomyces_canus	915	+	+	5	26320	27234	8628354	8629268	WP_307080388.1#101	NZ_JAUSYQ010000002.1	GCF_030816965.1
WP_307080386.1#101|Streptomyces_canus	804	+	-	63	27412	28215	8629446	8630249	pseudogene_101.9*#101	NZ_JAUSYQ010000002.1	GCF_030816965.1
WP_307080386.1#101|Streptomyces_canus	309	+	+	63	28487	28795	8630521	8630829	pseudogene_101.2*#101	NZ_JAUSYQ010000002.1	GCF_030816965.1
WP_307080386.1#101|Streptomyces_canus	387	+	-	40	28701	29087	8630735	8631121	WP_373432466.1#101	NZ_JAUSYQ010000002.1	GCF_030816965.1



WP_307080386.1#102|Streptomyces_canus	3705	+	+	64	-5169	-1465	8596865	8600569	WP_307080379.1#102	NZ_JAUSYQ010000002.1	GCF_030816965.1
WP_307080386.1#102|Streptomyces_canus	513	+	+	1	-1468	-956	8600566	8601078	WP_307080380.1#102	NZ_JAUSYQ010000002.1	GCF_030816965.1
WP_307080386.1#102|Streptomyces_canus	354	+	+	2	-963	-610	8601071	8601424	WP_307080382.1#102	NZ_JAUSYQ010000002.1	GCF_030816965.1
WP_307080386.1#102|Streptomyces_canus	288	+	+	38	-294	-7	8601740	8602027	WP_307080384.1#102	NZ_JAUSYQ010000002.1	GCF_030816965.1
WP_307080386.1#102|Streptomyces_canus	25968	+	+	61	1	25968	8602035	8628002	WP_307080386.1#102	NZ_JAUSYQ010000002.1	GCF_030816965.1
WP_307080386.1#102|Streptomyces_canus	915	+	+	5	26320	27234	8628354	8629268	WP_307080388.1#102	NZ_JAUSYQ010000002.1	GCF_030816965.1
WP_307080386.1#102|Streptomyces_canus	309	+	-	63	28487	28795	8630521	8630829	pseudogene_102.4*#102	NZ_JAUSYQ010000002.1	GCF_030816965.1
WP_307080386.1#102|Streptomyces_canus	309	+	+	63	28487	28795	8630521	8630829	pseudogene_102.4*#102	NZ_JAUSYQ010000002.1	GCF_030816965.1
WP_307080386.1#102|Streptomyces_canus	387	+	-	40	28701	29087	8630735	8631121	WP_373432466.1#102	NZ_JAUSYQ010000002.1	GCF_030816965.1



WP_307080386.1#100|Streptomyces_canus	3705	+	+	64	-5169	-1465	8596865	8600569	WP_307080379.1#100	NZ_JAUSYQ010000002.1	GCF_030816965.1
WP_307080386.1#100|Streptomyces_canus	513	+	+	1	-1468	-956	8600566	8601078	WP_307080380.1#100	NZ_JAUSYQ010000002.1	GCF_030816965.1
WP_307080386.1#100|Streptomyces_canus	354	+	+	2	-963	-610	8601071	8601424	WP_307080382.1#100	NZ_JAUSYQ010000002.1	GCF_030816965.1
WP_307080386.1#100|Streptomyces_canus	288	+	+	38	-294	-7	8601740	8602027	WP_307080384.1#100	NZ_JAUSYQ010000002.1	GCF_030816965.1
WP_307080386.1#100|Streptomyces_canus	25968	+	+	61	1	25968	8602035	8628002	WP_307080386.1#100	NZ_JAUSYQ010000002.1	GCF_030816965.1
WP_307080386.1#100|Streptomyces_canus	915	+	+	5	26320	27234	8628354	8629268	WP_307080388.1#100	NZ_JAUSYQ010000002.1	GCF_030816965.1
WP_307080386.1#100|Streptomyces_canus	804	+	-	63	27412	28215	8629446	8630249	pseudogene_100.9*#100	NZ_JAUSYQ010000002.1	GCF_030816965.1
WP_307080386.1#100|Streptomyces_canus	309	+	+	63	28487	28795	8630521	8630829	pseudogene_100.0*#100	NZ_JAUSYQ010000002.1	GCF_030816965.1
WP_307080386.1#100|Streptomyces_canus	387	+	-	40	28701	29087	8630735	8631121	WP_373432466.1#100	NZ_JAUSYQ010000002.1	GCF_030816965.1



WP_190149424.1#18|Streptomyces_humidus	462	+	+	4	-4454	-3993	144988	145449	WP_190149421.1#18	NZ_BMTL01000009.1	GCF_014649655.1
WP_190149424.1#18|Streptomyces_humidus	3090	+	+	3	-3959	-870	145483	148572	WP_190149422.1#18	NZ_BMTL01000009.1	GCF_014649655.1
WP_190149424.1#18|Streptomyces_humidus	501	+	+	1	-855	-355	148587	149087	WP_190149507.1#18	NZ_BMTL01000009.1	GCF_014649655.1
WP_190149424.1#18|Streptomyces_humidus	357	+	+	2	-362	-6	149080	149436	WP_190149423.1#18	NZ_BMTL01000009.1	GCF_014649655.1
WP_190149424.1#18|Streptomyces_humidus	22887	+	+	61	1	22887	149443	172329	WP_190149424.1#18	NZ_BMTL01000009.1	GCF_014649655.1
WP_190149424.1#18|Streptomyces_humidus	1206	+	+	5	22983	24188	172425	173630	WP_190149425.1#18	NZ_BMTL01000009.1	GCF_014649655.1
WP_190149424.1#18|Streptomyces_humidus	459	+	-	15	24319	24777	173761	174219	WP_190149426.1#18	NZ_BMTL01000009.1	GCF_014649655.1
WP_190149424.1#18|Streptomyces_humidus	1557	+	-	10	24905	26461	174347	175903	WP_190149427.1#18	NZ_BMTL01000009.1	GCF_014649655.1
WP_190149424.1#18|Streptomyces_humidus	1401	+	-	19	26495	27895	175937	177337	WP_190149428.1#18	NZ_BMTL01000009.1	GCF_014649655.1



WP_190149424.1#17|Streptomyces_humidus	462	+	+	4	-4454	-3993	11687	12148	WP_190149421.1#17	NZ_JBEPEA010000015.1	GCF_040300625.1
WP_190149424.1#17|Streptomyces_humidus	3090	+	+	3	-3959	-870	12182	15271	WP_190149422.1#17	NZ_JBEPEA010000015.1	GCF_040300625.1
WP_190149424.1#17|Streptomyces_humidus	501	+	+	1	-855	-355	15286	15786	WP_190149507.1#17	NZ_JBEPEA010000015.1	GCF_040300625.1
WP_190149424.1#17|Streptomyces_humidus	357	+	+	2	-362	-6	15779	16135	WP_190149423.1#17	NZ_JBEPEA010000015.1	GCF_040300625.1
WP_190149424.1#17|Streptomyces_humidus	22887	+	+	61	1	22887	16142	39028	WP_190149424.1#17	NZ_JBEPEA010000015.1	GCF_040300625.1
WP_190149424.1#17|Streptomyces_humidus	1206	+	+	5	22983	24188	39124	40329	WP_190149425.1#17	NZ_JBEPEA010000015.1	GCF_040300625.1
WP_190149424.1#17|Streptomyces_humidus	459	+	-	15	24319	24777	40460	40918	WP_190149426.1#17	NZ_JBEPEA010000015.1	GCF_040300625.1
WP_190149424.1#17|Streptomyces_humidus	1557	+	-	10	24905	26461	41046	42602	WP_190149427.1#17	NZ_JBEPEA010000015.1	GCF_040300625.1
WP_190149424.1#17|Streptomyces_humidus	1401	+	-	19	26495	27895	42636	44036	WP_190149428.1#17	NZ_JBEPEA010000015.1	GCF_040300625.1



WP_190149424.1#16|Streptomyces_humidus	462	+	+	4	-4454	-3993	11687	12148	WP_190149421.1#16	NZ_JBEPEA010000015.1	GCF_040300625.1
WP_190149424.1#16|Streptomyces_humidus	3090	+	+	3	-3959	-870	12182	15271	WP_190149422.1#16	NZ_JBEPEA010000015.1	GCF_040300625.1
WP_190149424.1#16|Streptomyces_humidus	501	+	+	1	-855	-355	15286	15786	WP_190149507.1#16	NZ_JBEPEA010000015.1	GCF_040300625.1
WP_190149424.1#16|Streptomyces_humidus	357	+	+	2	-362	-6	15779	16135	WP_190149423.1#16	NZ_JBEPEA010000015.1	GCF_040300625.1
WP_190149424.1#16|Streptomyces_humidus	22887	+	+	61	1	22887	16142	39028	WP_190149424.1#16	NZ_JBEPEA010000015.1	GCF_040300625.1
WP_190149424.1#16|Streptomyces_humidus	1206	+	+	5	22983	24188	39124	40329	WP_190149425.1#16	NZ_JBEPEA010000015.1	GCF_040300625.1
WP_190149424.1#16|Streptomyces_humidus	459	+	-	15	24319	24777	40460	40918	WP_190149426.1#16	NZ_JBEPEA010000015.1	GCF_040300625.1
WP_190149424.1#16|Streptomyces_humidus	1557	+	-	10	24905	26461	41046	42602	WP_190149427.1#16	NZ_JBEPEA010000015.1	GCF_040300625.1
WP_190149424.1#16|Streptomyces_humidus	1401	+	-	19	26495	27895	42636	44036	WP_190149428.1#16	NZ_JBEPEA010000015.1	GCF_040300625.1



WP_190149424.1#19|Streptomyces_humidus	462	+	+	4	-4454	-3993	144988	145449	WP_190149421.1#19	NZ_BMTL01000009.1	GCF_014649655.1
WP_190149424.1#19|Streptomyces_humidus	3090	+	+	3	-3959	-870	145483	148572	WP_190149422.1#19	NZ_BMTL01000009.1	GCF_014649655.1
WP_190149424.1#19|Streptomyces_humidus	501	+	+	1	-855	-355	148587	149087	WP_190149507.1#19	NZ_BMTL01000009.1	GCF_014649655.1
WP_190149424.1#19|Streptomyces_humidus	357	+	+	2	-362	-6	149080	149436	WP_190149423.1#19	NZ_BMTL01000009.1	GCF_014649655.1
WP_190149424.1#19|Streptomyces_humidus	22887	+	+	61	1	22887	149443	172329	WP_190149424.1#19	NZ_BMTL01000009.1	GCF_014649655.1
WP_190149424.1#19|Streptomyces_humidus	1206	+	+	5	22983	24188	172425	173630	WP_190149425.1#19	NZ_BMTL01000009.1	GCF_014649655.1
WP_190149424.1#19|Streptomyces_humidus	459	+	-	15	24319	24777	173761	174219	WP_190149426.1#19	NZ_BMTL01000009.1	GCF_014649655.1
WP_190149424.1#19|Streptomyces_humidus	1557	+	-	10	24905	26461	174347	175903	WP_190149427.1#19	NZ_BMTL01000009.1	GCF_014649655.1
WP_190149424.1#19|Streptomyces_humidus	1401	+	-	19	26495	27895	175937	177337	WP_190149428.1#19	NZ_BMTL01000009.1	GCF_014649655.1



WP_319305835.1#105|Streptomyces_scabiei	10415	-	+	61	1	10415	1	10415	WP_319305835.1#105	not_found	not_found	not_found



WP_319305835.1#106|Streptomyces_scabiei	10415	-	+	61	1	10415	1	10415	WP_319305835.1#106	not_found	not_found	not_found



WP_324787470.1#112|Streptomyces_sp__H51	471	-	+	4	-4525	-4055	202059	202529	WP_324787473.1#112	NZ_JAYMHD010000061.1	GCF_035656535.1
WP_324787470.1#112|Streptomyces_sp__H51	3075	-	+	3	-4023	-949	198953	202027	WP_324787472.1#112	NZ_JAYMHD010000061.1	GCF_035656535.1
WP_324787470.1#112|Streptomyces_sp__H51	426	-	+	1	-790	-365	198369	198794	WP_324787560.1#112	NZ_JAYMHD010000061.1	GCF_035656535.1
WP_324787470.1#112|Streptomyces_sp__H51	354	-	+	2	-372	-19	198023	198376	WP_324787471.1#112	NZ_JAYMHD010000061.1	GCF_035656535.1
WP_324787470.1#112|Streptomyces_sp__H51	22182	-	+	61	1	22182	175822	198003	WP_324787470.1#112	NZ_JAYMHD010000061.1	GCF_035656535.1
WP_324787470.1#112|Streptomyces_sp__H51	1161	-	+	5	22326	23486	174518	175678	WP_324787469.1#112	NZ_JAYMHD010000061.1	GCF_035656535.1
WP_324787470.1#112|Streptomyces_sp__H51	1260	-	+	27	23545	24804	173200	174459	WP_324787468.1#112	NZ_JAYMHD010000061.1	GCF_035656535.1
WP_324787470.1#112|Streptomyces_sp__H51	483	-	-	15	24934	25416	172588	173070	WP_324787467.1#112	NZ_JAYMHD010000061.1	GCF_035656535.1
WP_324787470.1#112|Streptomyces_sp__H51	1515	-	-	10	25688	27202	170802	172316	WP_324787466.1#112	NZ_JAYMHD010000061.1	GCF_035656535.1



WP_324787470.1#111|Streptomyces_sp__H51	471	-	+	4	-4525	-4055	202059	202529	WP_324787473.1#111	NZ_JAYMHD010000061.1	GCF_035656535.1
WP_324787470.1#111|Streptomyces_sp__H51	3075	-	+	3	-4023	-949	198953	202027	WP_324787472.1#111	NZ_JAYMHD010000061.1	GCF_035656535.1
WP_324787470.1#111|Streptomyces_sp__H51	426	-	+	1	-790	-365	198369	198794	WP_324787560.1#111	NZ_JAYMHD010000061.1	GCF_035656535.1
WP_324787470.1#111|Streptomyces_sp__H51	354	-	+	2	-372	-19	198023	198376	WP_324787471.1#111	NZ_JAYMHD010000061.1	GCF_035656535.1
WP_324787470.1#111|Streptomyces_sp__H51	22182	-	+	61	1	22182	175822	198003	WP_324787470.1#111	NZ_JAYMHD010000061.1	GCF_035656535.1
WP_324787470.1#111|Streptomyces_sp__H51	1161	-	+	5	22326	23486	174518	175678	WP_324787469.1#111	NZ_JAYMHD010000061.1	GCF_035656535.1
WP_324787470.1#111|Streptomyces_sp__H51	1260	-	+	27	23545	24804	173200	174459	WP_324787468.1#111	NZ_JAYMHD010000061.1	GCF_035656535.1
WP_324787470.1#111|Streptomyces_sp__H51	483	-	-	15	24934	25416	172588	173070	WP_324787467.1#111	NZ_JAYMHD010000061.1	GCF_035656535.1
WP_324787470.1#111|Streptomyces_sp__H51	1515	-	-	10	25688	27202	170802	172316	WP_324787466.1#111	NZ_JAYMHD010000061.1	GCF_035656535.1



WP_324787470.1#113|Streptomyces_sp__H51	471	-	+	4	-4525	-4055	202059	202529	WP_324787473.1#113	NZ_JAYMHD010000061.1	GCF_035656535.1
WP_324787470.1#113|Streptomyces_sp__H51	3075	-	+	3	-4023	-949	198953	202027	WP_324787472.1#113	NZ_JAYMHD010000061.1	GCF_035656535.1
WP_324787470.1#113|Streptomyces_sp__H51	426	-	+	1	-790	-365	198369	198794	WP_324787560.1#113	NZ_JAYMHD010000061.1	GCF_035656535.1
WP_324787470.1#113|Streptomyces_sp__H51	354	-	+	2	-372	-19	198023	198376	WP_324787471.1#113	NZ_JAYMHD010000061.1	GCF_035656535.1
WP_324787470.1#113|Streptomyces_sp__H51	22182	-	+	61	1	22182	175822	198003	WP_324787470.1#113	NZ_JAYMHD010000061.1	GCF_035656535.1
WP_324787470.1#113|Streptomyces_sp__H51	1161	-	+	5	22326	23486	174518	175678	WP_324787469.1#113	NZ_JAYMHD010000061.1	GCF_035656535.1
WP_324787470.1#113|Streptomyces_sp__H51	1260	-	+	27	23545	24804	173200	174459	WP_324787468.1#113	NZ_JAYMHD010000061.1	GCF_035656535.1
WP_324787470.1#113|Streptomyces_sp__H51	483	-	-	15	24934	25416	172588	173070	WP_324787467.1#113	NZ_JAYMHD010000061.1	GCF_035656535.1
WP_324787470.1#113|Streptomyces_sp__H51	1515	-	-	10	25688	27202	170802	172316	WP_324787466.1#113	NZ_JAYMHD010000061.1	GCF_035656535.1



WP_324787470.1#110|Streptomyces_sp__H51	471	-	+	4	-4525	-4055	202059	202529	WP_324787473.1#110	NZ_JAYMHD010000061.1	GCF_035656535.1
WP_324787470.1#110|Streptomyces_sp__H51	3075	-	+	3	-4023	-949	198953	202027	WP_324787472.1#110	NZ_JAYMHD010000061.1	GCF_035656535.1
WP_324787470.1#110|Streptomyces_sp__H51	426	-	+	1	-790	-365	198369	198794	WP_324787560.1#110	NZ_JAYMHD010000061.1	GCF_035656535.1
WP_324787470.1#110|Streptomyces_sp__H51	354	-	+	2	-372	-19	198023	198376	WP_324787471.1#110	NZ_JAYMHD010000061.1	GCF_035656535.1
WP_324787470.1#110|Streptomyces_sp__H51	22182	-	+	61	1	22182	175822	198003	WP_324787470.1#110	NZ_JAYMHD010000061.1	GCF_035656535.1
WP_324787470.1#110|Streptomyces_sp__H51	1161	-	+	5	22326	23486	174518	175678	WP_324787469.1#110	NZ_JAYMHD010000061.1	GCF_035656535.1
WP_324787470.1#110|Streptomyces_sp__H51	1260	-	+	27	23545	24804	173200	174459	WP_324787468.1#110	NZ_JAYMHD010000061.1	GCF_035656535.1
WP_324787470.1#110|Streptomyces_sp__H51	483	-	-	15	24934	25416	172588	173070	WP_324787467.1#110	NZ_JAYMHD010000061.1	GCF_035656535.1
WP_324787470.1#110|Streptomyces_sp__H51	1515	-	-	10	25688	27202	170802	172316	WP_324787466.1#110	NZ_JAYMHD010000061.1	GCF_035656535.1



WP_034087234.1#66|Streptacidiphilus_albus	444	+	+	4	-3612	-3169	17570	18013	WP_034087237.1#66	NZ_BBPL01000048.1	GCF_000787755.1
WP_034087234.1#66|Streptacidiphilus_albus	2076	+	+	3	-3064	-989	18118	20193	WP_152646174.1#66	NZ_BBPL01000048.1	GCF_000787755.1
WP_034087234.1#66|Streptacidiphilus_albus	468	+	+	1	-836	-369	20346	20813	WP_052069164.1#66	NZ_BBPL01000048.1	GCF_000787755.1
WP_034087234.1#66|Streptacidiphilus_albus	309	+	+	2	-376	-68	20806	21114	WP_034087235.1#66	NZ_BBPL01000048.1	GCF_000787755.1
WP_034087234.1#66|Streptacidiphilus_albus	40791	+	+	61	1	40791	21183	61973	WP_034087234.1#66	NZ_BBPL01000048.1	GCF_000787755.1
WP_034087234.1#66|Streptacidiphilus_albus	438	+	+	13	40788	41225	61970	62407	WP_152646175.1#66	NZ_BBPL01000048.1	GCF_000787755.1
WP_034087234.1#66|Streptacidiphilus_albus	441	+	+	9	41290	41730	62472	62912	WP_042439992.1#66	NZ_BBPL01000048.1	GCF_000787755.1
WP_034087234.1#66|Streptacidiphilus_albus	843	+	+	12	41802	42644	62984	63826	WP_034092381.1#66	NZ_BBPL01000048.1	GCF_000787755.1



WP_034087234.1#63|Streptacidiphilus_albus_JL83	444	-	+	4	-3612	-3169	980033	980476	WP_034087237.1#63	NZ_JQML01000001.1	GCF_000744705.1
WP_034087234.1#63|Streptacidiphilus_albus_JL83	2076	-	+	3	-3064	-989	977853	979928	WP_152646174.1#63	NZ_JQML01000001.1	GCF_000744705.1
WP_034087234.1#63|Streptacidiphilus_albus_JL83	468	-	+	1	-836	-369	977233	977700	WP_052069164.1#63	NZ_JQML01000001.1	GCF_000744705.1
WP_034087234.1#63|Streptacidiphilus_albus_JL83	309	-	+	2	-376	-68	976932	977240	WP_034087235.1#63	NZ_JQML01000001.1	GCF_000744705.1
WP_034087234.1#63|Streptacidiphilus_albus_JL83	40791	-	+	61	1	40791	936073	976863	WP_034087234.1#63	NZ_JQML01000001.1	GCF_000744705.1
WP_034087234.1#63|Streptacidiphilus_albus_JL83	438	-	+	13	40788	41225	935639	936076	WP_152646175.1#63	NZ_JQML01000001.1	GCF_000744705.1
WP_034087234.1#63|Streptacidiphilus_albus_JL83	441	-	+	9	41290	41730	935134	935574	WP_042439992.1#63	NZ_JQML01000001.1	GCF_000744705.1
WP_034087234.1#63|Streptacidiphilus_albus_JL83	843	-	+	12	41802	42644	934220	935062	WP_034092381.1#63	NZ_JQML01000001.1	GCF_000744705.1
WP_034087234.1#63|Streptacidiphilus_albus_JL83	1584	-	+	5	42789	44372	932492	934075	WP_052069163.1#63	NZ_JQML01000001.1	GCF_000744705.1



WP_034087234.1#68|Streptacidiphilus_albus_JL83	444	-	+	4	-3612	-3169	980033	980476	WP_034087237.1#68	NZ_JQML01000001.1	GCF_000744705.1
WP_034087234.1#68|Streptacidiphilus_albus_JL83	2076	-	+	3	-3064	-989	977853	979928	WP_152646174.1#68	NZ_JQML01000001.1	GCF_000744705.1
WP_034087234.1#68|Streptacidiphilus_albus_JL83	468	-	+	1	-836	-369	977233	977700	WP_052069164.1#68	NZ_JQML01000001.1	GCF_000744705.1
WP_034087234.1#68|Streptacidiphilus_albus_JL83	309	-	+	2	-376	-68	976932	977240	WP_034087235.1#68	NZ_JQML01000001.1	GCF_000744705.1
WP_034087234.1#68|Streptacidiphilus_albus_JL83	40791	-	+	61	1	40791	936073	976863	WP_034087234.1#68	NZ_JQML01000001.1	GCF_000744705.1
WP_034087234.1#68|Streptacidiphilus_albus_JL83	438	-	+	13	40788	41225	935639	936076	WP_152646175.1#68	NZ_JQML01000001.1	GCF_000744705.1
WP_034087234.1#68|Streptacidiphilus_albus_JL83	441	-	+	9	41290	41730	935134	935574	WP_042439992.1#68	NZ_JQML01000001.1	GCF_000744705.1
WP_034087234.1#68|Streptacidiphilus_albus_JL83	843	-	+	12	41802	42644	934220	935062	WP_034092381.1#68	NZ_JQML01000001.1	GCF_000744705.1
WP_034087234.1#68|Streptacidiphilus_albus_JL83	1584	-	+	5	42789	44372	932492	934075	WP_052069163.1#68	NZ_JQML01000001.1	GCF_000744705.1



WP_034087234.1#64|Streptacidiphilus_albus_JL83	444	-	+	4	-3612	-3169	980033	980476	WP_034087237.1#64	NZ_JQML01000001.1	GCF_000744705.1
WP_034087234.1#64|Streptacidiphilus_albus_JL83	2076	-	+	3	-3064	-989	977853	979928	WP_152646174.1#64	NZ_JQML01000001.1	GCF_000744705.1
WP_034087234.1#64|Streptacidiphilus_albus_JL83	468	-	+	1	-836	-369	977233	977700	WP_052069164.1#64	NZ_JQML01000001.1	GCF_000744705.1
WP_034087234.1#64|Streptacidiphilus_albus_JL83	309	-	+	2	-376	-68	976932	977240	WP_034087235.1#64	NZ_JQML01000001.1	GCF_000744705.1
WP_034087234.1#64|Streptacidiphilus_albus_JL83	40791	-	+	61	1	40791	936073	976863	WP_034087234.1#64	NZ_JQML01000001.1	GCF_000744705.1
WP_034087234.1#64|Streptacidiphilus_albus_JL83	438	-	+	13	40788	41225	935639	936076	WP_152646175.1#64	NZ_JQML01000001.1	GCF_000744705.1
WP_034087234.1#64|Streptacidiphilus_albus_JL83	441	-	+	9	41290	41730	935134	935574	WP_042439992.1#64	NZ_JQML01000001.1	GCF_000744705.1
WP_034087234.1#64|Streptacidiphilus_albus_JL83	843	-	+	12	41802	42644	934220	935062	WP_034092381.1#64	NZ_JQML01000001.1	GCF_000744705.1
WP_034087234.1#64|Streptacidiphilus_albus_JL83	1584	-	+	5	42789	44372	932492	934075	WP_052069163.1#64	NZ_JQML01000001.1	GCF_000744705.1



WP_034087234.1#62|Streptacidiphilus_albus_JL83	444	-	+	4	-3612	-3169	980033	980476	WP_034087237.1#62	NZ_JQML01000001.1	GCF_000744705.1
WP_034087234.1#62|Streptacidiphilus_albus_JL83	2076	-	+	3	-3064	-989	977853	979928	WP_152646174.1#62	NZ_JQML01000001.1	GCF_000744705.1
WP_034087234.1#62|Streptacidiphilus_albus_JL83	468	-	+	1	-836	-369	977233	977700	WP_052069164.1#62	NZ_JQML01000001.1	GCF_000744705.1
WP_034087234.1#62|Streptacidiphilus_albus_JL83	309	-	+	2	-376	-68	976932	977240	WP_034087235.1#62	NZ_JQML01000001.1	GCF_000744705.1
WP_034087234.1#62|Streptacidiphilus_albus_JL83	40791	-	+	61	1	40791	936073	976863	WP_034087234.1#62	NZ_JQML01000001.1	GCF_000744705.1
WP_034087234.1#62|Streptacidiphilus_albus_JL83	438	-	+	13	40788	41225	935639	936076	WP_152646175.1#62	NZ_JQML01000001.1	GCF_000744705.1
WP_034087234.1#62|Streptacidiphilus_albus_JL83	441	-	+	9	41290	41730	935134	935574	WP_042439992.1#62	NZ_JQML01000001.1	GCF_000744705.1
WP_034087234.1#62|Streptacidiphilus_albus_JL83	843	-	+	12	41802	42644	934220	935062	WP_034092381.1#62	NZ_JQML01000001.1	GCF_000744705.1
WP_034087234.1#62|Streptacidiphilus_albus_JL83	1584	-	+	5	42789	44372	932492	934075	WP_052069163.1#62	NZ_JQML01000001.1	GCF_000744705.1



WP_034087234.1#65|Streptacidiphilus_albus_JL83	444	-	+	4	-3612	-3169	980033	980476	WP_034087237.1#65	NZ_JQML01000001.1	GCF_000744705.1
WP_034087234.1#65|Streptacidiphilus_albus_JL83	2076	-	+	3	-3064	-989	977853	979928	WP_152646174.1#65	NZ_JQML01000001.1	GCF_000744705.1
WP_034087234.1#65|Streptacidiphilus_albus_JL83	468	-	+	1	-836	-369	977233	977700	WP_052069164.1#65	NZ_JQML01000001.1	GCF_000744705.1
WP_034087234.1#65|Streptacidiphilus_albus_JL83	309	-	+	2	-376	-68	976932	977240	WP_034087235.1#65	NZ_JQML01000001.1	GCF_000744705.1
WP_034087234.1#65|Streptacidiphilus_albus_JL83	40791	-	+	61	1	40791	936073	976863	WP_034087234.1#65	NZ_JQML01000001.1	GCF_000744705.1
WP_034087234.1#65|Streptacidiphilus_albus_JL83	438	-	+	13	40788	41225	935639	936076	WP_152646175.1#65	NZ_JQML01000001.1	GCF_000744705.1
WP_034087234.1#65|Streptacidiphilus_albus_JL83	441	-	+	9	41290	41730	935134	935574	WP_042439992.1#65	NZ_JQML01000001.1	GCF_000744705.1
WP_034087234.1#65|Streptacidiphilus_albus_JL83	843	-	+	12	41802	42644	934220	935062	WP_034092381.1#65	NZ_JQML01000001.1	GCF_000744705.1
WP_034087234.1#65|Streptacidiphilus_albus_JL83	1584	-	+	5	42789	44372	932492	934075	WP_052069163.1#65	NZ_JQML01000001.1	GCF_000744705.1



WP_034087234.1#67|Streptacidiphilus_albus	444	+	+	4	-3612	-3169	17570	18013	WP_034087237.1#67	NZ_BBPL01000048.1	GCF_000787755.1
WP_034087234.1#67|Streptacidiphilus_albus	2076	+	+	3	-3064	-989	18118	20193	WP_152646174.1#67	NZ_BBPL01000048.1	GCF_000787755.1
WP_034087234.1#67|Streptacidiphilus_albus	468	+	+	1	-836	-369	20346	20813	WP_052069164.1#67	NZ_BBPL01000048.1	GCF_000787755.1
WP_034087234.1#67|Streptacidiphilus_albus	309	+	+	2	-376	-68	20806	21114	WP_034087235.1#67	NZ_BBPL01000048.1	GCF_000787755.1
WP_034087234.1#67|Streptacidiphilus_albus	40791	+	+	61	1	40791	21183	61973	WP_034087234.1#67	NZ_BBPL01000048.1	GCF_000787755.1
WP_034087234.1#67|Streptacidiphilus_albus	438	+	+	13	40788	41225	61970	62407	WP_152646175.1#67	NZ_BBPL01000048.1	GCF_000787755.1
WP_034087234.1#67|Streptacidiphilus_albus	441	+	+	9	41290	41730	62472	62912	WP_042439992.1#67	NZ_BBPL01000048.1	GCF_000787755.1
WP_034087234.1#67|Streptacidiphilus_albus	843	+	+	12	41802	42644	62984	63826	WP_034092381.1#67	NZ_BBPL01000048.1	GCF_000787755.1



WP_034087234.1#60|Streptacidiphilus_albus	444	+	+	4	-3612	-3169	17570	18013	WP_034087237.1#60	NZ_BBPL01000048.1	GCF_000787755.1
WP_034087234.1#60|Streptacidiphilus_albus	2076	+	+	3	-3064	-989	18118	20193	WP_152646174.1#60	NZ_BBPL01000048.1	GCF_000787755.1
WP_034087234.1#60|Streptacidiphilus_albus	468	+	+	1	-836	-369	20346	20813	WP_052069164.1#60	NZ_BBPL01000048.1	GCF_000787755.1
WP_034087234.1#60|Streptacidiphilus_albus	309	+	+	2	-376	-68	20806	21114	WP_034087235.1#60	NZ_BBPL01000048.1	GCF_000787755.1
WP_034087234.1#60|Streptacidiphilus_albus	40791	+	+	61	1	40791	21183	61973	WP_034087234.1#60	NZ_BBPL01000048.1	GCF_000787755.1
WP_034087234.1#60|Streptacidiphilus_albus	438	+	+	13	40788	41225	61970	62407	WP_152646175.1#60	NZ_BBPL01000048.1	GCF_000787755.1
WP_034087234.1#60|Streptacidiphilus_albus	441	+	+	9	41290	41730	62472	62912	WP_042439992.1#60	NZ_BBPL01000048.1	GCF_000787755.1
WP_034087234.1#60|Streptacidiphilus_albus	843	+	+	12	41802	42644	62984	63826	WP_034092381.1#60	NZ_BBPL01000048.1	GCF_000787755.1



WP_034087234.1#61|Streptacidiphilus_albus	444	+	+	4	-3612	-3169	17570	18013	WP_034087237.1#61	NZ_BBPL01000048.1	GCF_000787755.1
WP_034087234.1#61|Streptacidiphilus_albus	2076	+	+	3	-3064	-989	18118	20193	WP_152646174.1#61	NZ_BBPL01000048.1	GCF_000787755.1
WP_034087234.1#61|Streptacidiphilus_albus	468	+	+	1	-836	-369	20346	20813	WP_052069164.1#61	NZ_BBPL01000048.1	GCF_000787755.1
WP_034087234.1#61|Streptacidiphilus_albus	309	+	+	2	-376	-68	20806	21114	WP_034087235.1#61	NZ_BBPL01000048.1	GCF_000787755.1
WP_034087234.1#61|Streptacidiphilus_albus	40791	+	+	61	1	40791	21183	61973	WP_034087234.1#61	NZ_BBPL01000048.1	GCF_000787755.1
WP_034087234.1#61|Streptacidiphilus_albus	438	+	+	13	40788	41225	61970	62407	WP_152646175.1#61	NZ_BBPL01000048.1	GCF_000787755.1
WP_034087234.1#61|Streptacidiphilus_albus	441	+	+	9	41290	41730	62472	62912	WP_042439992.1#61	NZ_BBPL01000048.1	GCF_000787755.1
WP_034087234.1#61|Streptacidiphilus_albus	843	+	+	12	41802	42644	62984	63826	WP_034092381.1#61	NZ_BBPL01000048.1	GCF_000787755.1



WP_014140024.1#56|Kitasatospora_setae_KM_6054	468	+	+	4	-3493	-3026	7850162	7850629	WP_014140020.1#56	NC_016109.1	GCF_000269985.1
WP_014140024.1#56|Kitasatospora_setae_KM_6054	2007	+	+	3	-2903	-897	7850752	7852758	WP_014140021.1#56	NC_016109.1	GCF_000269985.1
WP_014140024.1#56|Kitasatospora_setae_KM_6054	441	+	+	1	-854	-414	7852801	7853241	WP_014140022.1#56	NC_016109.1	GCF_000269985.1
WP_014140024.1#56|Kitasatospora_setae_KM_6054	318	+	+	2	-421	-104	7853234	7853551	WP_014140023.1#56	NC_016109.1	GCF_000269985.1
WP_014140024.1#56|Kitasatospora_setae_KM_6054	11187	+	+	61	1	11187	7853656	7864842	WP_014140024.1#56	NC_016109.1	GCF_000269985.1
WP_014140024.1#56|Kitasatospora_setae_KM_6054	1494	+	+	5	11313	12806	7864968	7866461	WP_014140025.1#56	NC_016109.1	GCF_000269985.1
WP_014140024.1#56|Kitasatospora_setae_KM_6054	3375	+	+	6	12922	16296	7866577	7869951	WP_014140026.1#56	NC_016109.1	GCF_000269985.1
WP_014140024.1#56|Kitasatospora_setae_KM_6054	1251	+	+	7	16293	17543	7869948	7871198	WP_014140027.1#56	NC_016109.1	GCF_000269985.1
WP_014140024.1#56|Kitasatospora_setae_KM_6054	678	+	+	8	17715	18392	7871370	7872047	WP_014140028.1#56	NC_016109.1	GCF_000269985.1



WP_014140024.1#55|Kitasatospora_setae_KM_6054	468	+	+	4	-3493	-3026	7850162	7850629	WP_014140020.1#55	NC_016109.1	GCF_000269985.1
WP_014140024.1#55|Kitasatospora_setae_KM_6054	2007	+	+	3	-2903	-897	7850752	7852758	WP_014140021.1#55	NC_016109.1	GCF_000269985.1
WP_014140024.1#55|Kitasatospora_setae_KM_6054	441	+	+	1	-854	-414	7852801	7853241	WP_014140022.1#55	NC_016109.1	GCF_000269985.1
WP_014140024.1#55|Kitasatospora_setae_KM_6054	318	+	+	2	-421	-104	7853234	7853551	WP_014140023.1#55	NC_016109.1	GCF_000269985.1
WP_014140024.1#55|Kitasatospora_setae_KM_6054	11187	+	+	61	1	11187	7853656	7864842	WP_014140024.1#55	NC_016109.1	GCF_000269985.1
WP_014140024.1#55|Kitasatospora_setae_KM_6054	1494	+	+	5	11313	12806	7864968	7866461	WP_014140025.1#55	NC_016109.1	GCF_000269985.1
WP_014140024.1#55|Kitasatospora_setae_KM_6054	3375	+	+	6	12922	16296	7866577	7869951	WP_014140026.1#55	NC_016109.1	GCF_000269985.1
WP_014140024.1#55|Kitasatospora_setae_KM_6054	1251	+	+	7	16293	17543	7869948	7871198	WP_014140027.1#55	NC_016109.1	GCF_000269985.1
WP_014140024.1#55|Kitasatospora_setae_KM_6054	678	+	+	8	17715	18392	7871370	7872047	WP_014140028.1#55	NC_016109.1	GCF_000269985.1



WP_199823186.1#22|Kitasatospora_sp__MY_5_36	5445	+	+	61	1	5445	46	5490	WP_199823186.1#22	not_found	not_found	not_found



WP_074004749.1#85|Streptomyces_sp__CB02056	636	+	-	18	-5899	-5264	168231	168866	WP_074004746.1#85	NZ_LIPD01000011.1	GCF_001905545.1
WP_074004749.1#85|Streptomyces_sp__CB02056	303	+	+	16	-5023	-4721	169107	169409	WP_049655551.1#85	NZ_LIPD01000011.1	GCF_001905545.1
WP_074004749.1#85|Streptomyces_sp__CB02056	498	+	+	17	-4721	-4224	169409	169906	WP_074004747.1#85	NZ_LIPD01000011.1	GCF_001905545.1
WP_074004749.1#85|Streptomyces_sp__CB02056	4029	+	+	20	-4132	-104	169998	174026	WP_074004748.1#85	NZ_LIPD01000011.1	GCF_001905545.1
WP_074004749.1#85|Streptomyces_sp__CB02056	27579	+	+	61	1	27579	174131	201709	WP_074004749.1#85	NZ_LIPD01000011.1	GCF_001905545.1
WP_074004749.1#85|Streptomyces_sp__CB02056	702	+	-	14	28114	28815	202244	202945	WP_049659142.1#85	NZ_LIPD01000011.1	GCF_001905545.1
WP_074004749.1#85|Streptomyces_sp__CB02056	1095	+	-	23	28787	29881	202917	204011	WP_158077755.1#85	NZ_LIPD01000011.1	GCF_001905545.1
WP_074004749.1#85|Streptomyces_sp__CB02056	1770	+	+	28	30435	32204	204565	206334	WP_443333956.1#85	NZ_LIPD01000011.1	GCF_001905545.1
WP_074004749.1#85|Streptomyces_sp__CB02056	2748	+	+	14	32378	35125	206508	209255	WP_074004752.1#85	NZ_LIPD01000011.1	GCF_001905545.1



WP_074004749.1#83|Streptomyces_sp__CB02056	636	+	-	18	-5899	-5264	168231	168866	WP_074004746.1#83	NZ_LIPD01000011.1	GCF_001905545.1
WP_074004749.1#83|Streptomyces_sp__CB02056	303	+	+	16	-5023	-4721	169107	169409	WP_049655551.1#83	NZ_LIPD01000011.1	GCF_001905545.1
WP_074004749.1#83|Streptomyces_sp__CB02056	498	+	+	17	-4721	-4224	169409	169906	WP_074004747.1#83	NZ_LIPD01000011.1	GCF_001905545.1
WP_074004749.1#83|Streptomyces_sp__CB02056	4029	+	+	20	-4132	-104	169998	174026	WP_074004748.1#83	NZ_LIPD01000011.1	GCF_001905545.1
WP_074004749.1#83|Streptomyces_sp__CB02056	27579	+	+	61	1	27579	174131	201709	WP_074004749.1#83	NZ_LIPD01000011.1	GCF_001905545.1
WP_074004749.1#83|Streptomyces_sp__CB02056	702	+	-	14	28114	28815	202244	202945	WP_049659142.1#83	NZ_LIPD01000011.1	GCF_001905545.1
WP_074004749.1#83|Streptomyces_sp__CB02056	1095	+	-	23	28787	29881	202917	204011	WP_158077755.1#83	NZ_LIPD01000011.1	GCF_001905545.1
WP_074004749.1#83|Streptomyces_sp__CB02056	1770	+	+	28	30435	32204	204565	206334	WP_443333956.1#83	NZ_LIPD01000011.1	GCF_001905545.1
WP_074004749.1#83|Streptomyces_sp__CB02056	2748	+	+	14	32378	35125	206508	209255	WP_074004752.1#83	NZ_LIPD01000011.1	GCF_001905545.1



WP_074004749.1#82|Streptomyces_sp__CB02056	636	+	-	18	-5899	-5264	168231	168866	WP_074004746.1#82	NZ_LIPD01000011.1	GCF_001905545.1
WP_074004749.1#82|Streptomyces_sp__CB02056	303	+	+	16	-5023	-4721	169107	169409	WP_049655551.1#82	NZ_LIPD01000011.1	GCF_001905545.1
WP_074004749.1#82|Streptomyces_sp__CB02056	498	+	+	17	-4721	-4224	169409	169906	WP_074004747.1#82	NZ_LIPD01000011.1	GCF_001905545.1
WP_074004749.1#82|Streptomyces_sp__CB02056	4029	+	+	20	-4132	-104	169998	174026	WP_074004748.1#82	NZ_LIPD01000011.1	GCF_001905545.1
WP_074004749.1#82|Streptomyces_sp__CB02056	27579	+	+	61	1	27579	174131	201709	WP_074004749.1#82	NZ_LIPD01000011.1	GCF_001905545.1
WP_074004749.1#82|Streptomyces_sp__CB02056	702	+	-	14	28114	28815	202244	202945	WP_049659142.1#82	NZ_LIPD01000011.1	GCF_001905545.1
WP_074004749.1#82|Streptomyces_sp__CB02056	1095	+	-	23	28787	29881	202917	204011	WP_158077755.1#82	NZ_LIPD01000011.1	GCF_001905545.1
WP_074004749.1#82|Streptomyces_sp__CB02056	1770	+	+	28	30435	32204	204565	206334	WP_443333956.1#82	NZ_LIPD01000011.1	GCF_001905545.1
WP_074004749.1#82|Streptomyces_sp__CB02056	2748	+	+	14	32378	35125	206508	209255	WP_074004752.1#82	NZ_LIPD01000011.1	GCF_001905545.1



WP_074004749.1#84|Streptomyces_sp__CB02056	636	+	-	18	-5899	-5264	168231	168866	WP_074004746.1#84	NZ_LIPD01000011.1	GCF_001905545.1
WP_074004749.1#84|Streptomyces_sp__CB02056	303	+	+	16	-5023	-4721	169107	169409	WP_049655551.1#84	NZ_LIPD01000011.1	GCF_001905545.1
WP_074004749.1#84|Streptomyces_sp__CB02056	498	+	+	17	-4721	-4224	169409	169906	WP_074004747.1#84	NZ_LIPD01000011.1	GCF_001905545.1
WP_074004749.1#84|Streptomyces_sp__CB02056	4029	+	+	20	-4132	-104	169998	174026	WP_074004748.1#84	NZ_LIPD01000011.1	GCF_001905545.1
WP_074004749.1#84|Streptomyces_sp__CB02056	27579	+	+	61	1	27579	174131	201709	WP_074004749.1#84	NZ_LIPD01000011.1	GCF_001905545.1
WP_074004749.1#84|Streptomyces_sp__CB02056	702	+	-	14	28114	28815	202244	202945	WP_049659142.1#84	NZ_LIPD01000011.1	GCF_001905545.1
WP_074004749.1#84|Streptomyces_sp__CB02056	1095	+	-	23	28787	29881	202917	204011	WP_158077755.1#84	NZ_LIPD01000011.1	GCF_001905545.1
WP_074004749.1#84|Streptomyces_sp__CB02056	1770	+	+	28	30435	32204	204565	206334	WP_443333956.1#84	NZ_LIPD01000011.1	GCF_001905545.1
WP_074004749.1#84|Streptomyces_sp__CB02056	2748	+	+	14	32378	35125	206508	209255	WP_074004752.1#84	NZ_LIPD01000011.1	GCF_001905545.1



WP_030255529.1#57|Streptomyces_novaecaesareae	411	+	+	4	-3501	-3091	66232	66642	WP_030059498.1#57	NZ_JNWQ01000038.1	GCF_000716875.1
WP_030255529.1#57|Streptomyces_novaecaesareae	2085	+	+	3	-2991	-907	66742	68826	WP_030255526.1#57	NZ_JNWQ01000038.1	GCF_000716875.1
WP_030255529.1#57|Streptomyces_novaecaesareae	441	+	+	1	-851	-411	68882	69322	WP_051830165.1#57	NZ_JNWQ01000038.1	GCF_000716875.1
WP_030255529.1#57|Streptomyces_novaecaesareae	312	+	+	2	-418	-107	69315	69626	WP_030059501.1#57	NZ_JNWQ01000038.1	GCF_000716875.1
WP_030255529.1#57|Streptomyces_novaecaesareae	25053	+	+	61	1	25053	69734	94786	WP_030255529.1#57	NZ_JNWQ01000038.1	GCF_000716875.1
WP_030255529.1#57|Streptomyces_novaecaesareae	1362	+	+	5	25151	26512	94884	96245	WP_157849755.1#57	NZ_JNWQ01000038.1	GCF_000716875.1
WP_030255529.1#57|Streptomyces_novaecaesareae	3369	+	+	6	26595	29963	96328	99696	WP_030059514.1#57	NZ_JNWQ01000038.1	GCF_000716875.1
WP_030255529.1#57|Streptomyces_novaecaesareae	1371	+	+	7	29960	31330	99693	101063	WP_078588444.1#57	NZ_JNWQ01000038.1	GCF_000716875.1
WP_030255529.1#57|Streptomyces_novaecaesareae	1767	+	+	11	31604	33370	101337	103103	WP_078588445.1#57	NZ_JNWQ01000038.1	GCF_000716875.1



WP_030255529.1#58|Streptomyces_novaecaesareae	411	+	+	4	-3501	-3091	66232	66642	WP_030059498.1#58	NZ_JNWQ01000038.1	GCF_000716875.1
WP_030255529.1#58|Streptomyces_novaecaesareae	2085	+	+	3	-2991	-907	66742	68826	WP_030255526.1#58	NZ_JNWQ01000038.1	GCF_000716875.1
WP_030255529.1#58|Streptomyces_novaecaesareae	441	+	+	1	-851	-411	68882	69322	WP_051830165.1#58	NZ_JNWQ01000038.1	GCF_000716875.1
WP_030255529.1#58|Streptomyces_novaecaesareae	312	+	+	2	-418	-107	69315	69626	WP_030059501.1#58	NZ_JNWQ01000038.1	GCF_000716875.1
WP_030255529.1#58|Streptomyces_novaecaesareae	25053	+	+	61	1	25053	69734	94786	WP_030255529.1#58	NZ_JNWQ01000038.1	GCF_000716875.1
WP_030255529.1#58|Streptomyces_novaecaesareae	1362	+	+	5	25151	26512	94884	96245	WP_157849755.1#58	NZ_JNWQ01000038.1	GCF_000716875.1
WP_030255529.1#58|Streptomyces_novaecaesareae	3369	+	+	6	26595	29963	96328	99696	WP_030059514.1#58	NZ_JNWQ01000038.1	GCF_000716875.1
WP_030255529.1#58|Streptomyces_novaecaesareae	1371	+	+	7	29960	31330	99693	101063	WP_078588444.1#58	NZ_JNWQ01000038.1	GCF_000716875.1
WP_030255529.1#58|Streptomyces_novaecaesareae	1767	+	+	11	31604	33370	101337	103103	WP_078588445.1#58	NZ_JNWQ01000038.1	GCF_000716875.1



WP_030255529.1#59|Streptomyces_pyridomyceticus	411	+	+	4	-3501	-3091	173100	173510	WP_030059498.1#59	NZ_JOAY01000004.1	GCF_000717725.1
WP_030255529.1#59|Streptomyces_pyridomyceticus	2085	+	+	3	-2991	-907	173610	175694	WP_030255526.1#59	NZ_JOAY01000004.1	GCF_000717725.1
WP_030255529.1#59|Streptomyces_pyridomyceticus	441	+	+	1	-851	-411	175750	176190	WP_051830165.1#59	NZ_JOAY01000004.1	GCF_000717725.1
WP_030255529.1#59|Streptomyces_pyridomyceticus	312	+	+	2	-418	-107	176183	176494	WP_030059501.1#59	NZ_JOAY01000004.1	GCF_000717725.1
WP_030255529.1#59|Streptomyces_pyridomyceticus	25053	+	+	61	1	25053	176602	201654	WP_030255529.1#59	NZ_JOAY01000004.1	GCF_000717725.1
WP_030255529.1#59|Streptomyces_pyridomyceticus	1362	+	+	5	25151	26512	201752	203113	WP_157849755.1#59	NZ_JOAY01000004.1	GCF_000717725.1
WP_030255529.1#59|Streptomyces_pyridomyceticus	3369	+	+	6	26595	29963	203196	206564	WP_030059514.1#59	NZ_JOAY01000004.1	GCF_000717725.1
WP_030255529.1#59|Streptomyces_pyridomyceticus	1371	+	+	7	29960	31330	206561	207931	WP_078588444.1#59	NZ_JOAY01000004.1	GCF_000717725.1
WP_030255529.1#59|Streptomyces_pyridomyceticus	1767	+	+	11	31604	33370	208205	209971	WP_078588445.1#59	NZ_JOAY01000004.1	GCF_000717725.1



WP_097236755.1#1|Streptomyces_sp__1331_2	426	-	+	4	-3445	-3020	3425768	3426193	WP_097236759.1#1	NZ_OBMJ01000001.1	GCF_900199205.1
WP_097236755.1#1|Streptomyces_sp__1331_2	2061	-	+	3	-2920	-860	3423608	3425668	WP_097236758.1#1	NZ_OBMJ01000001.1	GCF_900199205.1
WP_097236755.1#1|Streptomyces_sp__1331_2	441	-	+	1	-811	-371	3423119	3423559	WP_097236757.1#1	NZ_OBMJ01000001.1	GCF_900199205.1
WP_097236755.1#1|Streptomyces_sp__1331_2	312	-	+	2	-378	-67	3422815	3423126	WP_097236756.1#1	NZ_OBMJ01000001.1	GCF_900199205.1
WP_097236755.1#1|Streptomyces_sp__1331_2	24945	-	+	61	1	24945	3397803	3422747	WP_097236755.1#1	NZ_OBMJ01000001.1	GCF_900199205.1
WP_097236755.1#1|Streptomyces_sp__1331_2	1344	-	+	5	25042	26385	3396363	3397706	WP_143685741.1#1	NZ_OBMJ01000001.1	GCF_900199205.1
WP_097236755.1#1|Streptomyces_sp__1331_2	3369	-	+	6	26468	29836	3392912	3396280	WP_097236753.1#1	NZ_OBMJ01000001.1	GCF_900199205.1
WP_097236755.1#1|Streptomyces_sp__1331_2	1155	-	+	7	30121	31275	3391473	3392627	WP_143685740.1#1	NZ_OBMJ01000001.1	GCF_900199205.1
WP_097236755.1#1|Streptomyces_sp__1331_2	1782	-	+	11	31575	33356	3389392	3391173	WP_097236751.1#1	NZ_OBMJ01000001.1	GCF_900199205.1



WP_121174513.1#6|Streptomyces_sp__1114_5	426	-	+	4	-3445	-3020	1051010	1051435	WP_097236759.1#6	NZ_RBXE01000001.1	GCF_003635085.1
WP_121174513.1#6|Streptomyces_sp__1114_5	2061	-	+	3	-2920	-860	1048850	1050910	WP_121174515.1#6	NZ_RBXE01000001.1	GCF_003635085.1
WP_121174513.1#6|Streptomyces_sp__1114_5	441	-	+	1	-811	-371	1048361	1048801	WP_097236757.1#6	NZ_RBXE01000001.1	GCF_003635085.1
WP_121174513.1#6|Streptomyces_sp__1114_5	312	-	+	2	-378	-67	1048057	1048368	WP_121174514.1#6	NZ_RBXE01000001.1	GCF_003635085.1
WP_121174513.1#6|Streptomyces_sp__1114_5	24939	-	+	61	1	24939	1023051	1047989	WP_121174513.1#6	NZ_RBXE01000001.1	GCF_003635085.1
WP_121174513.1#6|Streptomyces_sp__1114_5	1338	-	+	5	25036	26373	1021617	1022954	WP_147465109.1#6	NZ_RBXE01000001.1	GCF_003635085.1
WP_121174513.1#6|Streptomyces_sp__1114_5	3369	-	+	6	26456	29824	1018166	1021534	WP_121174511.1#6	NZ_RBXE01000001.1	GCF_003635085.1
WP_121174513.1#6|Streptomyces_sp__1114_5	1164	-	+	7	30109	31272	1016718	1017881	WP_147465108.1#6	NZ_RBXE01000001.1	GCF_003635085.1
WP_121174513.1#6|Streptomyces_sp__1114_5	1782	-	+	11	31572	33353	1014637	1016418	WP_121174509.1#6	NZ_RBXE01000001.1	GCF_003635085.1



WP_121174513.1#5|Streptomyces_sp__1114_5	426	-	+	4	-3445	-3020	1051010	1051435	WP_097236759.1#5	NZ_RBXE01000001.1	GCF_003635085.1
WP_121174513.1#5|Streptomyces_sp__1114_5	2061	-	+	3	-2920	-860	1048850	1050910	WP_121174515.1#5	NZ_RBXE01000001.1	GCF_003635085.1
WP_121174513.1#5|Streptomyces_sp__1114_5	441	-	+	1	-811	-371	1048361	1048801	WP_097236757.1#5	NZ_RBXE01000001.1	GCF_003635085.1
WP_121174513.1#5|Streptomyces_sp__1114_5	312	-	+	2	-378	-67	1048057	1048368	WP_121174514.1#5	NZ_RBXE01000001.1	GCF_003635085.1
WP_121174513.1#5|Streptomyces_sp__1114_5	24939	-	+	61	1	24939	1023051	1047989	WP_121174513.1#5	NZ_RBXE01000001.1	GCF_003635085.1
WP_121174513.1#5|Streptomyces_sp__1114_5	1338	-	+	5	25036	26373	1021617	1022954	WP_147465109.1#5	NZ_RBXE01000001.1	GCF_003635085.1
WP_121174513.1#5|Streptomyces_sp__1114_5	3369	-	+	6	26456	29824	1018166	1021534	WP_121174511.1#5	NZ_RBXE01000001.1	GCF_003635085.1
WP_121174513.1#5|Streptomyces_sp__1114_5	1164	-	+	7	30109	31272	1016718	1017881	WP_147465108.1#5	NZ_RBXE01000001.1	GCF_003635085.1
WP_121174513.1#5|Streptomyces_sp__1114_5	1782	-	+	11	31572	33353	1014637	1016418	WP_121174509.1#5	NZ_RBXE01000001.1	GCF_003635085.1



WP_121174513.1#4|Streptomyces_sp__1114_5	426	-	+	4	-3445	-3020	1051010	1051435	WP_097236759.1#4	NZ_RBXE01000001.1	GCF_003635085.1
WP_121174513.1#4|Streptomyces_sp__1114_5	2061	-	+	3	-2920	-860	1048850	1050910	WP_121174515.1#4	NZ_RBXE01000001.1	GCF_003635085.1
WP_121174513.1#4|Streptomyces_sp__1114_5	441	-	+	1	-811	-371	1048361	1048801	WP_097236757.1#4	NZ_RBXE01000001.1	GCF_003635085.1
WP_121174513.1#4|Streptomyces_sp__1114_5	312	-	+	2	-378	-67	1048057	1048368	WP_121174514.1#4	NZ_RBXE01000001.1	GCF_003635085.1
WP_121174513.1#4|Streptomyces_sp__1114_5	24939	-	+	61	1	24939	1023051	1047989	WP_121174513.1#4	NZ_RBXE01000001.1	GCF_003635085.1
WP_121174513.1#4|Streptomyces_sp__1114_5	1338	-	+	5	25036	26373	1021617	1022954	WP_147465109.1#4	NZ_RBXE01000001.1	GCF_003635085.1
WP_121174513.1#4|Streptomyces_sp__1114_5	3369	-	+	6	26456	29824	1018166	1021534	WP_121174511.1#4	NZ_RBXE01000001.1	GCF_003635085.1
WP_121174513.1#4|Streptomyces_sp__1114_5	1164	-	+	7	30109	31272	1016718	1017881	WP_147465108.1#4	NZ_RBXE01000001.1	GCF_003635085.1
WP_121174513.1#4|Streptomyces_sp__1114_5	1782	-	+	11	31572	33353	1014637	1016418	WP_121174509.1#4	NZ_RBXE01000001.1	GCF_003635085.1



WP_121174513.1#7|Streptomyces_sp__1114_5	426	-	+	4	-3445	-3020	1051010	1051435	WP_097236759.1#7	NZ_RBXE01000001.1	GCF_003635085.1
WP_121174513.1#7|Streptomyces_sp__1114_5	2061	-	+	3	-2920	-860	1048850	1050910	WP_121174515.1#7	NZ_RBXE01000001.1	GCF_003635085.1
WP_121174513.1#7|Streptomyces_sp__1114_5	441	-	+	1	-811	-371	1048361	1048801	WP_097236757.1#7	NZ_RBXE01000001.1	GCF_003635085.1
WP_121174513.1#7|Streptomyces_sp__1114_5	312	-	+	2	-378	-67	1048057	1048368	WP_121174514.1#7	NZ_RBXE01000001.1	GCF_003635085.1
WP_121174513.1#7|Streptomyces_sp__1114_5	24939	-	+	61	1	24939	1023051	1047989	WP_121174513.1#7	NZ_RBXE01000001.1	GCF_003635085.1
WP_121174513.1#7|Streptomyces_sp__1114_5	1338	-	+	5	25036	26373	1021617	1022954	WP_147465109.1#7	NZ_RBXE01000001.1	GCF_003635085.1
WP_121174513.1#7|Streptomyces_sp__1114_5	3369	-	+	6	26456	29824	1018166	1021534	WP_121174511.1#7	NZ_RBXE01000001.1	GCF_003635085.1
WP_121174513.1#7|Streptomyces_sp__1114_5	1164	-	+	7	30109	31272	1016718	1017881	WP_147465108.1#7	NZ_RBXE01000001.1	GCF_003635085.1
WP_121174513.1#7|Streptomyces_sp__1114_5	1782	-	+	11	31572	33353	1014637	1016418	WP_121174509.1#7	NZ_RBXE01000001.1	GCF_003635085.1



WP_121174513.1#3|Streptomyces_sp__1114_5	426	-	+	4	-3445	-3020	1051010	1051435	WP_097236759.1#3	NZ_RBXE01000001.1	GCF_003635085.1
WP_121174513.1#3|Streptomyces_sp__1114_5	2061	-	+	3	-2920	-860	1048850	1050910	WP_121174515.1#3	NZ_RBXE01000001.1	GCF_003635085.1
WP_121174513.1#3|Streptomyces_sp__1114_5	441	-	+	1	-811	-371	1048361	1048801	WP_097236757.1#3	NZ_RBXE01000001.1	GCF_003635085.1
WP_121174513.1#3|Streptomyces_sp__1114_5	312	-	+	2	-378	-67	1048057	1048368	WP_121174514.1#3	NZ_RBXE01000001.1	GCF_003635085.1
WP_121174513.1#3|Streptomyces_sp__1114_5	24939	-	+	61	1	24939	1023051	1047989	WP_121174513.1#3	NZ_RBXE01000001.1	GCF_003635085.1
WP_121174513.1#3|Streptomyces_sp__1114_5	1338	-	+	5	25036	26373	1021617	1022954	WP_147465109.1#3	NZ_RBXE01000001.1	GCF_003635085.1
WP_121174513.1#3|Streptomyces_sp__1114_5	3369	-	+	6	26456	29824	1018166	1021534	WP_121174511.1#3	NZ_RBXE01000001.1	GCF_003635085.1
WP_121174513.1#3|Streptomyces_sp__1114_5	1164	-	+	7	30109	31272	1016718	1017881	WP_147465108.1#3	NZ_RBXE01000001.1	GCF_003635085.1
WP_121174513.1#3|Streptomyces_sp__1114_5	1782	-	+	11	31572	33353	1014637	1016418	WP_121174509.1#3	NZ_RBXE01000001.1	GCF_003635085.1



WP_121174513.1#2|Streptomyces_sp__1114_5	426	-	+	4	-3445	-3020	1051010	1051435	WP_097236759.1#2	NZ_RBXE01000001.1	GCF_003635085.1
WP_121174513.1#2|Streptomyces_sp__1114_5	2061	-	+	3	-2920	-860	1048850	1050910	WP_121174515.1#2	NZ_RBXE01000001.1	GCF_003635085.1
WP_121174513.1#2|Streptomyces_sp__1114_5	441	-	+	1	-811	-371	1048361	1048801	WP_097236757.1#2	NZ_RBXE01000001.1	GCF_003635085.1
WP_121174513.1#2|Streptomyces_sp__1114_5	312	-	+	2	-378	-67	1048057	1048368	WP_121174514.1#2	NZ_RBXE01000001.1	GCF_003635085.1
WP_121174513.1#2|Streptomyces_sp__1114_5	24939	-	+	61	1	24939	1023051	1047989	WP_121174513.1#2	NZ_RBXE01000001.1	GCF_003635085.1
WP_121174513.1#2|Streptomyces_sp__1114_5	1338	-	+	5	25036	26373	1021617	1022954	WP_147465109.1#2	NZ_RBXE01000001.1	GCF_003635085.1
WP_121174513.1#2|Streptomyces_sp__1114_5	3369	-	+	6	26456	29824	1018166	1021534	WP_121174511.1#2	NZ_RBXE01000001.1	GCF_003635085.1
WP_121174513.1#2|Streptomyces_sp__1114_5	1164	-	+	7	30109	31272	1016718	1017881	WP_147465108.1#2	NZ_RBXE01000001.1	GCF_003635085.1
WP_121174513.1#2|Streptomyces_sp__1114_5	1782	-	+	11	31572	33353	1014637	1016418	WP_121174509.1#2	NZ_RBXE01000001.1	GCF_003635085.1



WP_320439727.1#108|Kitasatospora_purpeofusca	393	-	+	4	-3664	-3272	45362	45754	WP_320439731.1#108	NZ_JAXCLC010000039.1	GCF_034043715.1
WP_320439727.1#108|Kitasatospora_purpeofusca	2196	-	+	3	-3171	-976	43066	45261	WP_320439730.1#108	NZ_JAXCLC010000039.1	GCF_034043715.1
WP_320439727.1#108|Kitasatospora_purpeofusca	441	-	+	1	-805	-365	42455	42895	WP_320439729.1#108	NZ_JAXCLC010000039.1	GCF_034043715.1
WP_320439727.1#108|Kitasatospora_purpeofusca	315	-	+	2	-372	-58	42148	42462	WP_320439728.1#108	NZ_JAXCLC010000039.1	GCF_034043715.1
WP_320439727.1#108|Kitasatospora_purpeofusca	34332	-	+	61	1	34332	7758	42089	WP_320439727.1#108	NZ_JAXCLC010000039.1	GCF_034043715.1
WP_320439727.1#108|Kitasatospora_purpeofusca	1560	-	+	5	34439	35998	6092	7651	WP_320439726.1#108	NZ_JAXCLC010000039.1	GCF_034043715.1
WP_320439727.1#108|Kitasatospora_purpeofusca	3375	-	+	6	36135	39509	2581	5955	WP_320439725.1#108	NZ_JAXCLC010000039.1	GCF_034043715.1
WP_320439727.1#108|Kitasatospora_purpeofusca	1560	-	+	7	39506	41065	1025	2584	WP_413816002.1#108	NZ_JAXCLC010000039.1	GCF_034043715.1
WP_320439727.1#108|Kitasatospora_purpeofusca	621	-	+	8	41255	41875	215	835	WP_320439723.1#108	NZ_JAXCLC010000039.1	GCF_034043715.1



WP_037781828.1#71|Kitasatospora_purpeofusca	393	-	+	4	-3563	-3171	103796	104188	WP_030396986.1#71	NZ_JODS01000029.1	GCF_000718025.1
WP_037781828.1#71|Kitasatospora_purpeofusca	2178	-	+	3	-3072	-895	101520	103697	WP_030396985.1#71	NZ_JODS01000029.1	GCF_000718025.1
WP_037781828.1#71|Kitasatospora_purpeofusca	441	-	+	1	-804	-364	100989	101429	WP_051756576.1#71	NZ_JODS01000029.1	GCF_000718025.1
WP_037781828.1#71|Kitasatospora_purpeofusca	315	-	+	2	-371	-57	100682	100996	WP_030396983.1#71	NZ_JODS01000029.1	GCF_000718025.1
WP_037781828.1#71|Kitasatospora_purpeofusca	26646	-	+	61	1	26646	73979	100624	WP_037781828.1#71	NZ_JODS01000029.1	GCF_000718025.1
WP_037781828.1#71|Kitasatospora_purpeofusca	408	-	+	0	26723	27130	73495	73902	WP_030396982.1#71	NZ_JODS01000029.1	GCF_000718025.1
WP_037781828.1#71|Kitasatospora_purpeofusca	1563	-	+	5	27237	28799	71826	73388	WP_157855399.1#71	NZ_JODS01000029.1	GCF_000718025.1
WP_037781828.1#71|Kitasatospora_purpeofusca	3375	-	+	6	28903	32277	68348	71722	WP_030396980.1#71	NZ_JODS01000029.1	GCF_000718025.1
WP_037781828.1#71|Kitasatospora_purpeofusca	1215	-	+	7	32571	33785	66840	68054	WP_051756574.1#71	NZ_JODS01000029.1	GCF_000718025.1



WP_266309999.1#91|Kitasatospora_purpeofusca	390	-	+	4	-3530	-3141	1748240	1748629	WP_266310003.1#91	NZ_JAPEPK010000001.1	GCF_026340265.1
WP_266309999.1#91|Kitasatospora_purpeofusca	2187	-	+	3	-3042	-856	1745955	1748141	WP_266310002.1#91	NZ_JAPEPK010000001.1	GCF_026340265.1
WP_266309999.1#91|Kitasatospora_purpeofusca	438	-	+	1	-801	-364	1745463	1745900	WP_266310001.1#91	NZ_JAPEPK010000001.1	GCF_026340265.1
WP_266309999.1#91|Kitasatospora_purpeofusca	315	-	+	2	-371	-57	1745156	1745470	WP_266310000.1#91	NZ_JAPEPK010000001.1	GCF_026340265.1
WP_266309999.1#91|Kitasatospora_purpeofusca	38046	-	+	61	1	38046	1707053	1745098	WP_266309999.1#91	NZ_JAPEPK010000001.1	GCF_026340265.1
WP_266309999.1#91|Kitasatospora_purpeofusca	1542	-	+	5	38153	39694	1705405	1706946	WP_266309998.1#91	NZ_JAPEPK010000001.1	GCF_026340265.1
WP_266309999.1#91|Kitasatospora_purpeofusca	3375	-	+	6	39833	43207	1701892	1705266	WP_266315508.1#91	NZ_JAPEPK010000001.1	GCF_026340265.1
WP_266309999.1#91|Kitasatospora_purpeofusca	1497	-	+	7	43204	44700	1700399	1701895	WP_266309997.1#91	NZ_JAPEPK010000001.1	GCF_026340265.1
WP_266309999.1#91|Kitasatospora_purpeofusca	612	-	+	8	44931	45542	1699557	1700168	WP_266309996.1#91	NZ_JAPEPK010000001.1	GCF_026340265.1



WP_045944410.1#78|Streptomyces_sp__NRRL_S_495	7861	-	+	61	1	7861	1	7861	WP_045944410.1#78	not_found	not_found	not_found



WP_045944410.1#76|Streptomyces_sp__NRRL_S_495	7861	-	+	61	1	7861	1	7861	WP_045944410.1#76	not_found	not_found	not_found



WP_045944410.1#77|Streptomyces_sp__NRRL_S_495	7861	-	+	61	1	7861	1	7861	WP_045944410.1#77	not_found	not_found	not_found



WP_045944401.1#75|Streptomyces_sp__NRRL_S_495	3345	+	+	61	1	3345	1	3345	WP_045944401.1#75	not_found	not_found	not_found



WP_045944399.1#74|Streptomyces_sp__NRRL_S_495	837	+	+	63	-1788	-952	1	837	pseudogene_74.1*#74	NZ_JZWY01000974.1	GCF_000966955.1
WP_045944399.1#74|Streptomyces_sp__NRRL_S_495	441	+	+	1	-806	-366	983	1423	WP_052709678.1#74	NZ_JZWY01000974.1	GCF_000966955.1
WP_045944399.1#74|Streptomyces_sp__NRRL_S_495	315	+	+	2	-373	-59	1416	1730	WP_045944398.1#74	NZ_JZWY01000974.1	GCF_000966955.1
WP_045944399.1#74|Streptomyces_sp__NRRL_S_495	6113	+	+	61	1	6113	1790	7902	WP_045944399.1#74	NZ_JZWY01000974.1	GCF_000966955.1



WP_043472536.1#72|Kitasatospora_sp__MBT66	393	-	+	4	-3577	-3185	1017045	1017437	WP_030396986.1#72	NZ_JAIY01000010.1	GCF_000710405.2
WP_043472536.1#72|Kitasatospora_sp__MBT66	2184	-	+	3	-3085	-902	1014762	1016945	WP_043472542.1#72	NZ_JAIY01000010.1	GCF_000710405.2
WP_043472536.1#72|Kitasatospora_sp__MBT66	447	-	+	1	-810	-364	1014224	1014670	WP_051742062.1#72	NZ_JAIY01000010.1	GCF_000710405.2
WP_043472536.1#72|Kitasatospora_sp__MBT66	315	-	+	2	-371	-57	1013917	1014231	WP_043472539.1#72	NZ_JAIY01000010.1	GCF_000710405.2
WP_043472536.1#72|Kitasatospora_sp__MBT66	26806	-	+	61	1	26806	987054	1013859	WP_043472536.1#72	NZ_JAIY01000010.1	GCF_000710405.2
WP_043472536.1#72|Kitasatospora_sp__MBT66	907	-	+	63	27618	28524	985336	986242	pseudogene_72.9*#72	NZ_JAIY01000010.1	GCF_000710405.2
WP_043472536.1#72|Kitasatospora_sp__MBT66	457	-	+	63	28730	29186	984674	985130	pseudogene_72.3*#72	NZ_JAIY01000010.1	GCF_000710405.2
WP_043472536.1#72|Kitasatospora_sp__MBT66	1506	-	+	6	29421	30926	982934	984439	WP_233290349.1#72	NZ_JAIY01000010.1	GCF_000710405.2
WP_043472536.1#72|Kitasatospora_sp__MBT66	1142	-	+	6	31175	32316	981544	982685	WP_043473387.1#72	NZ_JAIY01000010.1	GCF_000710405.2



WP_043472536.1#73|Kitasatospora_sp__MBT66	393	-	+	4	-3577	-3185	1017045	1017437	WP_030396986.1#73	NZ_JAIY01000010.1	GCF_000710405.2
WP_043472536.1#73|Kitasatospora_sp__MBT66	2184	-	+	3	-3085	-902	1014762	1016945	WP_043472542.1#73	NZ_JAIY01000010.1	GCF_000710405.2
WP_043472536.1#73|Kitasatospora_sp__MBT66	447	-	+	1	-810	-364	1014224	1014670	WP_051742062.1#73	NZ_JAIY01000010.1	GCF_000710405.2
WP_043472536.1#73|Kitasatospora_sp__MBT66	315	-	+	2	-371	-57	1013917	1014231	WP_043472539.1#73	NZ_JAIY01000010.1	GCF_000710405.2
WP_043472536.1#73|Kitasatospora_sp__MBT66	26806	-	+	61	1	26806	987054	1013859	WP_043472536.1#73	NZ_JAIY01000010.1	GCF_000710405.2
WP_043472536.1#73|Kitasatospora_sp__MBT66	907	-	+	63	27618	28524	985336	986242	pseudogene_73.6*#73	NZ_JAIY01000010.1	GCF_000710405.2
WP_043472536.1#73|Kitasatospora_sp__MBT66	457	-	+	63	28730	29186	984674	985130	pseudogene_73.7*#73	NZ_JAIY01000010.1	GCF_000710405.2
WP_043472536.1#73|Kitasatospora_sp__MBT66	1506	-	+	6	29421	30926	982934	984439	WP_233290349.1#73	NZ_JAIY01000010.1	GCF_000710405.2
WP_043472536.1#73|Kitasatospora_sp__MBT66	1142	-	+	6	31175	32316	981544	982685	WP_043473387.1#73	NZ_JAIY01000010.1	GCF_000710405.2



WP_327072728.1#40|Kitasatospora_purpeofusca	390	-	+	4	-3648	-3259	1791091	1791480	WP_266276393.1#40	NZ_CP108562.1	GCF_036010425.1
WP_327072728.1#40|Kitasatospora_purpeofusca	2178	-	+	3	-3160	-983	1788815	1790992	WP_327072729.1#40	NZ_CP108562.1	GCF_036010425.1
WP_327072728.1#40|Kitasatospora_purpeofusca	441	-	+	1	-804	-364	1788196	1788636	WP_266276397.1#40	NZ_CP108562.1	GCF_036010425.1
WP_327072728.1#40|Kitasatospora_purpeofusca	315	-	+	2	-371	-57	1787889	1788203	WP_266276399.1#40	NZ_CP108562.1	GCF_036010425.1
WP_327072728.1#40|Kitasatospora_purpeofusca	34743	-	+	61	1	34743	1753089	1787831	WP_327072728.1#40	NZ_CP108562.1	GCF_036010425.1
WP_327072728.1#40|Kitasatospora_purpeofusca	1548	-	+	5	34850	36397	1751435	1752982	WP_327072727.1#40	NZ_CP108562.1	GCF_036010425.1
WP_327072728.1#40|Kitasatospora_purpeofusca	3375	-	+	6	36546	39920	1747912	1751286	WP_266277415.1#40	NZ_CP108562.1	GCF_036010425.1
WP_327072728.1#40|Kitasatospora_purpeofusca	1488	-	+	7	39917	41404	1746428	1747915	WP_327072726.1#40	NZ_CP108562.1	GCF_036010425.1
WP_327072728.1#40|Kitasatospora_purpeofusca	621	-	+	8	41635	42255	1745577	1746197	WP_266276407.1#40	NZ_CP108562.1	GCF_036010425.1



WP_266276401.1#39|Kitasatospora_purpeofusca	390	-	+	4	-3592	-3203	1675066	1675455	WP_266276393.1#39	NZ_CP108561.1	GCF_036010405.1
WP_266276401.1#39|Kitasatospora_purpeofusca	2166	-	+	3	-3104	-939	1672802	1674967	WP_266276395.1#39	NZ_CP108561.1	GCF_036010405.1
WP_266276401.1#39|Kitasatospora_purpeofusca	441	-	+	1	-804	-364	1672227	1672667	WP_266276397.1#39	NZ_CP108561.1	GCF_036010405.1
WP_266276401.1#39|Kitasatospora_purpeofusca	315	-	+	2	-371	-57	1671920	1672234	WP_266276399.1#39	NZ_CP108561.1	GCF_036010405.1
WP_266276401.1#39|Kitasatospora_purpeofusca	34908	-	+	61	1	34908	1636955	1671862	WP_266276401.1#39	NZ_CP108561.1	GCF_036010405.1
WP_266276401.1#39|Kitasatospora_purpeofusca	1548	-	+	5	35015	36562	1635301	1636848	WP_266276403.1#39	NZ_CP108561.1	GCF_036010405.1
WP_266276401.1#39|Kitasatospora_purpeofusca	3375	-	+	6	36711	40085	1631778	1635152	WP_266277415.1#39	NZ_CP108561.1	GCF_036010405.1
WP_266276401.1#39|Kitasatospora_purpeofusca	1497	-	+	7	40082	41578	1630285	1631781	WP_266276405.1#39	NZ_CP108561.1	GCF_036010405.1
WP_266276401.1#39|Kitasatospora_purpeofusca	621	-	+	8	41809	42429	1629434	1630054	WP_266276407.1#39	NZ_CP108561.1	GCF_036010405.1



WP_266276401.1#38|Kitasatospora_purpeofusca	390	-	+	4	-3592	-3203	1675066	1675455	WP_266276393.1#38	NZ_CP108561.1	GCF_036010405.1
WP_266276401.1#38|Kitasatospora_purpeofusca	2166	-	+	3	-3104	-939	1672802	1674967	WP_266276395.1#38	NZ_CP108561.1	GCF_036010405.1
WP_266276401.1#38|Kitasatospora_purpeofusca	441	-	+	1	-804	-364	1672227	1672667	WP_266276397.1#38	NZ_CP108561.1	GCF_036010405.1
WP_266276401.1#38|Kitasatospora_purpeofusca	315	-	+	2	-371	-57	1671920	1672234	WP_266276399.1#38	NZ_CP108561.1	GCF_036010405.1
WP_266276401.1#38|Kitasatospora_purpeofusca	34908	-	+	61	1	34908	1636955	1671862	WP_266276401.1#38	NZ_CP108561.1	GCF_036010405.1
WP_266276401.1#38|Kitasatospora_purpeofusca	1548	-	+	5	35015	36562	1635301	1636848	WP_266276403.1#38	NZ_CP108561.1	GCF_036010405.1
WP_266276401.1#38|Kitasatospora_purpeofusca	3375	-	+	6	36711	40085	1631778	1635152	WP_266277415.1#38	NZ_CP108561.1	GCF_036010405.1
WP_266276401.1#38|Kitasatospora_purpeofusca	1497	-	+	7	40082	41578	1630285	1631781	WP_266276405.1#38	NZ_CP108561.1	GCF_036010405.1
WP_266276401.1#38|Kitasatospora_purpeofusca	621	-	+	8	41809	42429	1629434	1630054	WP_266276407.1#38	NZ_CP108561.1	GCF_036010405.1



WP_266276401.1#37|Kitasatospora_purpeofusca	390	-	+	4	-3592	-3203	1675066	1675455	WP_266276393.1#37	NZ_CP108561.1	GCF_036010405.1
WP_266276401.1#37|Kitasatospora_purpeofusca	2166	-	+	3	-3104	-939	1672802	1674967	WP_266276395.1#37	NZ_CP108561.1	GCF_036010405.1
WP_266276401.1#37|Kitasatospora_purpeofusca	441	-	+	1	-804	-364	1672227	1672667	WP_266276397.1#37	NZ_CP108561.1	GCF_036010405.1
WP_266276401.1#37|Kitasatospora_purpeofusca	315	-	+	2	-371	-57	1671920	1672234	WP_266276399.1#37	NZ_CP108561.1	GCF_036010405.1
WP_266276401.1#37|Kitasatospora_purpeofusca	34908	-	+	61	1	34908	1636955	1671862	WP_266276401.1#37	NZ_CP108561.1	GCF_036010405.1
WP_266276401.1#37|Kitasatospora_purpeofusca	1548	-	+	5	35015	36562	1635301	1636848	WP_266276403.1#37	NZ_CP108561.1	GCF_036010405.1
WP_266276401.1#37|Kitasatospora_purpeofusca	3375	-	+	6	36711	40085	1631778	1635152	WP_266277415.1#37	NZ_CP108561.1	GCF_036010405.1
WP_266276401.1#37|Kitasatospora_purpeofusca	1497	-	+	7	40082	41578	1630285	1631781	WP_266276405.1#37	NZ_CP108561.1	GCF_036010405.1
WP_266276401.1#37|Kitasatospora_purpeofusca	621	-	+	8	41809	42429	1629434	1630054	WP_266276407.1#37	NZ_CP108561.1	GCF_036010405.1



WP_266276401.1#36|Kitasatospora_purpeofusca	390	+	+	4	-3592	-3203	1147137	1147526	WP_266276393.1#36	NZ_JAPEOW010000003.1	GCF_026340775.1
WP_266276401.1#36|Kitasatospora_purpeofusca	2166	+	+	3	-3104	-939	1147625	1149790	WP_266276395.1#36	NZ_JAPEOW010000003.1	GCF_026340775.1
WP_266276401.1#36|Kitasatospora_purpeofusca	441	+	+	1	-804	-364	1149925	1150365	WP_266276397.1#36	NZ_JAPEOW010000003.1	GCF_026340775.1
WP_266276401.1#36|Kitasatospora_purpeofusca	315	+	+	2	-371	-57	1150358	1150672	WP_266276399.1#36	NZ_JAPEOW010000003.1	GCF_026340775.1
WP_266276401.1#36|Kitasatospora_purpeofusca	34908	+	+	61	1	34908	1150730	1185637	WP_266276401.1#36	NZ_JAPEOW010000003.1	GCF_026340775.1
WP_266276401.1#36|Kitasatospora_purpeofusca	1548	+	+	5	35015	36562	1185744	1187291	WP_266276403.1#36	NZ_JAPEOW010000003.1	GCF_026340775.1
WP_266276401.1#36|Kitasatospora_purpeofusca	3375	+	+	6	36711	40085	1187440	1190814	WP_266277415.1#36	NZ_JAPEOW010000003.1	GCF_026340775.1
WP_266276401.1#36|Kitasatospora_purpeofusca	1497	+	+	7	40082	41578	1190811	1192307	WP_266276405.1#36	NZ_JAPEOW010000003.1	GCF_026340775.1
WP_266276401.1#36|Kitasatospora_purpeofusca	621	+	+	8	41809	42429	1192538	1193158	WP_266276407.1#36	NZ_JAPEOW010000003.1	GCF_026340775.1



WP_053649005.1#79|Streptomyces_sp__XY431	432	-	+	4	-3829	-3398	38462	38893	WP_053649014.1#79	NZ_LGDO01000324.1	GCF_001279805.1
WP_053649005.1#79|Streptomyces_sp__XY431	2166	-	+	3	-3274	-1109	36173	38338	WP_053649012.1#79	NZ_LGDO01000324.1	GCF_001279805.1
WP_053649005.1#79|Streptomyces_sp__XY431	447	-	+	1	-1019	-573	35637	36083	WP_053649010.1#79	NZ_LGDO01000324.1	GCF_001279805.1
WP_053649005.1#79|Streptomyces_sp__XY431	318	-	+	2	-580	-263	35327	35644	WP_053649008.1#79	NZ_LGDO01000324.1	GCF_001279805.1
WP_053649005.1#79|Streptomyces_sp__XY431	24357	-	+	61	1	24357	10707	35063	WP_053649005.1#79	NZ_LGDO01000324.1	GCF_001279805.1
WP_053649005.1#79|Streptomyces_sp__XY431	1581	-	+	5	24464	26044	9020	10600	WP_199839753.1#79	NZ_LGDO01000324.1	GCF_001279805.1
WP_053649005.1#79|Streptomyces_sp__XY431	3375	-	+	6	26175	29549	5515	8889	WP_053649001.1#79	NZ_LGDO01000324.1	GCF_001279805.1
WP_053649005.1#79|Streptomyces_sp__XY431	1209	-	+	7	29837	31045	4019	5227	WP_053649000.1#79	NZ_LGDO01000324.1	GCF_001279805.1
WP_053649005.1#79|Streptomyces_sp__XY431	639	-	+	8	31244	31882	3182	3820	WP_079008671.1#79	NZ_LGDO01000324.1	GCF_001279805.1



WP_093863198.1#86|Streptomyces_sp__TLI_053	438	+	+	4	-3719	-3282	7860471	7860908	WP_093863194.1#86	NZ_LT629775.1	GCF_900105395.1
WP_093863198.1#86|Streptomyces_sp__TLI_053	2151	+	+	3	-3165	-1015	7861025	7863175	WP_093863195.1#86	NZ_LT629775.1	GCF_900105395.1
WP_093863198.1#86|Streptomyces_sp__TLI_053	441	+	+	1	-844	-404	7863346	7863786	WP_093863196.1#86	NZ_LT629775.1	GCF_900105395.1
WP_093863198.1#86|Streptomyces_sp__TLI_053	318	+	+	2	-411	-94	7863779	7864096	WP_093863197.1#86	NZ_LT629775.1	GCF_900105395.1
WP_093863198.1#86|Streptomyces_sp__TLI_053	21486	+	+	61	1	21486	7864191	7885676	WP_093863198.1#86	NZ_LT629775.1	GCF_900105395.1
WP_093863198.1#86|Streptomyces_sp__TLI_053	1554	+	+	5	21593	23146	7885783	7887336	WP_159425080.1#86	NZ_LT629775.1	GCF_900105395.1
WP_093863198.1#86|Streptomyces_sp__TLI_053	3378	+	+	6	23223	26600	7887413	7890790	WP_093863199.1#86	NZ_LT629775.1	GCF_900105395.1
WP_093863198.1#86|Streptomyces_sp__TLI_053	1521	+	+	7	26597	28117	7890787	7892307	WP_093863200.1#86	NZ_LT629775.1	GCF_900105395.1
WP_093863198.1#86|Streptomyces_sp__TLI_053	621	+	+	8	28360	28980	7892550	7893170	WP_286158593.1#86	NZ_LT629775.1	GCF_900105395.1



WP_093863198.1#90|Streptomyces_sp__TLI_053	438	+	+	4	-3719	-3282	7860471	7860908	WP_093863194.1#90	NZ_LT629775.1	GCF_900105395.1
WP_093863198.1#90|Streptomyces_sp__TLI_053	2151	+	+	3	-3165	-1015	7861025	7863175	WP_093863195.1#90	NZ_LT629775.1	GCF_900105395.1
WP_093863198.1#90|Streptomyces_sp__TLI_053	441	+	+	1	-844	-404	7863346	7863786	WP_093863196.1#90	NZ_LT629775.1	GCF_900105395.1
WP_093863198.1#90|Streptomyces_sp__TLI_053	318	+	+	2	-411	-94	7863779	7864096	WP_093863197.1#90	NZ_LT629775.1	GCF_900105395.1
WP_093863198.1#90|Streptomyces_sp__TLI_053	21486	+	+	61	1	21486	7864191	7885676	WP_093863198.1#90	NZ_LT629775.1	GCF_900105395.1
WP_093863198.1#90|Streptomyces_sp__TLI_053	1554	+	+	5	21593	23146	7885783	7887336	WP_159425080.1#90	NZ_LT629775.1	GCF_900105395.1
WP_093863198.1#90|Streptomyces_sp__TLI_053	3378	+	+	6	23223	26600	7887413	7890790	WP_093863199.1#90	NZ_LT629775.1	GCF_900105395.1
WP_093863198.1#90|Streptomyces_sp__TLI_053	1521	+	+	7	26597	28117	7890787	7892307	WP_093863200.1#90	NZ_LT629775.1	GCF_900105395.1
WP_093863198.1#90|Streptomyces_sp__TLI_053	621	+	+	8	28360	28980	7892550	7893170	WP_286158593.1#90	NZ_LT629775.1	GCF_900105395.1



WP_093863198.1#89|Streptomyces_sp__TLI_053	438	+	+	4	-3719	-3282	7860471	7860908	WP_093863194.1#89	NZ_LT629775.1	GCF_900105395.1
WP_093863198.1#89|Streptomyces_sp__TLI_053	2151	+	+	3	-3165	-1015	7861025	7863175	WP_093863195.1#89	NZ_LT629775.1	GCF_900105395.1
WP_093863198.1#89|Streptomyces_sp__TLI_053	441	+	+	1	-844	-404	7863346	7863786	WP_093863196.1#89	NZ_LT629775.1	GCF_900105395.1
WP_093863198.1#89|Streptomyces_sp__TLI_053	318	+	+	2	-411	-94	7863779	7864096	WP_093863197.1#89	NZ_LT629775.1	GCF_900105395.1
WP_093863198.1#89|Streptomyces_sp__TLI_053	21486	+	+	61	1	21486	7864191	7885676	WP_093863198.1#89	NZ_LT629775.1	GCF_900105395.1
WP_093863198.1#89|Streptomyces_sp__TLI_053	1554	+	+	5	21593	23146	7885783	7887336	WP_159425080.1#89	NZ_LT629775.1	GCF_900105395.1
WP_093863198.1#89|Streptomyces_sp__TLI_053	3378	+	+	6	23223	26600	7887413	7890790	WP_093863199.1#89	NZ_LT629775.1	GCF_900105395.1
WP_093863198.1#89|Streptomyces_sp__TLI_053	1521	+	+	7	26597	28117	7890787	7892307	WP_093863200.1#89	NZ_LT629775.1	GCF_900105395.1
WP_093863198.1#89|Streptomyces_sp__TLI_053	621	+	+	8	28360	28980	7892550	7893170	WP_286158593.1#89	NZ_LT629775.1	GCF_900105395.1



WP_093863198.1#88|Streptomyces_sp__TLI_053	438	+	+	4	-3719	-3282	7860471	7860908	WP_093863194.1#88	NZ_LT629775.1	GCF_900105395.1
WP_093863198.1#88|Streptomyces_sp__TLI_053	2151	+	+	3	-3165	-1015	7861025	7863175	WP_093863195.1#88	NZ_LT629775.1	GCF_900105395.1
WP_093863198.1#88|Streptomyces_sp__TLI_053	441	+	+	1	-844	-404	7863346	7863786	WP_093863196.1#88	NZ_LT629775.1	GCF_900105395.1
WP_093863198.1#88|Streptomyces_sp__TLI_053	318	+	+	2	-411	-94	7863779	7864096	WP_093863197.1#88	NZ_LT629775.1	GCF_900105395.1
WP_093863198.1#88|Streptomyces_sp__TLI_053	21486	+	+	61	1	21486	7864191	7885676	WP_093863198.1#88	NZ_LT629775.1	GCF_900105395.1
WP_093863198.1#88|Streptomyces_sp__TLI_053	1554	+	+	5	21593	23146	7885783	7887336	WP_159425080.1#88	NZ_LT629775.1	GCF_900105395.1
WP_093863198.1#88|Streptomyces_sp__TLI_053	3378	+	+	6	23223	26600	7887413	7890790	WP_093863199.1#88	NZ_LT629775.1	GCF_900105395.1
WP_093863198.1#88|Streptomyces_sp__TLI_053	1521	+	+	7	26597	28117	7890787	7892307	WP_093863200.1#88	NZ_LT629775.1	GCF_900105395.1
WP_093863198.1#88|Streptomyces_sp__TLI_053	621	+	+	8	28360	28980	7892550	7893170	WP_286158593.1#88	NZ_LT629775.1	GCF_900105395.1



WP_093863198.1#87|Streptomyces_sp__TLI_053	438	+	+	4	-3719	-3282	7860471	7860908	WP_093863194.1#87	NZ_LT629775.1	GCF_900105395.1
WP_093863198.1#87|Streptomyces_sp__TLI_053	2151	+	+	3	-3165	-1015	7861025	7863175	WP_093863195.1#87	NZ_LT629775.1	GCF_900105395.1
WP_093863198.1#87|Streptomyces_sp__TLI_053	441	+	+	1	-844	-404	7863346	7863786	WP_093863196.1#87	NZ_LT629775.1	GCF_900105395.1
WP_093863198.1#87|Streptomyces_sp__TLI_053	318	+	+	2	-411	-94	7863779	7864096	WP_093863197.1#87	NZ_LT629775.1	GCF_900105395.1
WP_093863198.1#87|Streptomyces_sp__TLI_053	21486	+	+	61	1	21486	7864191	7885676	WP_093863198.1#87	NZ_LT629775.1	GCF_900105395.1
WP_093863198.1#87|Streptomyces_sp__TLI_053	1554	+	+	5	21593	23146	7885783	7887336	WP_159425080.1#87	NZ_LT629775.1	GCF_900105395.1
WP_093863198.1#87|Streptomyces_sp__TLI_053	3378	+	+	6	23223	26600	7887413	7890790	WP_093863199.1#87	NZ_LT629775.1	GCF_900105395.1
WP_093863198.1#87|Streptomyces_sp__TLI_053	1521	+	+	7	26597	28117	7890787	7892307	WP_093863200.1#87	NZ_LT629775.1	GCF_900105395.1
WP_093863198.1#87|Streptomyces_sp__TLI_053	621	+	+	8	28360	28980	7892550	7893170	WP_286158593.1#87	NZ_LT629775.1	GCF_900105395.1



WP_329885764.1#45|Streptomyces_sp__BE20	306	-	+	61	1	306	1	306	WP_329885764.1#45	not_found	not_found	not_found



WP_329884418.1#44|Streptomyces_sp__BE20	423	+	+	4	-3621	-3199	155809	156231	WP_329884410.1#44	NZ_JAQYWW010001186.1	GCF_036322525.1
WP_329884418.1#44|Streptomyces_sp__BE20	2190	+	+	3	-3086	-897	156344	158533	WP_329884412.1#44	NZ_JAQYWW010001186.1	GCF_036322525.1
WP_329884418.1#44|Streptomyces_sp__BE20	441	+	+	1	-810	-370	158620	159060	WP_329884414.1#44	NZ_JAQYWW010001186.1	GCF_036322525.1
WP_329884418.1#44|Streptomyces_sp__BE20	315	+	+	2	-377	-63	159053	159367	WP_329884416.1#44	NZ_JAQYWW010001186.1	GCF_036322525.1
WP_329884418.1#44|Streptomyces_sp__BE20	12291	+	+	61	1	12291	159431	171721	WP_329884418.1#44	NZ_JAQYWW010001186.1	GCF_036322525.1



WP_329952661.1#52|Streptomyces_sp__BE303	423	+	+	4	-3612	-3190	155474	155896	WP_329952659.1#52	NZ_JAQYWZ010000953.1	GCF_036290945.1
WP_329952661.1#52|Streptomyces_sp__BE303	2181	+	+	3	-3077	-897	156009	158189	WP_329952660.1#52	NZ_JAQYWZ010000953.1	GCF_036290945.1
WP_329952661.1#52|Streptomyces_sp__BE303	441	+	+	1	-810	-370	158276	158716	WP_329884414.1#52	NZ_JAQYWZ010000953.1	GCF_036290945.1
WP_329952661.1#52|Streptomyces_sp__BE303	315	+	+	2	-377	-63	158709	159023	WP_329884416.1#52	NZ_JAQYWZ010000953.1	GCF_036290945.1
WP_329952661.1#52|Streptomyces_sp__BE303	23954	+	+	61	1	23954	159087	183040	WP_329952661.1#52	NZ_JAQYWZ010000953.1	GCF_036290945.1



WP_329952661.1#47|Streptomyces_sp__BE303	423	+	+	4	-3612	-3190	155474	155896	WP_329952659.1#47	NZ_JAQYWZ010000953.1	GCF_036290945.1
WP_329952661.1#47|Streptomyces_sp__BE303	2181	+	+	3	-3077	-897	156009	158189	WP_329952660.1#47	NZ_JAQYWZ010000953.1	GCF_036290945.1
WP_329952661.1#47|Streptomyces_sp__BE303	441	+	+	1	-810	-370	158276	158716	WP_329884414.1#47	NZ_JAQYWZ010000953.1	GCF_036290945.1
WP_329952661.1#47|Streptomyces_sp__BE303	315	+	+	2	-377	-63	158709	159023	WP_329884416.1#47	NZ_JAQYWZ010000953.1	GCF_036290945.1
WP_329952661.1#47|Streptomyces_sp__BE303	23954	+	+	61	1	23954	159087	183040	WP_329952661.1#47	NZ_JAQYWZ010000953.1	GCF_036290945.1



WP_329952661.1#53|Streptomyces_sp__BE303	423	+	+	4	-3612	-3190	155474	155896	WP_329952659.1#53	NZ_JAQYWZ010000953.1	GCF_036290945.1
WP_329952661.1#53|Streptomyces_sp__BE303	2181	+	+	3	-3077	-897	156009	158189	WP_329952660.1#53	NZ_JAQYWZ010000953.1	GCF_036290945.1
WP_329952661.1#53|Streptomyces_sp__BE303	441	+	+	1	-810	-370	158276	158716	WP_329884414.1#53	NZ_JAQYWZ010000953.1	GCF_036290945.1
WP_329952661.1#53|Streptomyces_sp__BE303	315	+	+	2	-377	-63	158709	159023	WP_329884416.1#53	NZ_JAQYWZ010000953.1	GCF_036290945.1
WP_329952661.1#53|Streptomyces_sp__BE303	23954	+	+	61	1	23954	159087	183040	WP_329952661.1#53	NZ_JAQYWZ010000953.1	GCF_036290945.1



WP_329952661.1#50|Streptomyces_sp__BE303	423	+	+	4	-3612	-3190	155474	155896	WP_329952659.1#50	NZ_JAQYWZ010000953.1	GCF_036290945.1
WP_329952661.1#50|Streptomyces_sp__BE303	2181	+	+	3	-3077	-897	156009	158189	WP_329952660.1#50	NZ_JAQYWZ010000953.1	GCF_036290945.1
WP_329952661.1#50|Streptomyces_sp__BE303	441	+	+	1	-810	-370	158276	158716	WP_329884414.1#50	NZ_JAQYWZ010000953.1	GCF_036290945.1
WP_329952661.1#50|Streptomyces_sp__BE303	315	+	+	2	-377	-63	158709	159023	WP_329884416.1#50	NZ_JAQYWZ010000953.1	GCF_036290945.1
WP_329952661.1#50|Streptomyces_sp__BE303	23954	+	+	61	1	23954	159087	183040	WP_329952661.1#50	NZ_JAQYWZ010000953.1	GCF_036290945.1



WP_329952661.1#49|Streptomyces_sp__BE303	423	+	+	4	-3612	-3190	155474	155896	WP_329952659.1#49	NZ_JAQYWZ010000953.1	GCF_036290945.1
WP_329952661.1#49|Streptomyces_sp__BE303	2181	+	+	3	-3077	-897	156009	158189	WP_329952660.1#49	NZ_JAQYWZ010000953.1	GCF_036290945.1
WP_329952661.1#49|Streptomyces_sp__BE303	441	+	+	1	-810	-370	158276	158716	WP_329884414.1#49	NZ_JAQYWZ010000953.1	GCF_036290945.1
WP_329952661.1#49|Streptomyces_sp__BE303	315	+	+	2	-377	-63	158709	159023	WP_329884416.1#49	NZ_JAQYWZ010000953.1	GCF_036290945.1
WP_329952661.1#49|Streptomyces_sp__BE303	23954	+	+	61	1	23954	159087	183040	WP_329952661.1#49	NZ_JAQYWZ010000953.1	GCF_036290945.1



WP_329952661.1#48|Streptomyces_sp__BE303	423	+	+	4	-3612	-3190	155474	155896	WP_329952659.1#48	NZ_JAQYWZ010000953.1	GCF_036290945.1
WP_329952661.1#48|Streptomyces_sp__BE303	2181	+	+	3	-3077	-897	156009	158189	WP_329952660.1#48	NZ_JAQYWZ010000953.1	GCF_036290945.1
WP_329952661.1#48|Streptomyces_sp__BE303	441	+	+	1	-810	-370	158276	158716	WP_329884414.1#48	NZ_JAQYWZ010000953.1	GCF_036290945.1
WP_329952661.1#48|Streptomyces_sp__BE303	315	+	+	2	-377	-63	158709	159023	WP_329884416.1#48	NZ_JAQYWZ010000953.1	GCF_036290945.1
WP_329952661.1#48|Streptomyces_sp__BE303	23954	+	+	61	1	23954	159087	183040	WP_329952661.1#48	NZ_JAQYWZ010000953.1	GCF_036290945.1



WP_329952661.1#46|Streptomyces_sp__BE303	423	+	+	4	-3612	-3190	155474	155896	WP_329952659.1#46	NZ_JAQYWZ010000953.1	GCF_036290945.1
WP_329952661.1#46|Streptomyces_sp__BE303	2181	+	+	3	-3077	-897	156009	158189	WP_329952660.1#46	NZ_JAQYWZ010000953.1	GCF_036290945.1
WP_329952661.1#46|Streptomyces_sp__BE303	441	+	+	1	-810	-370	158276	158716	WP_329884414.1#46	NZ_JAQYWZ010000953.1	GCF_036290945.1
WP_329952661.1#46|Streptomyces_sp__BE303	315	+	+	2	-377	-63	158709	159023	WP_329884416.1#46	NZ_JAQYWZ010000953.1	GCF_036290945.1
WP_329952661.1#46|Streptomyces_sp__BE303	23954	+	+	61	1	23954	159087	183040	WP_329952661.1#46	NZ_JAQYWZ010000953.1	GCF_036290945.1



WP_329952661.1#51|Streptomyces_sp__BE303	423	+	+	4	-3612	-3190	155474	155896	WP_329952659.1#51	NZ_JAQYWZ010000953.1	GCF_036290945.1
WP_329952661.1#51|Streptomyces_sp__BE303	2181	+	+	3	-3077	-897	156009	158189	WP_329952660.1#51	NZ_JAQYWZ010000953.1	GCF_036290945.1
WP_329952661.1#51|Streptomyces_sp__BE303	441	+	+	1	-810	-370	158276	158716	WP_329884414.1#51	NZ_JAQYWZ010000953.1	GCF_036290945.1
WP_329952661.1#51|Streptomyces_sp__BE303	315	+	+	2	-377	-63	158709	159023	WP_329884416.1#51	NZ_JAQYWZ010000953.1	GCF_036290945.1
WP_329952661.1#51|Streptomyces_sp__BE303	23954	+	+	61	1	23954	159087	183040	WP_329952661.1#51	NZ_JAQYWZ010000953.1	GCF_036290945.1



