WP_296981747.1#103|Thalassolituus_sp__UBA1505	357	+	+	0	-5631	-5275	1358	1714	WP_296981738.1#103	NZ_DCQZ01000051.1	GCF_002324005.1
WP_296981747.1#103|Thalassolituus_sp__UBA1505	519	+	+	15	-5055	-4537	1934	2452	WP_296981740.1#103	NZ_DCQZ01000051.1	GCF_002324005.1
WP_296981747.1#103|Thalassolituus_sp__UBA1505	3480	+	+	66	-4378	-899	2611	6090	WP_296981742.1#103	NZ_DCQZ01000051.1	GCF_002324005.1
WP_296981747.1#103|Thalassolituus_sp__UBA1505	315	+	+	0	-751	-437	6238	6552	WP_296981745.1#103	NZ_DCQZ01000051.1	GCF_002324005.1
WP_296981747.1#103|Thalassolituus_sp__UBA1505	321	+	+	87	1	321	6990	7310	WP_296981747.1#103	NZ_DCQZ01000051.1	GCF_002324005.1
WP_296981747.1#103|Thalassolituus_sp__UBA1505	450	+	+	1	324	773	7313	7762	WP_296981748.1#103	NZ_DCQZ01000051.1	GCF_002324005.1



WP_015488412.1#150|Thalassolituus_oleivorans	1176	-	+	0	-2654	-1479	101013	102188	WP_276668582.1#150	NZ_JADFAA010000025.1	GCF_015665495.1
WP_015488412.1#150|Thalassolituus_oleivorans	666	-	+	0	-1558	-893	100427	101092	WP_276668581.1#150	NZ_JADFAA010000025.1	GCF_015665495.1
WP_015488412.1#150|Thalassolituus_oleivorans	465	-	-	0	-903	-439	99973	100437	WP_276668580.1#150	NZ_JADFAA010000025.1	GCF_015665495.1
WP_015488412.1#150|Thalassolituus_oleivorans	195	-	+	0	-295	-101	99635	99829	WP_075274369.1#150	NZ_JADFAA010000025.1	GCF_015665495.1
WP_015488412.1#150|Thalassolituus_oleivorans	321	-	+	87	1	321	99213	99533	WP_015488412.1#150	NZ_JADFAA010000025.1	GCF_015665495.1
WP_015488412.1#150|Thalassolituus_oleivorans	447	-	+	1	324	770	98764	99210	WP_015488413.1#150	NZ_JADFAA010000025.1	GCF_015665495.1
WP_015488412.1#150|Thalassolituus_oleivorans	438	-	+	0	1024	1461	98073	98510	WP_025266418.1#150	NZ_JADFAA010000025.1	GCF_015665495.1
WP_015488412.1#150|Thalassolituus_oleivorans	2034	-	+	0	1622	3655	95879	97912	WP_276668576.1#150	NZ_JADFAA010000025.1	GCF_015665495.1
WP_015488412.1#150|Thalassolituus_oleivorans	549	-	-	0	3737	4285	95249	95797	WP_276668574.1#150	NZ_JADFAA010000025.1	GCF_015665495.1



WP_252625990.1#28|Aliidiomarina_quisquiliarum	1200	+	+	0	-2480	-1281	452191	453390	WP_252625986.1#28	NZ_JAMFTN010000014.1	GCF_023922585.1
WP_252625990.1#28|Aliidiomarina_quisquiliarum	597	+	+	0	-1269	-673	453402	453998	WP_252625987.1#28	NZ_JAMFTN010000014.1	GCF_023922585.1
WP_252625990.1#28|Aliidiomarina_quisquiliarum	351	+	+	6	-716	-366	453955	454305	WP_252625988.1#28	NZ_JAMFTN010000014.1	GCF_023922585.1
WP_252625990.1#28|Aliidiomarina_quisquiliarum	216	+	+	0	-300	-85	454371	454586	WP_252625989.1#28	NZ_JAMFTN010000014.1	GCF_023922585.1
WP_252625990.1#28|Aliidiomarina_quisquiliarum	327	+	+	87	1	327	454672	454998	WP_252625990.1#28	NZ_JAMFTN010000014.1	GCF_023922585.1
WP_252625990.1#28|Aliidiomarina_quisquiliarum	444	+	+	1	330	773	455001	455444	WP_252625991.1#28	NZ_JAMFTN010000014.1	GCF_023922585.1
WP_252625990.1#28|Aliidiomarina_quisquiliarum	225	+	-	0	1113	1337	455784	456008	WP_252625992.1#28	NZ_JAMFTN010000014.1	GCF_023922585.1
WP_252625990.1#28|Aliidiomarina_quisquiliarum	2064	+	-	0	1481	3544	456152	458215	WP_252625993.1#28	NZ_JAMFTN010000014.1	GCF_023922585.1
WP_252625990.1#28|Aliidiomarina_quisquiliarum	1245	+	-	0	3681	4925	458352	459596	WP_252625994.1#28	NZ_JAMFTN010000014.1	GCF_023922585.1



WP_262568772.1#15|Endozoicomonas_gorgoniicola	225	-	+	0	-3369	-3145	36117	36341	WP_262568775.1#15	NZ_JAPFCC010000002.1	GCF_025562715.2
WP_262568772.1#15|Endozoicomonas_gorgoniicola	651	-	+	0	-3113	-2463	35435	36085	WP_265442403.1#15	NZ_JAPFCC010000002.1	GCF_025562715.2
WP_262568772.1#15|Endozoicomonas_gorgoniicola	1671	-	+	0	-2393	-723	33695	35365	WP_262568774.1#15	NZ_JAPFCC010000002.1	GCF_025562715.2
WP_262568772.1#15|Endozoicomonas_gorgoniicola	627	-	+	0	-726	-100	33072	33698	WP_262568773.1#15	NZ_JAPFCC010000002.1	GCF_025562715.2
WP_262568772.1#15|Endozoicomonas_gorgoniicola	339	-	+	87	1	339	32633	32971	WP_262568772.1#15	NZ_JAPFCC010000002.1	GCF_025562715.2
WP_262568772.1#15|Endozoicomonas_gorgoniicola	480	-	+	1	309	788	32184	32663	WP_262568771.1#15	NZ_JAPFCC010000002.1	GCF_025562715.2
WP_262568772.1#15|Endozoicomonas_gorgoniicola	138	-	+	0	785	922	32050	32187	WP_262568770.1#15	NZ_JAPFCC010000002.1	GCF_025562715.2
WP_262568772.1#15|Endozoicomonas_gorgoniicola	396	-	+	0	1247	1642	31330	31725	WP_262568769.1#15	NZ_JAPFCC010000002.1	GCF_025562715.2
WP_262568772.1#15|Endozoicomonas_gorgoniicola	417	-	+	0	1639	2055	30917	31333	WP_262568768.1#15	NZ_JAPFCC010000002.1	GCF_025562715.2



WP_193493657.1#147|Nitrincola_alkalisediminis	276	+	-	0	-2744	-2469	350881	351156	WP_193493660.1#147	NZ_BAAGPY010000016.1	GCF_054783755.1
WP_193493657.1#147|Nitrincola_alkalisediminis	573	+	-	1	-2458	-1886	351167	351739	WP_036506767.1#147	NZ_BAAGPY010000016.1	GCF_054783755.1
WP_193493657.1#147|Nitrincola_alkalisediminis	1182	+	+	0	-1755	-574	351870	353051	WP_246187742.1#147	NZ_BAAGPY010000016.1	GCF_054783755.1
WP_193493657.1#147|Nitrincola_alkalisediminis	77	+	+	88	-445	-369	353180	353256	tRNA_147.3*#147	NZ_BAAGPY010000016.1	GCF_054783755.1
WP_193493657.1#147|Nitrincola_alkalisediminis	342	+	+	87	1	342	353626	353967	WP_193493657.1#147	NZ_BAAGPY010000016.1	GCF_054783755.1
WP_193493657.1#147|Nitrincola_alkalisediminis	447	+	+	1	345	791	353970	354416	WP_036506761.1#147	NZ_BAAGPY010000016.1	GCF_054783755.1
WP_193493657.1#147|Nitrincola_alkalisediminis	156	+	-	0	915	1070	354540	354695	WP_246187741.1#147	NZ_BAAGPY010000016.1	GCF_054783755.1
WP_193493657.1#147|Nitrincola_alkalisediminis	417	+	+	55	1035	1451	354660	355076	WP_193493655.1#147	NZ_BAAGPY010000016.1	GCF_054783755.1
WP_193493657.1#147|Nitrincola_alkalisediminis	294	+	-	0	4472	4765	358097	358390	WP_193493653.1#147	NZ_BAAGPY010000016.1	GCF_054783755.1



WP_029030320.1#65|Salinarimonas_rosea_DSM_21201	780	+	+	0	-3501	-2722	195565	196344	WP_029030316.1#65	NZ_AUBC01000007.1	GCF_000429045.1
WP_029030320.1#65|Salinarimonas_rosea_DSM_21201	732	+	+	0	-2701	-1970	196365	197096	WP_029030317.1#65	NZ_AUBC01000007.1	GCF_000429045.1
WP_029030320.1#65|Salinarimonas_rosea_DSM_21201	540	+	+	0	-1970	-1431	197096	197635	WP_029030318.1#65	NZ_AUBC01000007.1	GCF_000429045.1
WP_029030320.1#65|Salinarimonas_rosea_DSM_21201	1341	+	+	41	-1434	-94	197632	198972	WP_029030319.1#65	NZ_AUBC01000007.1	GCF_000429045.1
WP_029030320.1#65|Salinarimonas_rosea_DSM_21201	312	+	+	87	1	312	199067	199378	WP_029030320.1#65	NZ_AUBC01000007.1	GCF_000429045.1
WP_029030320.1#65|Salinarimonas_rosea_DSM_21201	462	+	+	1	322	783	199388	199849	WP_029030321.1#65	NZ_AUBC01000007.1	GCF_000429045.1
WP_029030320.1#65|Salinarimonas_rosea_DSM_21201	246	+	-	0	804	1049	199870	200115	WP_029030322.1#65	NZ_AUBC01000007.1	GCF_000429045.1
WP_029030320.1#65|Salinarimonas_rosea_DSM_21201	552	+	-	0	1049	1600	200115	200666	WP_052341066.1#65	NZ_AUBC01000007.1	GCF_000429045.1
WP_029030320.1#65|Salinarimonas_rosea_DSM_21201	1401	+	-	0	1822	3222	200888	202288	WP_029030323.1#65	NZ_AUBC01000007.1	GCF_000429045.1



WP_297221185.1#130|Thermomonas_sp_	1107	-	+	0	-3525	-2419	133627	134733	WP_297221189.1#130	NZ_JAMLIW010000002.1	GCF_023953935.1
WP_297221185.1#130|Thermomonas_sp_	888	-	+	0	-2422	-1535	132743	133630	WP_297221188.1#130	NZ_JAMLIW010000002.1	GCF_023953935.1
WP_297221185.1#130|Thermomonas_sp_	561	-	+	0	-1538	-978	132186	132746	WP_297221187.1#130	NZ_JAMLIW010000002.1	GCF_023953935.1
WP_297221185.1#130|Thermomonas_sp_	873	-	+	0	-981	-109	131317	132189	WP_297221186.1#130	NZ_JAMLIW010000002.1	GCF_023953935.1
WP_297221185.1#130|Thermomonas_sp_	333	-	+	87	1	333	130875	131207	WP_297221185.1#130	NZ_JAMLIW010000002.1	GCF_023953935.1
WP_297221185.1#130|Thermomonas_sp_	495	-	+	1	330	824	130384	130878	WP_297221184.1#130	NZ_JAMLIW010000002.1	GCF_023953935.1
WP_297221185.1#130|Thermomonas_sp_	333	-	+	0	917	1249	129959	130291	WP_297221183.1#130	NZ_JAMLIW010000002.1	GCF_023953935.1
WP_297221185.1#130|Thermomonas_sp_	1311	-	+	0	1349	2659	128549	129859	WP_297221182.1#130	NZ_JAMLIW010000002.1	GCF_023953935.1
WP_297221185.1#130|Thermomonas_sp_	903	-	+	0	2742	3644	127564	128466	WP_297221181.1#130	NZ_JAMLIW010000002.1	GCF_023953935.1



WP_269823603.1#31|Agrobacterium_salinitolerans	192	-	+	25	-5292	-5101	26533	26724	WP_269823607.1#31	NZ_JAPZLO010000003.1	GCF_027498545.1
WP_269823603.1#31|Agrobacterium_salinitolerans	3777	-	+	0	-5034	-1258	22690	26466	WP_269823606.1#31	NZ_JAPZLO010000003.1	GCF_027498545.1
WP_269823603.1#31|Agrobacterium_salinitolerans	636	-	+	0	-1253	-618	22050	22685	WP_269823605.1#31	NZ_JAPZLO010000003.1	GCF_027498545.1
WP_269823603.1#31|Agrobacterium_salinitolerans	519	-	+	17	-625	-107	21539	22057	WP_269823604.1#31	NZ_JAPZLO010000003.1	GCF_027498545.1
WP_269823603.1#31|Agrobacterium_salinitolerans	336	-	+	87	1	336	21096	21431	WP_269823603.1#31	NZ_JAPZLO010000003.1	GCF_027498545.1
WP_269823603.1#31|Agrobacterium_salinitolerans	489	-	+	1	338	826	20606	21094	WP_269823602.1#31	NZ_JAPZLO010000003.1	GCF_027498545.1
WP_269823603.1#31|Agrobacterium_salinitolerans	522	-	-	0	872	1393	20039	20560	WP_269823601.1#31	NZ_JAPZLO010000003.1	GCF_027498545.1
WP_269823603.1#31|Agrobacterium_salinitolerans	354	-	-	0	1404	1757	19675	20028	WP_269823600.1#31	NZ_JAPZLO010000003.1	GCF_027498545.1
WP_269823603.1#31|Agrobacterium_salinitolerans	984	-	-	0	1766	2749	18683	19666	WP_269823599.1#31	NZ_JAPZLO010000003.1	GCF_027498545.1



WP_097050886.1#165|Thalassospira_xiamenensis	579	-	+	19	-3750	-3172	1385717	1386295	WP_097050890.1#165	NZ_OBMM01000001.1	GCF_900217835.1
WP_097050886.1#165|Thalassospira_xiamenensis	600	-	+	19	-3100	-2501	1385046	1385645	WP_097050889.1#165	NZ_OBMM01000001.1	GCF_900217835.1
WP_097050886.1#165|Thalassospira_xiamenensis	1509	-	-	11	-2309	-801	1383346	1384854	WP_170954057.1#165	NZ_OBMM01000001.1	GCF_900217835.1
WP_097050886.1#165|Thalassospira_xiamenensis	570	-	+	30	-675	-106	1382651	1383220	WP_097050887.1#165	NZ_OBMM01000001.1	GCF_900217835.1
WP_097050886.1#165|Thalassospira_xiamenensis	393	-	+	87	1	393	1382152	1382544	WP_097050886.1#165	NZ_OBMM01000001.1	GCF_900217835.1
WP_097050886.1#165|Thalassospira_xiamenensis	462	-	+	1	390	851	1381694	1382155	WP_097050885.1#165	NZ_OBMM01000001.1	GCF_900217835.1
WP_097050886.1#165|Thalassospira_xiamenensis	1923	-	+	29	938	2860	1379685	1381607	WP_097050884.1#165	NZ_OBMM01000001.1	GCF_900217835.1
WP_097050886.1#165|Thalassospira_xiamenensis	444	-	+	0	2860	3303	1379242	1379685	WP_097050883.1#165	NZ_OBMM01000001.1	GCF_900217835.1
WP_097050886.1#165|Thalassospira_xiamenensis	1404	-	+	0	3605	5008	1377537	1378940	WP_097050882.1#165	NZ_OBMM01000001.1	GCF_900217835.1



WP_151682396.1#21|Brucella_pseudintermedia	210	-	+	49	-2037	-1828	3134	3343	WP_121982997.1#21	NZ_WBWE01000012.1	GCF_008932435.1
WP_151682396.1#21|Brucella_pseudintermedia	243	-	-	0	-1426	-1184	2490	2732	WP_235925452.1#21	NZ_WBWE01000012.1	GCF_008932435.1
WP_151682396.1#21|Brucella_pseudintermedia	282	-	-	0	-1072	-791	2097	2378	WP_151682398.1#21	NZ_WBWE01000012.1	GCF_008932435.1
WP_151682396.1#21|Brucella_pseudintermedia	684	-	-	0	-794	-111	1417	2100	WP_151682397.1#21	NZ_WBWE01000012.1	GCF_008932435.1
WP_151682396.1#21|Brucella_pseudintermedia	342	-	+	87	1	342	964	1305	WP_151682396.1#21	NZ_WBWE01000012.1	GCF_008932435.1
WP_151682396.1#21|Brucella_pseudintermedia	513	-	+	1	339	851	455	967	WP_167518126.1#21	NZ_WBWE01000012.1	GCF_008932435.1



WP_156807933.1#6|Henriciella_marina_DSM_19595	771	+	-	0	-3876	-3106	2534399	2535169	WP_018148923.1#6	NZ_AQXT01000002.1	GCF_000376805.1
WP_156807933.1#6|Henriciella_marina_DSM_19595	912	+	+	0	-3107	-2196	2535168	2536079	WP_018148924.1#6	NZ_AQXT01000002.1	GCF_000376805.1
WP_156807933.1#6|Henriciella_marina_DSM_19595	678	+	-	0	-2075	-1398	2536200	2536877	WP_018148925.1#6	NZ_AQXT01000002.1	GCF_000376805.1
WP_156807933.1#6|Henriciella_marina_DSM_19595	933	+	+	0	-1180	-248	2537095	2538027	WP_018148926.1#6	NZ_AQXT01000002.1	GCF_000376805.1
WP_156807933.1#6|Henriciella_marina_DSM_19595	336	+	+	87	1	336	2538276	2538611	WP_156807933.1#6	NZ_AQXT01000002.1	GCF_000376805.1
WP_156807933.1#6|Henriciella_marina_DSM_19595	540	+	+	1	336	875	2538611	2539150	WP_018148928.1#6	NZ_AQXT01000002.1	GCF_000376805.1
WP_156807933.1#6|Henriciella_marina_DSM_19595	723	+	-	0	920	1642	2539195	2539917	WP_083910987.1#6	NZ_AQXT01000002.1	GCF_000376805.1
WP_156807933.1#6|Henriciella_marina_DSM_19595	897	+	-	3	1795	2691	2540070	2540966	WP_083910988.1#6	NZ_AQXT01000002.1	GCF_000376805.1
WP_156807933.1#6|Henriciella_marina_DSM_19595	978	+	-	65	2859	3836	2541134	2542111	WP_026180759.1#6	NZ_AQXT01000002.1	GCF_000376805.1



WP_112315339.1#46|Rhodovulum_viride	630	+	+	0	-2664	-2035	48462	49091	WP_108024676.1#46	NZ_MUAV01000006.1	GCF_003265965.1
WP_112315339.1#46|Rhodovulum_viride	315	+	-	0	-2006	-1692	49120	49434	WP_075785030.1#46	NZ_MUAV01000006.1	GCF_003265965.1
WP_112315339.1#46|Rhodovulum_viride	879	+	-	0	-1533	-655	49593	50471	WP_112315337.1#46	NZ_MUAV01000006.1	GCF_003265965.1
WP_112315339.1#46|Rhodovulum_viride	417	+	-	0	-658	-242	50468	50884	WP_112315338.1#46	NZ_MUAV01000006.1	GCF_003265965.1
WP_112315339.1#46|Rhodovulum_viride	339	+	+	87	1	339	51127	51465	WP_112315339.1#46	NZ_MUAV01000006.1	GCF_003265965.1
WP_112315339.1#46|Rhodovulum_viride	495	+	+	1	336	830	51462	51956	WP_220086798.1#46	NZ_MUAV01000006.1	GCF_003265965.1
WP_112315339.1#46|Rhodovulum_viride	1668	+	-	10	866	2533	51992	53659	WP_108025072.1#46	NZ_MUAV01000006.1	GCF_003265965.1
WP_112315339.1#46|Rhodovulum_viride	603	+	+	45	2656	3258	53782	54384	WP_112315340.1#46	NZ_MUAV01000006.1	GCF_003265965.1
WP_112315339.1#46|Rhodovulum_viride	1491	+	+	0	3329	4819	54455	55945	WP_112315341.1#46	NZ_MUAV01000006.1	GCF_003265965.1



WP_083697732.1#139|Salipiger_sp__D13	2217	+	-	36	-6862	-4646	225132	227348	WP_229743228.1#139	NZ_ML112592.1	GCF_003703915.1
WP_083697732.1#139|Salipiger_sp__D13	429	+	+	57	-4490	-4062	227504	227932	WP_017468373.1#139	NZ_ML112592.1	GCF_003703915.1
WP_083697732.1#139|Salipiger_sp__D13	567	+	+	0	-3543	-2977	228451	229017	WP_229743227.1#139	NZ_ML112592.1	GCF_003703915.1
WP_083697732.1#139|Salipiger_sp__D13	252	+	+	0	-2930	-2679	229064	229315	WP_017467506.1#139	NZ_ML112592.1	GCF_003703915.1
WP_083697732.1#139|Salipiger_sp__D13	342	+	+	87	1	342	231995	232336	WP_083697732.1#139	NZ_ML112592.1	GCF_003703915.1
WP_083697732.1#139|Salipiger_sp__D13	501	+	+	1	339	839	232333	232833	WP_076622273.1#139	NZ_ML112592.1	GCF_003703915.1
WP_083697732.1#139|Salipiger_sp__D13	192	+	-	0	904	1095	232898	233089	WP_076622274.1#139	NZ_ML112592.1	GCF_003703915.1
WP_083697732.1#139|Salipiger_sp__D13	519	+	+	0	1346	1864	233340	233858	WP_128549228.1#139	NZ_ML112592.1	GCF_003703915.1
WP_083697732.1#139|Salipiger_sp__D13	357	+	-	0	2112	2468	234106	234462	WP_229743226.1#139	NZ_ML112592.1	GCF_003703915.1



WP_011446374.1#135|Novosphingobium_aromaticivorans_DSM_12444	2271	-	-	33	-3816	-1546	2960755	2963025	WP_011446378.1#135	NC_007794.1	GCF_000013325.1
WP_011446374.1#135|Novosphingobium_aromaticivorans_DSM_12444	267	-	-	0	-1486	-1220	2960429	2960695	WP_011446377.1#135	NC_007794.1	GCF_000013325.1
WP_011446374.1#135|Novosphingobium_aromaticivorans_DSM_12444	405	-	-	0	-1013	-609	2959818	2960222	WP_011446376.1#135	NC_007794.1	GCF_000013325.1
WP_011446374.1#135|Novosphingobium_aromaticivorans_DSM_12444	450	-	-	0	-605	-156	2959365	2959814	WP_011446375.1#135	NC_007794.1	GCF_000013325.1
WP_011446374.1#135|Novosphingobium_aromaticivorans_DSM_12444	333	-	+	87	1	333	2958876	2959208	WP_011446374.1#135	NC_007794.1	GCF_000013325.1
WP_011446374.1#135|Novosphingobium_aromaticivorans_DSM_12444	501	-	+	1	330	830	2958379	2958879	WP_011446373.1#135	NC_007794.1	GCF_000013325.1
WP_011446374.1#135|Novosphingobium_aromaticivorans_DSM_12444	231	-	-	0	838	1068	2958141	2958371	WP_011446372.1#135	NC_007794.1	GCF_000013325.1
WP_011446374.1#135|Novosphingobium_aromaticivorans_DSM_12444	432	-	-	0	1089	1520	2957689	2958120	WP_011446371.1#135	NC_007794.1	GCF_000013325.1
WP_011446374.1#135|Novosphingobium_aromaticivorans_DSM_12444	183	-	-	0	1462	1644	2957565	2957747	WP_143004994.1#135	NC_007794.1	GCF_000013325.1



WP_264938849.1#29|Sphingomonas_caeni	1887	+	+	0	-4426	-2540	44722	46608	WP_264938845.1#29	NZ_JAPDOK010000002.1	GCF_026013415.1
WP_264938849.1#29|Sphingomonas_caeni	615	+	-	0	-2492	-1878	46656	47270	WP_264938846.1#29	NZ_JAPDOK010000002.1	GCF_026013415.1
WP_264938849.1#29|Sphingomonas_caeni	774	+	-	0	-1843	-1070	47305	48078	WP_264938847.1#29	NZ_JAPDOK010000002.1	GCF_026013415.1
WP_264938849.1#29|Sphingomonas_caeni	885	+	-	0	-989	-105	48159	49043	WP_264938848.1#29	NZ_JAPDOK010000002.1	GCF_026013415.1
WP_264938849.1#29|Sphingomonas_caeni	339	+	+	87	1	339	49149	49487	WP_264938849.1#29	NZ_JAPDOK010000002.1	GCF_026013415.1
WP_264938849.1#29|Sphingomonas_caeni	513	+	+	1	336	848	49484	49996	WP_264938850.1#29	NZ_JAPDOK010000002.1	GCF_026013415.1
WP_264938849.1#29|Sphingomonas_caeni	228	+	-	0	880	1107	50028	50255	WP_264938851.1#29	NZ_JAPDOK010000002.1	GCF_026013415.1
WP_264938849.1#29|Sphingomonas_caeni	342	+	-	0	1367	1708	50515	50856	WP_264938852.1#29	NZ_JAPDOK010000002.1	GCF_026013415.1
WP_264938849.1#29|Sphingomonas_caeni	1002	+	+	0	1921	2922	51069	52070	WP_264938853.1#29	NZ_JAPDOK010000002.1	GCF_026013415.1



WP_070935172.1#40|Edaphosphingomonas_haloaromaticamans	198	+	-	0	-1901	-1704	4436042	4436239	WP_139181793.1#40	NZ_MIPT01000001.1	GCF_001853345.1
WP_070935172.1#40|Edaphosphingomonas_haloaromaticamans	459	+	-	0	-1698	-1240	4436245	4436703	WP_070935169.1#40	NZ_MIPT01000001.1	GCF_001853345.1
WP_070935172.1#40|Edaphosphingomonas_haloaromaticamans	459	+	-	0	-1110	-652	4436833	4437291	WP_139181794.1#40	NZ_MIPT01000001.1	GCF_001853345.1
WP_070935172.1#40|Edaphosphingomonas_haloaromaticamans	297	+	+	0	-378	-82	4437565	4437861	WP_139181796.1#40	NZ_MIPT01000001.1	GCF_001853345.1
WP_070935172.1#40|Edaphosphingomonas_haloaromaticamans	336	+	+	87	1	336	4437944	4438279	WP_070935172.1#40	NZ_MIPT01000001.1	GCF_001853345.1
WP_070935172.1#40|Edaphosphingomonas_haloaromaticamans	504	+	+	1	333	836	4438276	4438779	WP_070935173.1#40	NZ_MIPT01000001.1	GCF_001853345.1
WP_070935172.1#40|Edaphosphingomonas_haloaromaticamans	1338	+	-	0	1408	2745	4439351	4440688	WP_084653400.1#40	NZ_MIPT01000001.1	GCF_001853345.1
WP_070935172.1#40|Edaphosphingomonas_haloaromaticamans	417	+	-	0	2746	3162	4440689	4441105	WP_139181798.1#40	NZ_MIPT01000001.1	GCF_001853345.1
WP_070935172.1#40|Edaphosphingomonas_haloaromaticamans	252	+	-	0	3159	3410	4441102	4441353	WP_139181799.1#40	NZ_MIPT01000001.1	GCF_001853345.1



WP_243996252.1#73|Novosphingobium_album__ex_Hu_et_al__2023_	687	+	+	3	-4787	-4101	32524	33210	WP_243996248.1#73	NZ_JALHLE010000043.1	GCF_022832385.1
WP_243996252.1#73|Novosphingobium_album__ex_Hu_et_al__2023_	1356	+	+	3	-4104	-2749	33207	34562	WP_243996249.1#73	NZ_JALHLE010000043.1	GCF_022832385.1
WP_243996252.1#73|Novosphingobium_album__ex_Hu_et_al__2023_	897	+	+	0	-2572	-1676	34739	35635	WP_243996250.1#73	NZ_JALHLE010000043.1	GCF_022832385.1
WP_243996252.1#73|Novosphingobium_album__ex_Hu_et_al__2023_	1233	+	+	0	-1679	-447	35632	36864	WP_243996251.1#73	NZ_JALHLE010000043.1	GCF_022832385.1
WP_243996252.1#73|Novosphingobium_album__ex_Hu_et_al__2023_	336	+	+	87	1	336	37312	37647	WP_243996252.1#73	NZ_JALHLE010000043.1	GCF_022832385.1
WP_243996252.1#73|Novosphingobium_album__ex_Hu_et_al__2023_	498	+	+	1	333	830	37644	38141	WP_243996253.1#73	NZ_JALHLE010000043.1	GCF_022832385.1
WP_243996252.1#73|Novosphingobium_album__ex_Hu_et_al__2023_	144	+	+	0	1207	1350	38518	38661	WP_243996254.1#73	NZ_JALHLE010000043.1	GCF_022832385.1
WP_243996252.1#73|Novosphingobium_album__ex_Hu_et_al__2023_	441	+	+	17	1484	1924	38795	39235	WP_419144971.1#73	NZ_JALHLE010000043.1	GCF_022832385.1
WP_243996252.1#73|Novosphingobium_album__ex_Hu_et_al__2023_	600	+	-	0	1940	2539	39251	39850	WP_243996255.1#73	NZ_JALHLE010000043.1	GCF_022832385.1



WP_218404855.1#26|Erythrobacter_crassostreae	879	-	-	0	-4358	-3480	1782792	1783670	WP_218405422.1#26	NZ_JAGSPC010000001.1	GCF_019204045.1
WP_218404855.1#26|Erythrobacter_crassostreae	756	-	-	0	-3457	-2702	1782014	1782769	WP_218404858.1#26	NZ_JAGSPC010000001.1	GCF_019204045.1
WP_218404855.1#26|Erythrobacter_crassostreae	1110	-	+	0	-2524	-1415	1780727	1781836	WP_218404857.1#26	NZ_JAGSPC010000001.1	GCF_019204045.1
WP_218404855.1#26|Erythrobacter_crassostreae	1131	-	-	0	-1454	-324	1779636	1780766	WP_218404856.1#26	NZ_JAGSPC010000001.1	GCF_019204045.1
WP_218404855.1#26|Erythrobacter_crassostreae	336	-	+	87	1	336	1778976	1779311	WP_218404855.1#26	NZ_JAGSPC010000001.1	GCF_019204045.1
WP_218404855.1#26|Erythrobacter_crassostreae	516	-	+	1	321	836	1778476	1778991	WP_369410181.1#26	NZ_JAGSPC010000001.1	GCF_019204045.1
WP_218404855.1#26|Erythrobacter_crassostreae	825	-	+	0	1250	2074	1777238	1778062	WP_218404853.1#26	NZ_JAGSPC010000001.1	GCF_019204045.1
WP_218404855.1#26|Erythrobacter_crassostreae	86	-	-	88	2419	2504	1776808	1776893	tRNA_26.1*#26	NZ_JAGSPC010000001.1	GCF_019204045.1
WP_218404855.1#26|Erythrobacter_crassostreae	792	-	+	0	2666	3457	1775855	1776646	WP_218404852.1#26	NZ_JAGSPC010000001.1	GCF_019204045.1



WP_266107131.1#76|Bombella_saccharophila	216	-	-	0	-1995	-1780	2354	2569	WP_266107136.1#76	NZ_JANIDW010000008.1	GCF_026385475.1
WP_266107131.1#76|Bombella_saccharophila	459	-	-	0	-1776	-1318	1892	2350	WP_266107135.1#76	NZ_JANIDW010000008.1	GCF_026385475.1
WP_266107131.1#76|Bombella_saccharophila	174	-	-	89	-971	-798	1372	1545	pseudogene_76.4*#76	NZ_JANIDW010000008.1	GCF_026385475.1
WP_266107131.1#76|Bombella_saccharophila	282	-	-	0	-585	-304	878	1159	WP_407651840.1#76	NZ_JANIDW010000008.1	GCF_026385475.1
WP_266107131.1#76|Bombella_saccharophila	249	-	+	87	1	249	325	573	WP_266107131.1#76	NZ_JANIDW010000008.1	GCF_026385475.1
WP_266107131.1#76|Bombella_saccharophila	287	-	+	1	287	573	1	287	WP_266107130.1#76	NZ_JANIDW010000008.1	GCF_026385475.1



WP_131990826.1#143|Acidipila_rosea	837	+	-	0	-5739	-4903	225262	226098	WP_131990818.1#143	NZ_SMGK01000001.1	GCF_004339725.1
WP_131990826.1#143|Acidipila_rosea	2754	+	-	66	-4906	-2153	226095	228848	WP_131990820.1#143	NZ_SMGK01000001.1	GCF_004339725.1
WP_131990826.1#143|Acidipila_rosea	975	+	-	0	-2036	-1062	228965	229939	WP_131990822.1#143	NZ_SMGK01000001.1	GCF_004339725.1
WP_131990826.1#143|Acidipila_rosea	918	+	-	0	-982	-65	230019	230936	WP_131990824.1#143	NZ_SMGK01000001.1	GCF_004339725.1
WP_131990826.1#143|Acidipila_rosea	309	+	+	87	1	309	231002	231310	WP_131990826.1#143	NZ_SMGK01000001.1	GCF_004339725.1
WP_131990826.1#143|Acidipila_rosea	537	+	+	1	331	867	231332	231868	WP_131990828.1#143	NZ_SMGK01000001.1	GCF_004339725.1
WP_131990826.1#143|Acidipila_rosea	351	+	+	0	883	1233	231884	232234	WP_131990830.1#143	NZ_SMGK01000001.1	GCF_004339725.1
WP_131990826.1#143|Acidipila_rosea	1428	+	-	2	1465	2892	232466	233893	WP_131990832.1#143	NZ_SMGK01000001.1	GCF_004339725.1
WP_131990826.1#143|Acidipila_rosea	831	+	-	0	3077	3907	234078	234908	WP_165876573.1#143	NZ_SMGK01000001.1	GCF_004339725.1



WP_140940363.1#4|Prosthecodimorpha_hirschii	1011	+	-	0	-4674	-3664	2393179	2394189	WP_264410722.1#4	NZ_JAPCYQ010000001.1	GCF_025942145.1
WP_140940363.1#4|Prosthecodimorpha_hirschii	558	+	-	0	-3667	-3110	2394186	2394743	WP_264410723.1#4	NZ_JAPCYQ010000001.1	GCF_025942145.1
WP_140940363.1#4|Prosthecodimorpha_hirschii	735	+	-	0	-3119	-2385	2394734	2395468	WP_264410724.1#4	NZ_JAPCYQ010000001.1	GCF_025942145.1
WP_140940363.1#4|Prosthecodimorpha_hirschii	2004	+	+	0	-2146	-143	2395707	2397710	WP_264410725.1#4	NZ_JAPCYQ010000001.1	GCF_025942145.1
WP_140940363.1#4|Prosthecodimorpha_hirschii	342	+	+	87	1	342	2397854	2398195	WP_140940363.1#4	NZ_JAPCYQ010000001.1	GCF_025942145.1
WP_140940363.1#4|Prosthecodimorpha_hirschii	453	+	+	1	419	871	2398272	2398724	WP_264410726.1#4	NZ_JAPCYQ010000001.1	GCF_025942145.1
WP_140940363.1#4|Prosthecodimorpha_hirschii	1431	+	-	0	914	2344	2398767	2400197	WP_264410727.1#4	NZ_JAPCYQ010000001.1	GCF_025942145.1
WP_140940363.1#4|Prosthecodimorpha_hirschii	1983	+	-	83	2341	4323	2400194	2402176	WP_264410728.1#4	NZ_JAPCYQ010000001.1	GCF_025942145.1
WP_140940363.1#4|Prosthecodimorpha_hirschii	1290	+	-	83	4317	5606	2402170	2403459	WP_338109667.1#4	NZ_JAPCYQ010000001.1	GCF_025942145.1



WP_136876107.1#68|Desulforhopalus_sp__IMCC35007	633	+	+	0	-1254	-622	768	1400	WP_136876105.1#68	NZ_SWCN01000037.1	GCF_005116575.1
WP_136876107.1#68|Desulforhopalus_sp__IMCC35007	306	+	+	87	1	306	2023	2328	WP_136876107.1#68	NZ_SWCN01000037.1	GCF_005116575.1
WP_136876107.1#68|Desulforhopalus_sp__IMCC35007	525	+	+	1	379	903	2401	2925	WP_136876109.1#68	NZ_SWCN01000037.1	GCF_005116575.1
WP_136876107.1#68|Desulforhopalus_sp__IMCC35007	567	+	-	0	1126	1692	3148	3714	WP_136876111.1#68	NZ_SWCN01000037.1	GCF_005116575.1
WP_136876107.1#68|Desulforhopalus_sp__IMCC35007	606	+	-	34	2244	2849	4266	4871	WP_136876113.1#68	NZ_SWCN01000037.1	GCF_005116575.1
WP_136876107.1#68|Desulforhopalus_sp__IMCC35007	489	+	-	1	2857	3345	4879	5367	WP_136876115.1#68	NZ_SWCN01000037.1	GCF_005116575.1



WP_319549331.1#92|Desulfogranum_marinum	771	-	-	0	-3442	-2672	1189118	1189888	WP_319549334.1#92	NZ_CAXXRO010000004.1	GCF_963675105.2
WP_319549331.1#92|Desulfogranum_marinum	255	-	-	0	-2542	-2288	1188734	1188988	WP_319549333.1#92	NZ_CAXXRO010000004.1	GCF_963675105.2
WP_319549331.1#92|Desulfogranum_marinum	975	-	+	0	-1922	-948	1187394	1188368	WP_319549332.1#92	NZ_CAXXRO010000004.1	GCF_963675105.2
WP_319549331.1#92|Desulfogranum_marinum	273	-	-	0	-770	-498	1186944	1187216	WP_394713443.1#92	NZ_CAXXRO010000004.1	GCF_963675105.2
WP_319549331.1#92|Desulfogranum_marinum	306	-	+	87	1	306	1186140	1186445	WP_319549331.1#92	NZ_CAXXRO010000004.1	GCF_963675105.2
WP_319549331.1#92|Desulfogranum_marinum	531	-	+	1	316	846	1185600	1186130	WP_319549330.1#92	NZ_CAXXRO010000004.1	GCF_963675105.2
WP_319549331.1#92|Desulfogranum_marinum	246	-	-	0	2282	2527	1183919	1184164	WP_319549329.1#92	NZ_CAXXRO010000004.1	GCF_963675105.2
WP_319549331.1#92|Desulfogranum_marinum	459	-	+	0	2764	3222	1183224	1183682	WP_319549328.1#92	NZ_CAXXRO010000004.1	GCF_963675105.2
WP_319549331.1#92|Desulfogranum_marinum	1272	-	+	0	3312	4583	1181863	1183134	WP_319549327.1#92	NZ_CAXXRO010000004.1	GCF_963675105.2



WP_011697931.1#149|Syntrophobacter_fumaroxidans_MPOB	666	-	+	0	-4814	-4149	1318831	1319496	WP_150109439.1#149	NC_008554.1	GCF_000014965.1
WP_011697931.1#149|Syntrophobacter_fumaroxidans_MPOB	204	-	+	0	-3558	-3355	1318037	1318240	WP_041439959.1#149	NC_008554.1	GCF_000014965.1
WP_011697931.1#149|Syntrophobacter_fumaroxidans_MPOB	546	-	+	0	-2520	-1975	1316657	1317202	WP_041439956.1#149	NC_008554.1	GCF_000014965.1
WP_011697931.1#149|Syntrophobacter_fumaroxidans_MPOB	1407	-	-	0	-1857	-451	1315133	1316539	WP_011697932.1#149	NC_008554.1	GCF_000014965.1
WP_011697931.1#149|Syntrophobacter_fumaroxidans_MPOB	318	-	+	87	1	318	1314364	1314681	WP_011697931.1#149	NC_008554.1	GCF_000014965.1
WP_011697931.1#149|Syntrophobacter_fumaroxidans_MPOB	501	-	+	1	293	793	1313889	1314389	WP_083763954.1#149	NC_008554.1	GCF_000014965.1
WP_011697931.1#149|Syntrophobacter_fumaroxidans_MPOB	77	-	-	88	1312	1388	1313294	1313370	tRNA_149.6*#149	NC_008554.1	GCF_000014965.1
WP_011697931.1#149|Syntrophobacter_fumaroxidans_MPOB	561	-	-	0	1904	2464	1312218	1312778	WP_011697929.1#149	NC_008554.1	GCF_000014965.1
WP_011697931.1#149|Syntrophobacter_fumaroxidans_MPOB	420	-	-	0	2763	3182	1311500	1311919	WP_041439947.1#149	NC_008554.1	GCF_000014965.1



WP_244082350.1#56|Desulforhabdus_sp__TSK	870	-	-	13	-3625	-2756	7067	7936	WP_244082353.1#56	NZ_BQXM01000002.1	GCF_022836495.1
WP_244082350.1#56|Desulforhabdus_sp__TSK	780	-	-	0	-2748	-1969	6280	7059	WP_244082352.1#56	NZ_BQXM01000002.1	GCF_022836495.1
WP_244082350.1#56|Desulforhabdus_sp__TSK	483	-	+	0	-1797	-1315	5626	6108	WP_244082351.1#56	NZ_BQXM01000002.1	GCF_022836495.1
WP_244082350.1#56|Desulforhabdus_sp__TSK	76	-	+	88	-1006	-931	5242	5317	tRNA_56.0*#56	NZ_BQXM01000002.1	GCF_022836495.1
WP_244082350.1#56|Desulforhabdus_sp__TSK	294	-	+	87	1	294	4017	4310	WP_244082350.1#56	NZ_BQXM01000002.1	GCF_022836495.1
WP_244082350.1#56|Desulforhabdus_sp__TSK	489	-	+	1	305	793	3518	4006	WP_244082349.1#56	NZ_BQXM01000002.1	GCF_022836495.1
WP_244082350.1#56|Desulforhabdus_sp__TSK	1749	-	+	0	999	2747	1564	3312	WP_244082348.1#56	NZ_BQXM01000002.1	GCF_022836495.1
WP_244082350.1#56|Desulforhabdus_sp__TSK	975	-	-	12	2829	3803	508	1482	WP_244082347.1#56	NZ_BQXM01000002.1	GCF_022836495.1



WP_319589173.1#36|uncultured_Desulfobulbus_sp_	1269	+	-	0	-4356	-3088	512596	513864	WP_319585365.1#36	NZ_CAXXTL010000003.1	GCF_963662935.2
WP_319589173.1#36|uncultured_Desulfobulbus_sp_	609	+	+	0	-2926	-2318	514026	514634	WP_319589171.1#36	NZ_CAXXTL010000003.1	GCF_963662935.2
WP_319589173.1#36|uncultured_Desulfobulbus_sp_	513	+	+	0	-2321	-1809	514631	515143	WP_319589172.1#36	NZ_CAXXTL010000003.1	GCF_963662935.2
WP_319589173.1#36|uncultured_Desulfobulbus_sp_	1148	+	+	6	-1780	-633	515172	516319	WP_319585211.1#36	NZ_CAXXTL010000003.1	GCF_963662935.2
WP_319589173.1#36|uncultured_Desulfobulbus_sp_	348	+	+	87	1	348	516953	517300	WP_319589173.1#36	NZ_CAXXTL010000003.1	GCF_963662935.2
WP_319589173.1#36|uncultured_Desulfobulbus_sp_	942	+	-	6	293	1234	517245	518186	WP_319585350.1#36	NZ_CAXXTL010000003.1	GCF_963662935.2
WP_319589173.1#36|uncultured_Desulfobulbus_sp_	327	+	-	6	1309	1635	518261	518587	WP_319585208.1#36	NZ_CAXXTL010000003.1	GCF_963662935.2
WP_319589173.1#36|uncultured_Desulfobulbus_sp_	522	+	+	1	1757	2278	518709	519230	WP_319589174.1#36	NZ_CAXXTL010000003.1	GCF_963662935.2
WP_319589173.1#36|uncultured_Desulfobulbus_sp_	3786	+	-	3	2864	6649	519816	523601	WP_319589175.1#36	NZ_CAXXTL010000003.1	GCF_963662935.2



WP_084511584.1#41|Desulfatibacillum_aliphaticivorans_DSM_15576	1434	-	-	40	-6767	-5334	16752	18185	WP_028315634.1#41	NZ_AUCT01000022.1	GCF_000429905.1
WP_084511584.1#41|Desulfatibacillum_aliphaticivorans_DSM_15576	1407	-	-	40	-5330	-3924	15342	16748	WP_028315633.1#41	NZ_AUCT01000022.1	GCF_000429905.1
WP_084511584.1#41|Desulfatibacillum_aliphaticivorans_DSM_15576	2334	-	+	12	-3623	-1290	12708	15041	WP_169829469.1#41	NZ_AUCT01000022.1	GCF_000429905.1
WP_084511584.1#41|Desulfatibacillum_aliphaticivorans_DSM_15576	1005	-	+	11	-1051	-47	11465	12469	WP_169829468.1#41	NZ_AUCT01000022.1	GCF_000429905.1
WP_084511584.1#41|Desulfatibacillum_aliphaticivorans_DSM_15576	300	-	+	87	1	300	11118	11417	WP_084511584.1#41	NZ_AUCT01000022.1	GCF_000429905.1
WP_084511584.1#41|Desulfatibacillum_aliphaticivorans_DSM_15576	606	-	+	1	297	902	10516	11121	WP_051327368.1#41	NZ_AUCT01000022.1	GCF_000429905.1
WP_084511584.1#41|Desulfatibacillum_aliphaticivorans_DSM_15576	1044	-	-	0	878	1921	9497	10540	WP_028315630.1#41	NZ_AUCT01000022.1	GCF_000429905.1
WP_084511584.1#41|Desulfatibacillum_aliphaticivorans_DSM_15576	1422	-	+	12	2235	3656	7762	9183	WP_028315629.1#41	NZ_AUCT01000022.1	GCF_000429905.1
WP_084511584.1#41|Desulfatibacillum_aliphaticivorans_DSM_15576	1422	-	-	0	4286	5707	5711	7132	WP_015946979.1#41	NZ_AUCT01000022.1	GCF_000429905.1



WP_178368141.1#9|Desulfobacter_latus	282	-	+	87	1	282	9469	9750	WP_178368141.1#9	NZ_JACADJ010000098.1	GCF_013389365.1
WP_178368141.1#9|Desulfobacter_latus	507	-	+	1	295	801	8950	9456	WP_178368140.1#9	NZ_JACADJ010000098.1	GCF_013389365.1
WP_178368141.1#9|Desulfobacter_latus	921	-	-	0	931	1851	7900	8820	WP_178368139.1#9	NZ_JACADJ010000098.1	GCF_013389365.1
WP_178368141.1#9|Desulfobacter_latus	1758	-	-	27	2046	3803	5948	7705	WP_178368138.1#9	NZ_JACADJ010000098.1	GCF_013389365.1
WP_178368141.1#9|Desulfobacter_latus	1089	-	+	0	4186	5274	4477	5565	WP_178368137.1#9	NZ_JACADJ010000098.1	GCF_013389365.1



WP_143027076.1#5|Rhodospira_trueperi	291	-	+	0	-2589	-2299	8146	8436	WP_245699058.1#5	NZ_FNAP01000002.1	GCF_900101965.1
WP_143027076.1#5|Rhodospira_trueperi	789	-	+	72	-2251	-1463	7310	8098	WP_245699057.1#5	NZ_FNAP01000002.1	GCF_900101965.1
WP_143027076.1#5|Rhodospira_trueperi	822	-	+	71	-1308	-487	6334	7155	WP_092782224.1#5	NZ_FNAP01000002.1	GCF_900101965.1
WP_143027076.1#5|Rhodospira_trueperi	237	-	+	70	-326	-90	5937	6173	WP_092782221.1#5	NZ_FNAP01000002.1	GCF_900101965.1
WP_143027076.1#5|Rhodospira_trueperi	369	-	+	87	1	369	5478	5846	WP_143027076.1#5	NZ_FNAP01000002.1	GCF_900101965.1
WP_143027076.1#5|Rhodospira_trueperi	474	-	+	1	397	870	4977	5450	WP_092782215.1#5	NZ_FNAP01000002.1	GCF_900101965.1
WP_143027076.1#5|Rhodospira_trueperi	570	-	+	30	1079	1648	4199	4768	WP_092782212.1#5	NZ_FNAP01000002.1	GCF_900101965.1
WP_143027076.1#5|Rhodospira_trueperi	1905	-	+	29	1645	3549	2298	4202	WP_092782209.1#5	NZ_FNAP01000002.1	GCF_900101965.1
WP_143027076.1#5|Rhodospira_trueperi	726	-	+	69	3549	4274	1573	2298	WP_092782206.1#5	NZ_FNAP01000002.1	GCF_900101965.1



WP_326864239.1#107|Pseudolabrys_sp_	291	+	+	0	-1874	-1584	358	648	WP_326864236.1#107	NZ_DASZBV010000019.1	GCF_035943735.1
WP_326864239.1#107|Pseudolabrys_sp_	285	+	+	0	-1582	-1298	650	934	WP_326864237.1#107	NZ_DASZBV010000019.1	GCF_035943735.1
WP_326864239.1#107|Pseudolabrys_sp_	552	+	+	0	-1139	-588	1093	1644	WP_326864238.1#107	NZ_DASZBV010000019.1	GCF_035943735.1
WP_326864239.1#107|Pseudolabrys_sp_	351	+	+	87	1	351	2233	2583	WP_326864239.1#107	NZ_DASZBV010000019.1	GCF_035943735.1
WP_326864239.1#107|Pseudolabrys_sp_	456	+	+	1	388	843	2620	3075	WP_326864240.1#107	NZ_DASZBV010000019.1	GCF_035943735.1
WP_326864239.1#107|Pseudolabrys_sp_	933	+	-	82	945	1877	3177	4109	WP_326864241.1#107	NZ_DASZBV010000019.1	GCF_035943735.1
WP_326864239.1#107|Pseudolabrys_sp_	792	+	+	9	2011	2802	4243	5034	WP_326864242.1#107	NZ_DASZBV010000019.1	GCF_035943735.1
WP_326864239.1#107|Pseudolabrys_sp_	873	+	+	0	2921	3793	5153	6025	WP_326864243.1#107	NZ_DASZBV010000019.1	GCF_035943735.1



WP_197922458.1#70|Thiosulfatihalobacter_marinus	1884	-	+	0	-4035	-2152	34398	36281	WP_197918170.1#70	NZ_JAECSA010000007.1	GCF_016019975.1
WP_197922458.1#70|Thiosulfatihalobacter_marinus	1050	-	+	32	-2152	-1103	33349	34398	WP_197918169.1#70	NZ_JAECSA010000007.1	GCF_016019975.1
WP_197922458.1#70|Thiosulfatihalobacter_marinus	177	-	+	0	-872	-696	32942	33118	WP_165610119.1#70	NZ_JAECSA010000007.1	GCF_016019975.1
WP_197922458.1#70|Thiosulfatihalobacter_marinus	216	-	+	58	-575	-360	32606	32821	WP_269651832.1#70	NZ_JAECSA010000007.1	GCF_016019975.1
WP_197922458.1#70|Thiosulfatihalobacter_marinus	360	-	+	87	1	360	31886	32245	WP_197922458.1#70	NZ_JAECSA010000007.1	GCF_016019975.1
WP_197922458.1#70|Thiosulfatihalobacter_marinus	459	-	+	1	363	821	31425	31883	WP_197922457.1#70	NZ_JAECSA010000007.1	GCF_016019975.1
WP_197922458.1#70|Thiosulfatihalobacter_marinus	1656	-	-	10	897	2552	29694	31349	WP_197922456.1#70	NZ_JAECSA010000007.1	GCF_016019975.1
WP_197922458.1#70|Thiosulfatihalobacter_marinus	474	-	-	0	2634	3107	29139	29612	WP_232237061.1#70	NZ_JAECSA010000007.1	GCF_016019975.1
WP_197922458.1#70|Thiosulfatihalobacter_marinus	600	-	+	45	3210	3809	28437	29036	WP_197918161.1#70	NZ_JAECSA010000007.1	GCF_016019975.1



WP_170923283.1#145|Fulvimarina_manganoxydans	816	+	+	0	-3935	-3120	59265	60080	WP_084410485.1#145	NZ_FWXR01000011.1	GCF_900176465.1
WP_170923283.1#145|Fulvimarina_manganoxydans	1080	+	+	0	-2812	-1733	60388	61467	WP_084410486.1#145	NZ_FWXR01000011.1	GCF_900176465.1
WP_170923283.1#145|Fulvimarina_manganoxydans	1101	+	-	68	-1699	-599	61501	62601	WP_084410487.1#145	NZ_FWXR01000011.1	GCF_900176465.1
WP_170923283.1#145|Fulvimarina_manganoxydans	348	+	-	0	-602	-255	62598	62945	WP_084410488.1#145	NZ_FWXR01000011.1	GCF_900176465.1
WP_170923283.1#145|Fulvimarina_manganoxydans	360	+	+	87	1	360	63201	63560	WP_170923283.1#145	NZ_FWXR01000011.1	GCF_900176465.1
WP_170923283.1#145|Fulvimarina_manganoxydans	450	+	+	1	362	811	63562	64011	WP_244556938.1#145	NZ_FWXR01000011.1	GCF_900176465.1
WP_170923283.1#145|Fulvimarina_manganoxydans	531	+	-	0	867	1397	64067	64597	WP_084410491.1#145	NZ_FWXR01000011.1	GCF_900176465.1
WP_170923283.1#145|Fulvimarina_manganoxydans	960	+	-	0	1409	2368	64609	65568	WP_084410492.1#145	NZ_FWXR01000011.1	GCF_900176465.1
WP_170923283.1#145|Fulvimarina_manganoxydans	1068	+	+	85	2516	3583	65716	66783	WP_425292959.1#145	NZ_FWXR01000011.1	GCF_900176465.1



WP_084025790.1#163|Mesorhizobium_sp__LNHC252B00	282	+	+	85	-1442	-1161	1	282	WP_198032298.1#163	NZ_AYWO01000056.1	GCF_000502955.1
WP_084025790.1#163|Mesorhizobium_sp__LNHC252B00	420	+	+	87	1	420	1444	1863	WP_084025790.1#163	NZ_AYWO01000056.1	GCF_000502955.1
WP_084025790.1#163|Mesorhizobium_sp__LNHC252B00	453	+	+	1	413	865	1856	2308	WP_023706400.1#163	NZ_AYWO01000056.1	GCF_000502955.1
WP_084025790.1#163|Mesorhizobium_sp__LNHC252B00	327	+	+	1	1441	1767	2884	3210	WP_023763050.1#163	NZ_AYWO01000056.1	GCF_000502955.1
WP_084025790.1#163|Mesorhizobium_sp__LNHC252B00	1257	+	+	0	1742	2998	3185	4441	WP_031261445.1#163	NZ_AYWO01000056.1	GCF_000502955.1
WP_084025790.1#163|Mesorhizobium_sp__LNHC252B00	894	+	+	0	3474	4367	4917	5810	WP_023763052.1#163	NZ_AYWO01000056.1	GCF_000502955.1



WP_100002201.1#115|Phyllobacterium_zundukense	729	+	-	0	-5650	-4922	480883	481611	WP_237143587.1#115	NZ_CP017941.1	GCF_002764115.1
WP_100002201.1#115|Phyllobacterium_zundukense	2568	+	-	0	-4452	-1885	482081	484648	WP_100002020.1#115	NZ_CP017941.1	GCF_002764115.1
WP_100002201.1#115|Phyllobacterium_zundukense	630	+	+	89	-1438	-809	485095	485724	pseudogene_115.0*#115	NZ_CP017941.1	GCF_002764115.1
WP_100002201.1#115|Phyllobacterium_zundukense	348	+	+	89	-562	-215	485971	486318	pseudogene_115.7*#115	NZ_CP017941.1	GCF_002764115.1
WP_100002201.1#115|Phyllobacterium_zundukense	372	+	+	87	1	372	486534	486905	WP_100002201.1#115	NZ_CP017941.1	GCF_002764115.1
WP_100002201.1#115|Phyllobacterium_zundukense	459	+	+	1	365	823	486898	487356	WP_100002021.1#115	NZ_CP017941.1	GCF_002764115.1
WP_100002201.1#115|Phyllobacterium_zundukense	291	+	+	0	1275	1565	487808	488098	WP_100002022.1#115	NZ_CP017941.1	GCF_002764115.1
WP_100002201.1#115|Phyllobacterium_zundukense	204	+	+	0	1597	1800	488130	488333	WP_100002023.1#115	NZ_CP017941.1	GCF_002764115.1
WP_100002201.1#115|Phyllobacterium_zundukense	342	+	-	0	2218	2559	488751	489092	WP_100002024.1#115	NZ_CP017941.1	GCF_002764115.1



WP_038034088.1#136|Thermopetrobacter_sp__TC1	396	+	-	1	-4953	-4558	229217	229612	WP_051928785.1#136	NZ_JQKX01000013.1	GCF_000746275.1
WP_038034088.1#136|Thermopetrobacter_sp__TC1	237	+	-	0	-4527	-4291	229643	229879	WP_038034080.1#136	NZ_JQKX01000013.1	GCF_000746275.1
WP_038034088.1#136|Thermopetrobacter_sp__TC1	1683	+	+	0	-4021	-2339	230149	231831	WP_038034084.1#136	NZ_JQKX01000013.1	GCF_000746275.1
WP_038034088.1#136|Thermopetrobacter_sp__TC1	2172	+	+	0	-2253	-82	231917	234088	WP_051928786.1#136	NZ_JQKX01000013.1	GCF_000746275.1
WP_038034088.1#136|Thermopetrobacter_sp__TC1	342	+	+	87	1	342	234171	234512	WP_038034088.1#136	NZ_JQKX01000013.1	GCF_000746275.1
WP_038034088.1#136|Thermopetrobacter_sp__TC1	450	+	+	1	365	814	234535	234984	WP_038034092.1#136	NZ_JQKX01000013.1	GCF_000746275.1
WP_038034088.1#136|Thermopetrobacter_sp__TC1	4437	+	-	0	960	5396	235130	239566	WP_038034094.1#136	NZ_JQKX01000013.1	GCF_000746275.1
WP_038034088.1#136|Thermopetrobacter_sp__TC1	1428	+	-	42	6261	7688	240431	241858	WP_038034096.1#136	NZ_JQKX01000013.1	GCF_000746275.1
WP_038034088.1#136|Thermopetrobacter_sp__TC1	507	+	+	0	7864	8370	242034	242540	WP_051928787.1#136	NZ_JQKX01000013.1	GCF_000746275.1



WP_056271457.1#39|Methylobacterium_sp__Leaf88	435	-	+	0	-2966	-2532	111962	112396	WP_244476328.1#39	NZ_LMMK01000007.1	GCF_001422795.1
WP_056271457.1#39|Methylobacterium_sp__Leaf88	444	-	+	0	-2542	-2099	111529	111972	WP_056271466.1#39	NZ_LMMK01000007.1	GCF_001422795.1
WP_056271457.1#39|Methylobacterium_sp__Leaf88	243	-	+	0	-1850	-1608	111038	111280	WP_156647959.1#39	NZ_LMMK01000007.1	GCF_001422795.1
WP_056271457.1#39|Methylobacterium_sp__Leaf88	246	-	+	0	-1041	-796	110226	110471	WP_056271460.1#39	NZ_LMMK01000007.1	GCF_001422795.1
WP_056271457.1#39|Methylobacterium_sp__Leaf88	330	-	+	87	1	330	109100	109429	WP_056271457.1#39	NZ_LMMK01000007.1	GCF_001422795.1
WP_056271457.1#39|Methylobacterium_sp__Leaf88	447	-	+	1	400	846	108584	109030	WP_056271453.1#39	NZ_LMMK01000007.1	GCF_001422795.1
WP_056271457.1#39|Methylobacterium_sp__Leaf88	327	-	-	0	1116	1442	107988	108314	WP_056271450.1#39	NZ_LMMK01000007.1	GCF_001422795.1
WP_056271457.1#39|Methylobacterium_sp__Leaf88	576	-	-	0	1540	2115	107315	107890	WP_082501167.1#39	NZ_LMMK01000007.1	GCF_001422795.1
WP_056271457.1#39|Methylobacterium_sp__Leaf88	192	-	-	0	2239	2430	107000	107191	WP_156647958.1#39	NZ_LMMK01000007.1	GCF_001422795.1



WP_279356701.1#16|Methylobacterium_indicum	1377	-	+	3	-3115	-1739	4530770	4532146	WP_279356702.1#16	NZ_CP121700.1	GCF_029761955.1
WP_279356701.1#16|Methylobacterium_indicum	600	-	+	3	-1696	-1097	4530128	4530727	WP_089504105.1#16	NZ_CP121700.1	GCF_029761955.1
WP_279356701.1#16|Methylobacterium_indicum	309	-	-	0	-963	-655	4529686	4529994	WP_048427179.1#16	NZ_CP121700.1	GCF_029761955.1
WP_279356701.1#16|Methylobacterium_indicum	77	-	-	88	-630	-554	4529585	4529661	tRNA_16.6*#16	NZ_CP121700.1	GCF_029761955.1
WP_279356701.1#16|Methylobacterium_indicum	330	-	+	87	1	330	4528701	4529030	WP_279356701.1#16	NZ_CP121700.1	GCF_029761955.1
WP_279356701.1#16|Methylobacterium_indicum	447	-	+	1	398	844	4528187	4528633	WP_279356700.1#16	NZ_CP121700.1	GCF_029761955.1
WP_279356701.1#16|Methylobacterium_indicum	354	-	-	0	1023	1376	4527655	4528008	WP_279356699.1#16	NZ_CP121700.1	GCF_029761955.1
WP_279356701.1#16|Methylobacterium_indicum	627	-	+	0	2039	2665	4526366	4526992	WP_058617329.1#16	NZ_CP121700.1	GCF_029761955.1
WP_279356701.1#16|Methylobacterium_indicum	1365	-	-	3	2730	4094	4524937	4526301	WP_058617328.1#16	NZ_CP121700.1	GCF_029761955.1



WP_269333261.1#58|Futiania_mangrovi	831	-	+	0	-3738	-2908	25315	26145	WP_269333265.1#58	NZ_JAMZFT010000003.1	GCF_024158125.1
WP_269333261.1#58|Futiania_mangrovi	657	-	-	0	-2885	-2229	24636	25292	WP_269333264.1#58	NZ_JAMZFT010000003.1	GCF_024158125.1
WP_269333261.1#58|Futiania_mangrovi	573	-	+	0	-1979	-1407	23814	24386	WP_269333263.1#58	NZ_JAMZFT010000003.1	GCF_024158125.1
WP_269333261.1#58|Futiania_mangrovi	1335	-	+	0	-1501	-167	22574	23908	WP_407933370.1#58	NZ_JAMZFT010000003.1	GCF_024158125.1
WP_269333261.1#58|Futiania_mangrovi	264	-	+	87	1	264	22143	22406	WP_269333261.1#58	NZ_JAMZFT010000003.1	GCF_024158125.1
WP_269333261.1#58|Futiania_mangrovi	474	-	+	1	248	721	21686	22159	WP_269333260.1#58	NZ_JAMZFT010000003.1	GCF_024158125.1
WP_269333261.1#58|Futiania_mangrovi	1182	-	-	0	729	1910	20497	21678	WP_269333259.1#58	NZ_JAMZFT010000003.1	GCF_024158125.1
WP_269333261.1#58|Futiania_mangrovi	888	-	-	0	2033	2920	19487	20374	WP_269333258.1#58	NZ_JAMZFT010000003.1	GCF_024158125.1
WP_269333261.1#58|Futiania_mangrovi	504	-	-	0	2917	3420	18987	19490	WP_269333257.1#58	NZ_JAMZFT010000003.1	GCF_024158125.1



WP_312126339.1#105|Brevundimonas_sp_	639	-	-	0	-4342	-3704	169806	170444	WP_312126349.1#105	NZ_DALZYW010000005.1	GCF_031987905.1
WP_312126339.1#105|Brevundimonas_sp_	597	-	-	0	-3704	-3108	169210	169806	WP_312126346.1#105	NZ_DALZYW010000005.1	GCF_031987905.1
WP_312126339.1#105|Brevundimonas_sp_	2604	-	-	33	-3108	-505	166607	169210	WP_312126343.1#105	NZ_DALZYW010000005.1	GCF_031987905.1
WP_312126339.1#105|Brevundimonas_sp_	219	-	+	0	-393	-175	166277	166495	WP_312126341.1#105	NZ_DALZYW010000005.1	GCF_031987905.1
WP_312126339.1#105|Brevundimonas_sp_	330	-	+	87	1	330	165772	166101	WP_312126339.1#105	NZ_DALZYW010000005.1	GCF_031987905.1
WP_312126339.1#105|Brevundimonas_sp_	468	-	+	1	327	794	165308	165775	WP_312126337.1#105	NZ_DALZYW010000005.1	GCF_031987905.1
WP_312126339.1#105|Brevundimonas_sp_	258	-	-	0	826	1083	165019	165276	WP_312126335.1#105	NZ_DALZYW010000005.1	GCF_031987905.1
WP_312126339.1#105|Brevundimonas_sp_	390	-	-	0	1092	1481	164621	165010	WP_312126328.1#105	NZ_DALZYW010000005.1	GCF_031987905.1
WP_312126339.1#105|Brevundimonas_sp_	426	-	-	0	1485	1910	164192	164617	WP_312126326.1#105	NZ_DALZYW010000005.1	GCF_031987905.1



WP_299440051.1#62|uncultured_Rhodospira_sp_	777	-	+	72	-3105	-2329	8238	9014	WP_299440059.1#62	NZ_CAKZOT010000073.1	GCF_937138205.1
WP_299440051.1#62|uncultured_Rhodospira_sp_	819	-	+	71	-2131	-1313	7222	8040	WP_299440057.1#62	NZ_CAKZOT010000073.1	GCF_937138205.1
WP_299440051.1#62|uncultured_Rhodospira_sp_	237	-	+	70	-1140	-904	6813	7049	WP_299440055.1#62	NZ_CAKZOT010000073.1	GCF_937138205.1
WP_299440051.1#62|uncultured_Rhodospira_sp_	621	-	+	0	-769	-149	6058	6678	WP_299440053.1#62	NZ_CAKZOT010000073.1	GCF_937138205.1
WP_299440051.1#62|uncultured_Rhodospira_sp_	426	-	+	87	1	426	5483	5908	WP_299440051.1#62	NZ_CAKZOT010000073.1	GCF_937138205.1
WP_299440051.1#62|uncultured_Rhodospira_sp_	468	-	+	1	445	912	4997	5464	WP_299440049.1#62	NZ_CAKZOT010000073.1	GCF_937138205.1
WP_299440051.1#62|uncultured_Rhodospira_sp_	570	-	+	30	996	1565	4344	4913	WP_299440047.1#62	NZ_CAKZOT010000073.1	GCF_937138205.1
WP_299440051.1#62|uncultured_Rhodospira_sp_	1905	-	+	29	1562	3466	2443	4347	WP_299440045.1#62	NZ_CAKZOT010000073.1	GCF_937138205.1
WP_299440051.1#62|uncultured_Rhodospira_sp_	738	-	+	69	3592	4329	1580	2317	WP_299440043.1#62	NZ_CAKZOT010000073.1	GCF_937138205.1



WP_150214924.1#48|Candidatus_Tokpelaia_sp_	1392	+	+	0	-5821	-4430	14654	16045	WP_246681545.1#48	NZ_QLZD01000038.1	GCF_008636115.1
WP_150214924.1#48|Candidatus_Tokpelaia_sp_	1812	+	+	0	-4406	-2595	16069	17880	WP_150214916.1#48	NZ_QLZD01000038.1	GCF_008636115.1
WP_150214924.1#48|Candidatus_Tokpelaia_sp_	1038	+	+	0	-2450	-1413	18025	19062	WP_150214919.1#48	NZ_QLZD01000038.1	GCF_008636115.1
WP_150214924.1#48|Candidatus_Tokpelaia_sp_	1092	+	+	0	-1240	-149	19235	20326	WP_150214921.1#48	NZ_QLZD01000038.1	GCF_008636115.1
WP_150214924.1#48|Candidatus_Tokpelaia_sp_	357	+	+	87	1	357	20476	20832	WP_150214924.1#48	NZ_QLZD01000038.1	GCF_008636115.1
WP_150214924.1#48|Candidatus_Tokpelaia_sp_	474	+	+	1	391	864	20866	21339	WP_150214925.1#48	NZ_QLZD01000038.1	GCF_008636115.1
WP_150214924.1#48|Candidatus_Tokpelaia_sp_	1485	+	+	24	1067	2551	21542	23026	WP_150215012.1#48	NZ_QLZD01000038.1	GCF_008636115.1
WP_150214924.1#48|Candidatus_Tokpelaia_sp_	1449	+	+	24	2642	4090	23117	24565	WP_150214927.1#48	NZ_QLZD01000038.1	GCF_008636115.1
WP_150214924.1#48|Candidatus_Tokpelaia_sp_	702	+	+	0	4315	5016	24790	25491	WP_150214929.1#48	NZ_QLZD01000038.1	GCF_008636115.1



WP_293208680.1#61|Parvibaculum_sp_	1503	+	-	0	-5023	-3521	197	1699	WP_293208672.1#61	NZ_JAEPPE010000122.1	GCF_017641165.1
WP_293208680.1#61|Parvibaculum_sp_	1227	+	+	0	-3310	-2084	1910	3136	WP_293208675.1#61	NZ_JAEPPE010000122.1	GCF_017641165.1
WP_293208680.1#61|Parvibaculum_sp_	1914	+	+	0	-2076	-163	3144	5057	WP_293208678.1#61	NZ_JAEPPE010000122.1	GCF_017641165.1
WP_293208680.1#61|Parvibaculum_sp_	345	+	+	87	1	345	5221	5565	WP_293208680.1#61	NZ_JAEPPE010000122.1	GCF_017641165.1
WP_293208680.1#61|Parvibaculum_sp_	453	+	+	1	359	811	5579	6031	WP_293208682.1#61	NZ_JAEPPE010000122.1	GCF_017641165.1
WP_293208680.1#61|Parvibaculum_sp_	906	+	-	0	851	1756	6071	6976	WP_293208685.1#61	NZ_JAEPPE010000122.1	GCF_017641165.1
WP_293208680.1#61|Parvibaculum_sp_	1557	+	+	27	1999	3555	7219	8775	WP_293208687.1#61	NZ_JAEPPE010000122.1	GCF_017641165.1
WP_293208680.1#61|Parvibaculum_sp_	480	+	+	0	3654	4133	8874	9353	WP_293208689.1#61	NZ_JAEPPE010000122.1	GCF_017641165.1



WP_188027429.1#121|Tolumonas_osonensis	828	+	+	0	-4039	-3212	81702	82529	WP_188027426.1#121	NZ_JACHGR010000009.1	GCF_014202415.1
WP_188027429.1#121|Tolumonas_osonensis	840	+	-	0	-3182	-2343	82559	83398	WP_343043285.1#121	NZ_JACHGR010000009.1	GCF_014202415.1
WP_188027429.1#121|Tolumonas_osonensis	1125	+	-	0	-2333	-1209	83408	84532	WP_188027427.1#121	NZ_JACHGR010000009.1	GCF_014202415.1
WP_188027429.1#121|Tolumonas_osonensis	888	+	+	4	-1012	-125	84729	85616	WP_188027428.1#121	NZ_JACHGR010000009.1	GCF_014202415.1
WP_188027429.1#121|Tolumonas_osonensis	336	+	+	87	1	336	85742	86077	WP_188027429.1#121	NZ_JACHGR010000009.1	GCF_014202415.1
WP_188027429.1#121|Tolumonas_osonensis	456	+	+	1	367	822	86108	86563	WP_188027430.1#121	NZ_JACHGR010000009.1	GCF_014202415.1
WP_188027429.1#121|Tolumonas_osonensis	597	+	+	0	1207	1803	86948	87544	WP_188027431.1#121	NZ_JACHGR010000009.1	GCF_014202415.1
WP_188027429.1#121|Tolumonas_osonensis	210	+	-	0	1887	2096	87628	87837	WP_188027432.1#121	NZ_JACHGR010000009.1	GCF_014202415.1
WP_188027429.1#121|Tolumonas_osonensis	387	+	-	0	2147	2533	87888	88274	WP_188027433.1#121	NZ_JACHGR010000009.1	GCF_014202415.1



WP_213963140.1#53|Vibrio_alginolyticus	354	+	+	87	1	354	229	582	WP_213963140.1#53	NZ_JBPASZ010000092.1	GCF_050875775.1
WP_213963140.1#53|Vibrio_alginolyticus	438	+	+	1	365	802	593	1030	WP_213963141.1#53	NZ_JBPASZ010000092.1	GCF_050875775.1
WP_213963140.1#53|Vibrio_alginolyticus	1272	+	+	0	944	2215	1172	2443	WP_213963142.1#53	NZ_JBPASZ010000092.1	GCF_050875775.1
WP_213963140.1#53|Vibrio_alginolyticus	291	+	-	0	2354	2644	2582	2872	WP_005464658.1#53	NZ_JBPASZ010000092.1	GCF_050875775.1
WP_213963140.1#53|Vibrio_alginolyticus	249	+	-	0	2634	2882	2862	3110	WP_005377003.1#53	NZ_JBPASZ010000092.1	GCF_050875775.1



WP_212602810.1#12|Serratia_rubidaea	1362	+	+	0	-4702	-3341	306177	307538	WP_054306949.1#12	NZ_CBIFXG010000004.1	GCF_966186755.1
WP_212602810.1#12|Serratia_rubidaea	897	+	+	46	-3323	-2427	307556	308452	WP_015670788.1#12	NZ_CBIFXG010000004.1	GCF_966186755.1
WP_212602810.1#12|Serratia_rubidaea	1563	+	+	0	-2236	-674	308643	310205	WP_015670789.1#12	NZ_CBIFXG010000004.1	GCF_966186755.1
WP_212602810.1#12|Serratia_rubidaea	516	+	+	0	-654	-139	310225	310740	WP_015670790.1#12	NZ_CBIFXG010000004.1	GCF_966186755.1
WP_212602810.1#12|Serratia_rubidaea	342	+	+	87	1	342	310880	311221	WP_212602810.1#12	NZ_CBIFXG010000004.1	GCF_966186755.1
WP_212602810.1#12|Serratia_rubidaea	441	+	+	1	356	796	311235	311675	WP_054306950.1#12	NZ_CBIFXG010000004.1	GCF_966186755.1
WP_212602810.1#12|Serratia_rubidaea	1140	+	-	53	890	2029	311769	312908	WP_054306951.1#12	NZ_CBIFXG010000004.1	GCF_966186755.1
WP_212602810.1#12|Serratia_rubidaea	756	+	-	9	2180	2935	313059	313814	WP_128144210.1#12	NZ_CBIFXG010000004.1	GCF_966186755.1
WP_212602810.1#12|Serratia_rubidaea	741	+	+	8	3287	4027	314166	314906	WP_054306953.1#12	NZ_CBIFXG010000004.1	GCF_966186755.1



WP_281269772.1#81|Edaphovirga_cremea	345	+	-	0	-3376	-3032	153631	153975	WP_114193230.1#81	NZ_QOVA01000005.1	GCF_003332275.1
WP_281269772.1#81|Edaphovirga_cremea	837	+	+	0	-2692	-1856	154315	155151	WP_245956799.1#81	NZ_QOVA01000005.1	GCF_003332275.1
WP_281269772.1#81|Edaphovirga_cremea	942	+	-	4	-1748	-807	155259	156200	WP_114193231.1#81	NZ_QOVA01000005.1	GCF_003332275.1
WP_281269772.1#81|Edaphovirga_cremea	195	+	-	0	-492	-298	156515	156709	WP_157968038.1#81	NZ_QOVA01000005.1	GCF_003332275.1
WP_281269772.1#81|Edaphovirga_cremea	243	+	+	87	1	243	157008	157250	WP_281269772.1#81	NZ_QOVA01000005.1	GCF_003332275.1
WP_281269772.1#81|Edaphovirga_cremea	441	+	+	1	254	694	157261	157701	WP_114193232.1#81	NZ_QOVA01000005.1	GCF_003332275.1
WP_281269772.1#81|Edaphovirga_cremea	969	+	-	0	738	1706	157745	158713	WP_245956801.1#81	NZ_QOVA01000005.1	GCF_003332275.1
WP_281269772.1#81|Edaphovirga_cremea	1206	+	+	0	2035	3240	159042	160247	WP_245956802.1#81	NZ_QOVA01000005.1	GCF_003332275.1
WP_281269772.1#81|Edaphovirga_cremea	576	+	-	0	3279	3854	160286	160861	WP_114193233.1#81	NZ_QOVA01000005.1	GCF_003332275.1



WP_013835906.1#108|Thiomicrospira_cyclica_ALM1	1176	+	+	0	-4526	-3351	1547828	1549003	WP_013835903.1#108	NC_015581.1	GCF_000214825.1
WP_013835906.1#108|Thiomicrospira_cyclica_ALM1	768	+	+	0	-3296	-2529	1549058	1549825	WP_013835904.1#108	NC_015581.1	GCF_000214825.1
WP_013835906.1#108|Thiomicrospira_cyclica_ALM1	1392	+	+	0	-2190	-799	1550164	1551555	WP_013835905.1#108	NC_015581.1	GCF_000214825.1
WP_013835906.1#108|Thiomicrospira_cyclica_ALM1	76	+	+	88	-642	-567	1551712	1551787	tRNA_108.9*#108	NC_015581.1	GCF_000214825.1
WP_013835906.1#108|Thiomicrospira_cyclica_ALM1	339	+	+	87	1	339	1552355	1552693	WP_013835906.1#108	NC_015581.1	GCF_000214825.1
WP_013835906.1#108|Thiomicrospira_cyclica_ALM1	456	+	+	1	361	816	1552715	1553170	WP_013835907.1#108	NC_015581.1	GCF_000214825.1
WP_013835906.1#108|Thiomicrospira_cyclica_ALM1	2448	+	-	0	868	3315	1553222	1555669	WP_013835908.1#108	NC_015581.1	GCF_000214825.1
WP_013835906.1#108|Thiomicrospira_cyclica_ALM1	906	+	-	0	3334	4239	1555688	1556593	WP_013835909.1#108	NC_015581.1	GCF_000214825.1
WP_013835906.1#108|Thiomicrospira_cyclica_ALM1	222	+	-	0	4232	4453	1556586	1556807	WP_013835910.1#108	NC_015581.1	GCF_000214825.1



WP_262566157.1#75|Endozoicomonas_gorgoniicola	435	-	-	55	-3012	-2578	16437	16871	WP_262564606.1#75	NZ_JAPFCC010000001.1	GCF_025562715.2
WP_262566157.1#75|Endozoicomonas_gorgoniicola	906	-	-	0	-2464	-1559	15418	16323	WP_262566160.1#75	NZ_JAPFCC010000001.1	GCF_025562715.2
WP_262566157.1#75|Endozoicomonas_gorgoniicola	240	-	-	0	-847	-608	14467	14706	WP_262566159.1#75	NZ_JAPFCC010000001.1	GCF_025562715.2
WP_262566157.1#75|Endozoicomonas_gorgoniicola	306	-	+	1	-369	-64	13923	14228	WP_262566158.1#75	NZ_JAPFCC010000001.1	GCF_025562715.2
WP_262566157.1#75|Endozoicomonas_gorgoniicola	342	-	+	87	1	342	13517	13858	WP_262566157.1#75	NZ_JAPFCC010000001.1	GCF_025562715.2
WP_262566157.1#75|Endozoicomonas_gorgoniicola	444	-	+	1	360	803	13056	13499	WP_262566156.1#75	NZ_JAPFCC010000001.1	GCF_025562715.2
WP_262566157.1#75|Endozoicomonas_gorgoniicola	558	-	+	23	970	1527	12332	12889	WP_262566155.1#75	NZ_JAPFCC010000001.1	GCF_025562715.2
WP_262566157.1#75|Endozoicomonas_gorgoniicola	417	-	+	0	1524	1940	11919	12335	WP_262566154.1#75	NZ_JAPFCC010000001.1	GCF_025562715.2
WP_262566157.1#75|Endozoicomonas_gorgoniicola	7953	-	-	0	1955	9907	3952	11904	WP_262566153.1#75	NZ_JAPFCC010000001.1	GCF_025562715.2



WP_305843183.1#90|Photobacterium_leiognathi	218	+	+	0	-766	-549	1	218	WP_305843181.1#90	NZ_JAUZMO010000014.1	GCF_030716875.1
WP_305843183.1#90|Photobacterium_leiognathi	372	+	+	0	-521	-150	246	617	WP_305843182.1#90	NZ_JAUZMO010000014.1	GCF_030716875.1
WP_305843183.1#90|Photobacterium_leiognathi	351	+	+	87	1	351	768	1118	WP_305843183.1#90	NZ_JAUZMO010000014.1	GCF_030716875.1
WP_305843183.1#90|Photobacterium_leiognathi	447	+	+	1	477	923	1244	1690	WP_305843184.1#90	NZ_JAUZMO010000014.1	GCF_030716875.1
WP_305843183.1#90|Photobacterium_leiognathi	1488	+	+	0	1075	2562	1842	3329	WP_305843185.1#90	NZ_JAUZMO010000014.1	GCF_030716875.1
WP_305843183.1#90|Photobacterium_leiognathi	2640	+	+	0	2552	5191	3319	5958	WP_305843186.1#90	NZ_JAUZMO010000014.1	GCF_030716875.1
WP_305843183.1#90|Photobacterium_leiognathi	672	+	+	0	5181	5852	5948	6619	WP_305843187.1#90	NZ_JAUZMO010000014.1	GCF_030716875.1



WP_061011130.1#112|Vibrio_sp__CUB2	264	-	+	0	-1346	-1083	4857	5120	WP_155647882.1#112	NZ_LNRB01000043.1	GCF_001557945.1
WP_061011130.1#112|Vibrio_sp__CUB2	579	-	-	0	-823	-245	4019	4597	WP_038887878.1#112	NZ_LNRB01000043.1	GCF_001557945.1
WP_061011130.1#112|Vibrio_sp__CUB2	345	-	+	87	1	345	3429	3773	WP_061011130.1#112	NZ_LNRB01000043.1	GCF_001557945.1
WP_061011130.1#112|Vibrio_sp__CUB2	444	-	+	1	372	815	2959	3402	WP_061011129.1#112	NZ_LNRB01000043.1	GCF_001557945.1
WP_061011130.1#112|Vibrio_sp__CUB2	273	-	+	0	1144	1416	2358	2630	WP_031382125.1#112	NZ_LNRB01000043.1	GCF_001557945.1
WP_061011130.1#112|Vibrio_sp__CUB2	498	-	+	89	1413	1910	1864	2361	pseudogene_112.6*#112	NZ_LNRB01000043.1	GCF_001557945.1
WP_061011130.1#112|Vibrio_sp__CUB2	216	-	-	0	2673	2888	886	1101	WP_061011128.1#112	NZ_LNRB01000043.1	GCF_001557945.1



WP_045571848.1#137|Vibrio_sp__S234_5	420	-	-	0	-7566	-7147	30016	30435	WP_171816762.1#137	NZ_JZAM01000360.1	GCF_000960595.1
WP_045571848.1#137|Vibrio_sp__S234_5	297	-	+	0	-7148	-6852	29721	30017	WP_082069781.1#137	NZ_JZAM01000360.1	GCF_000960595.1
WP_045571848.1#137|Vibrio_sp__S234_5	597	-	+	18	-6710	-6114	28983	29579	WP_052702586.1#137	NZ_JZAM01000360.1	GCF_000960595.1
WP_045571848.1#137|Vibrio_sp__S234_5	5724	-	+	0	-6016	-293	23162	28885	WP_052702585.1#137	NZ_JZAM01000360.1	GCF_000960595.1
WP_045571848.1#137|Vibrio_sp__S234_5	348	-	+	87	1	348	22521	22868	WP_045571848.1#137	NZ_JZAM01000360.1	GCF_000960595.1
WP_045571848.1#137|Vibrio_sp__S234_5	459	-	+	1	361	819	22050	22508	WP_045571847.1#137	NZ_JZAM01000360.1	GCF_000960595.1
WP_045571848.1#137|Vibrio_sp__S234_5	612	-	-	18	890	1501	21368	21979	WP_052702584.1#137	NZ_JZAM01000360.1	GCF_000960595.1
WP_045571848.1#137|Vibrio_sp__S234_5	948	-	-	2	2408	3355	19514	20461	WP_045571846.1#137	NZ_JZAM01000360.1	GCF_000960595.1
WP_045571848.1#137|Vibrio_sp__S234_5	819	-	+	0	3604	4422	18447	19265	WP_082069780.1#137	NZ_JZAM01000360.1	GCF_000960595.1



WP_320151449.1#20|uncultured_Tolumonas_sp_	5949	+	+	0	-8087	-2139	181765	187713	WP_320151447.1#20	NZ_CAXXNL010000006.1	GCF_963676665.2
WP_320151449.1#20|uncultured_Tolumonas_sp_	1152	+	+	0	-2131	-980	187721	188872	WP_320151448.1#20	NZ_CAXXNL010000006.1	GCF_963676665.2
WP_320151449.1#20|uncultured_Tolumonas_sp_	252	+	+	0	-860	-609	188992	189243	WP_320151673.1#20	NZ_CAXXNL010000006.1	GCF_963676665.2
WP_320151449.1#20|uncultured_Tolumonas_sp_	360	+	+	89	-472	-113	189380	189739	pseudogene_20.4*#20	NZ_CAXXNL010000006.1	GCF_963676665.2
WP_320151449.1#20|uncultured_Tolumonas_sp_	339	+	+	87	1	339	189853	190191	WP_320151449.1#20	NZ_CAXXNL010000006.1	GCF_963676665.2
WP_320151449.1#20|uncultured_Tolumonas_sp_	444	+	+	1	389	832	190241	190684	WP_320151450.1#20	NZ_CAXXNL010000006.1	GCF_963676665.2
WP_320151449.1#20|uncultured_Tolumonas_sp_	849	+	-	8	896	1744	190748	191596	WP_320151451.1#20	NZ_CAXXNL010000006.1	GCF_963676665.2
WP_320151449.1#20|uncultured_Tolumonas_sp_	924	+	+	4	1918	2841	191770	192693	WP_320151452.1#20	NZ_CAXXNL010000006.1	GCF_963676665.2
WP_320151449.1#20|uncultured_Tolumonas_sp_	1266	+	+	0	3144	4409	192996	194261	WP_320151453.1#20	NZ_CAXXNL010000006.1	GCF_963676665.2



WP_127020120.1#2|Rheinheimera_mangrovi	456	+	+	0	-4318	-3863	702584	703039	WP_127020116.1#2	NZ_CP034683.1	GCF_003990335.1
WP_127020120.1#2|Rheinheimera_mangrovi	531	+	+	56	-3781	-3251	703121	703651	WP_267898335.1#2	NZ_CP034683.1	GCF_003990335.1
WP_127020120.1#2|Rheinheimera_mangrovi	1151	+	+	6	-3173	-2023	703729	704879	WP_127019331.1#2	NZ_CP034683.1	GCF_003990335.1
WP_127020120.1#2|Rheinheimera_mangrovi	1112	+	+	6	-1257	-146	705645	706756	WP_407691844.1#2	NZ_CP034683.1	GCF_003990335.1
WP_127020120.1#2|Rheinheimera_mangrovi	342	+	+	87	1	342	706903	707244	WP_127020120.1#2	NZ_CP034683.1	GCF_003990335.1
WP_127020120.1#2|Rheinheimera_mangrovi	447	+	+	1	353	799	707255	707701	WP_127020122.1#2	NZ_CP034683.1	GCF_003990335.1
WP_127020120.1#2|Rheinheimera_mangrovi	636	+	+	56	910	1545	707812	708447	WP_233280388.1#2	NZ_CP034683.1	GCF_003990335.1
WP_127020120.1#2|Rheinheimera_mangrovi	219	+	+	0	1535	1753	708437	708655	WP_127020126.1#2	NZ_CP034683.1	GCF_003990335.1
WP_127020120.1#2|Rheinheimera_mangrovi	516	+	+	0	2002	2517	708904	709419	WP_127020128.1#2	NZ_CP034683.1	GCF_003990335.1



WP_061096005.1#161|Alteromonas_macleodii	2268	+	+	10	-4072	-1805	4107384	4109651	WP_156078914.1#161	NZ_OX335040.1	GCF_901446755.2
WP_061096005.1#161|Alteromonas_macleodii	312	+	+	0	-1808	-1497	4109648	4109959	WP_014950963.1#161	NZ_OX335040.1	GCF_901446755.2
WP_061096005.1#161|Alteromonas_macleodii	207	+	+	0	-1449	-1243	4110007	4110213	WP_156078915.1#161	NZ_OX335040.1	GCF_901446755.2
WP_061096005.1#161|Alteromonas_macleodii	1005	+	+	0	-1132	-128	4110324	4111328	WP_156078916.1#161	NZ_OX335040.1	GCF_901446755.2
WP_061096005.1#161|Alteromonas_macleodii	342	+	+	87	1	342	4111457	4111798	WP_061096005.1#161	NZ_OX335040.1	GCF_901446755.2
WP_061096005.1#161|Alteromonas_macleodii	444	+	+	1	352	795	4111808	4112251	WP_014950967.1#161	NZ_OX335040.1	GCF_901446755.2
WP_061096005.1#161|Alteromonas_macleodii	1329	+	-	0	885	2213	4112341	4113669	WP_014950968.1#161	NZ_OX335040.1	GCF_901446755.2
WP_061096005.1#161|Alteromonas_macleodii	525	+	-	0	2296	2820	4113752	4114276	WP_014950969.1#161	NZ_OX335040.1	GCF_901446755.2
WP_061096005.1#161|Alteromonas_macleodii	621	+	+	49	3126	3746	4114582	4115202	WP_231513117.1#161	NZ_OX335040.1	GCF_901446755.2



WP_281546222.1#59|Grimontia_sp__SpTr1	576	+	+	0	-2792	-2217	163	738	WP_281546219.1#59	NZ_CANDOD010000029.1	GCF_947387585.1
WP_281546222.1#59|Grimontia_sp__SpTr1	285	+	+	0	-2220	-1936	735	1019	WP_281546220.1#59	NZ_CANDOD010000029.1	GCF_947387585.1
WP_281546222.1#59|Grimontia_sp__SpTr1	750	+	-	0	-1168	-419	1787	2536	WP_281546221.1#59	NZ_CANDOD010000029.1	GCF_947387585.1
WP_281546222.1#59|Grimontia_sp__SpTr1	345	+	+	87	1	345	2956	3300	WP_281546222.1#59	NZ_CANDOD010000029.1	GCF_947387585.1
WP_281546222.1#59|Grimontia_sp__SpTr1	465	+	+	1	369	833	3324	3788	WP_281546223.1#59	NZ_CANDOD010000029.1	GCF_947387585.1
WP_281546222.1#59|Grimontia_sp__SpTr1	411	+	-	0	1164	1574	4119	4529	WP_281546224.1#59	NZ_CANDOD010000029.1	GCF_947387585.1
WP_281546222.1#59|Grimontia_sp__SpTr1	2214	+	-	0	1571	3784	4526	6739	WP_281546225.1#59	NZ_CANDOD010000029.1	GCF_947387585.1
WP_281546222.1#59|Grimontia_sp__SpTr1	546	+	-	0	3855	4400	6810	7355	WP_281546226.1#59	NZ_CANDOD010000029.1	GCF_947387585.1



WP_271698549.1#78|Vibrio_sp__SCSIO_43137	843	-	-	0	-2584	-1742	1536435	1537277	WP_443088740.1#78	NZ_CP116383.1	GCF_028201475.1
WP_271698549.1#78|Vibrio_sp__SCSIO_43137	77	-	+	88	-1454	-1378	1536071	1536147	tRNA_78.4*#78	NZ_CP116383.1	GCF_028201475.1
WP_271698549.1#78|Vibrio_sp__SCSIO_43137	354	-	-	0	-1031	-678	1535371	1535724	WP_271698552.1#78	NZ_CP116383.1	GCF_028201475.1
WP_271698549.1#78|Vibrio_sp__SCSIO_43137	285	-	-	0	-700	-416	1535109	1535393	WP_271698551.1#78	NZ_CP116383.1	GCF_028201475.1
WP_271698549.1#78|Vibrio_sp__SCSIO_43137	342	-	+	87	1	342	1534351	1534692	WP_271698549.1#78	NZ_CP116383.1	GCF_028201475.1
WP_271698549.1#78|Vibrio_sp__SCSIO_43137	450	-	+	1	356	805	1533888	1534337	WP_271698547.1#78	NZ_CP116383.1	GCF_028201475.1
WP_271698549.1#78|Vibrio_sp__SCSIO_43137	207	-	-	0	866	1072	1533621	1533827	WP_271698544.1#78	NZ_CP116383.1	GCF_028201475.1
WP_271698549.1#78|Vibrio_sp__SCSIO_43137	849	-	+	0	1516	2364	1532329	1533177	WP_271698541.1#78	NZ_CP116383.1	GCF_028201475.1
WP_271698549.1#78|Vibrio_sp__SCSIO_43137	189	-	-	0	2472	2660	1532033	1532221	WP_271698539.1#78	NZ_CP116383.1	GCF_028201475.1



WP_070967069.1#156|Vibrio_sonorensis	1008	-	+	3	-4924	-3917	132981	133988	WP_070967078.1#156	NZ_LJJE01000069.1	GCF_001854765.1
WP_070967069.1#156|Vibrio_sonorensis	447	-	+	0	-3917	-3471	132535	132981	WP_070967076.1#156	NZ_LJJE01000069.1	GCF_001854765.1
WP_070967069.1#156|Vibrio_sonorensis	1500	-	+	0	-3320	-1821	130885	132384	WP_070967073.1#156	NZ_LJJE01000069.1	GCF_001854765.1
WP_070967069.1#156|Vibrio_sonorensis	1043	-	+	89	-1449	-407	129471	130513	pseudogene_156.2*#156	NZ_LJJE01000069.1	GCF_001854765.1
WP_070967069.1#156|Vibrio_sonorensis	348	-	+	87	1	348	128716	129063	WP_070967069.1#156	NZ_LJJE01000069.1	GCF_001854765.1
WP_070967069.1#156|Vibrio_sonorensis	480	-	+	1	380	859	128205	128684	WP_217495125.1#156	NZ_LJJE01000069.1	GCF_001854765.1
WP_070967069.1#156|Vibrio_sonorensis	735	-	-	0	1252	1986	127078	127812	WP_070967065.1#156	NZ_LJJE01000069.1	GCF_001854765.1
WP_070967069.1#156|Vibrio_sonorensis	546	-	-	0	2016	2561	126503	127048	WP_070967061.1#156	NZ_LJJE01000069.1	GCF_001854765.1
WP_070967069.1#156|Vibrio_sonorensis	615	-	-	0	2563	3177	125887	126501	WP_070967057.1#156	NZ_LJJE01000069.1	GCF_001854765.1



WP_182807327.1#120|Oceanospirillum_sediminis	369	-	+	0	-4004	-3636	316738	317106	WP_182807330.1#120	NZ_JACJFM010000002.1	GCF_014164585.1
WP_182807327.1#120|Oceanospirillum_sediminis	783	-	-	0	-3130	-2348	315450	316232	WP_368737511.1#120	NZ_JACJFM010000002.1	GCF_014164585.1
WP_182807327.1#120|Oceanospirillum_sediminis	1062	-	-	0	-2311	-1250	314352	315413	WP_182807329.1#120	NZ_JACJFM010000002.1	GCF_014164585.1
WP_182807327.1#120|Oceanospirillum_sediminis	879	-	-	0	-1238	-360	313462	314340	WP_182807328.1#120	NZ_JACJFM010000002.1	GCF_014164585.1
WP_182807327.1#120|Oceanospirillum_sediminis	342	-	+	87	1	342	312760	313101	WP_182807327.1#120	NZ_JACJFM010000002.1	GCF_014164585.1
WP_182807327.1#120|Oceanospirillum_sediminis	453	-	+	1	374	826	312276	312728	WP_182807326.1#120	NZ_JACJFM010000002.1	GCF_014164585.1
WP_182807327.1#120|Oceanospirillum_sediminis	465	-	+	0	1091	1555	311547	312011	WP_182807325.1#120	NZ_JACJFM010000002.1	GCF_014164585.1
WP_182807327.1#120|Oceanospirillum_sediminis	1089	-	-	0	1700	2788	310314	311402	WP_220495475.1#120	NZ_JACJFM010000002.1	GCF_014164585.1
WP_182807327.1#120|Oceanospirillum_sediminis	246	-	-	0	2792	3037	310065	310310	WP_220495474.1#120	NZ_JACJFM010000002.1	GCF_014164585.1



WP_112712608.1#157|Moritella_yayanosii	446	+	+	89	-2798	-2353	691276	691721	pseudogene_157.4*#157	NZ_LS483250.1	GCF_900465055.1
WP_112712608.1#157|Moritella_yayanosii	183	+	-	0	-2167	-1985	691907	692089	WP_456299074.1#157	NZ_LS483250.1	GCF_900465055.1
WP_112712608.1#157|Moritella_yayanosii	1455	+	-	12	-1973	-519	692101	693555	WP_162629219.1#157	NZ_LS483250.1	GCF_900465055.1
WP_112712608.1#157|Moritella_yayanosii	255	+	-	89	-469	-215	693605	693859	pseudogene_157.7*#157	NZ_LS483250.1	GCF_900465055.1
WP_112712608.1#157|Moritella_yayanosii	342	+	+	87	1	342	694075	694416	WP_112712608.1#157	NZ_LS483250.1	GCF_900465055.1
WP_112712608.1#157|Moritella_yayanosii	450	+	+	1	415	864	694489	694938	WP_112712610.1#157	NZ_LS483250.1	GCF_900465055.1
WP_112712608.1#157|Moritella_yayanosii	102	+	+	89	1104	1205	695178	695279	pseudogene_157.3*#157	NZ_LS483250.1	GCF_900465055.1
WP_112712608.1#157|Moritella_yayanosii	261	+	+	0	1219	1479	695293	695553	WP_197713349.1#157	NZ_LS483250.1	GCF_900465055.1
WP_112712608.1#157|Moritella_yayanosii	579	+	+	0	1838	2416	695912	696490	WP_112712614.1#157	NZ_LS483250.1	GCF_900465055.1



WP_050917927.1#110|Vibrio_campbellii	342	-	+	87	1	342	613	954	WP_050917927.1#110	NZ_JPTG01000070.1	GCF_001185275.1
WP_050917927.1#110|Vibrio_campbellii	450	-	+	1	431	880	75	524	WP_050917926.1#110	NZ_JPTG01000070.1	GCF_001185275.1



WP_084191320.1#114|Algiphilus_aromaticivorans_DG1253	77	-	-	88	-1649	-1573	719332	719408	tRNA_114.8*#114	NZ_JPOG01000001.1	GCF_000733765.1
WP_084191320.1#114|Algiphilus_aromaticivorans_DG1253	77	-	-	88	-1528	-1452	719211	719287	tRNA_114.5*#114	NZ_JPOG01000001.1	GCF_000733765.1
WP_084191320.1#114|Algiphilus_aromaticivorans_DG1253	76	-	+	88	-944	-869	718628	718703	tRNA_114.6*#114	NZ_JPOG01000001.1	GCF_000733765.1
WP_084191320.1#114|Algiphilus_aromaticivorans_DG1253	75	-	+	88	-854	-780	718539	718613	tRNA_114.7*#114	NZ_JPOG01000001.1	GCF_000733765.1
WP_084191320.1#114|Algiphilus_aromaticivorans_DG1253	321	-	+	87	1	321	717438	717758	WP_084191320.1#114	NZ_JPOG01000001.1	GCF_000733765.1
WP_084191320.1#114|Algiphilus_aromaticivorans_DG1253	450	-	+	1	318	767	716992	717441	WP_052367478.1#114	NZ_JPOG01000001.1	GCF_000733765.1
WP_084191320.1#114|Algiphilus_aromaticivorans_DG1253	2205	-	+	0	1066	3270	714489	716693	WP_084191319.1#114	NZ_JPOG01000001.1	GCF_000733765.1
WP_084191320.1#114|Algiphilus_aromaticivorans_DG1253	2841	-	-	0	3310	6150	711609	714449	WP_043765513.1#114	NZ_JPOG01000001.1	GCF_000733765.1
WP_084191320.1#114|Algiphilus_aromaticivorans_DG1253	951	-	-	46	6290	7240	710519	711469	WP_198021905.1#114	NZ_JPOG01000001.1	GCF_000733765.1



WP_013031681.1#64|Nitrosococcus_halophilus_Nc_4	1335	+	+	3	-2910	-1576	611408	612742	WP_013031677.1#64	NC_013960.1	GCF_000024725.1
WP_013031681.1#64|Nitrosococcus_halophilus_Nc_4	411	+	+	6	-1428	-1018	612890	613300	WP_083761352.1#64	NC_013960.1	GCF_000024725.1
WP_013031681.1#64|Nitrosococcus_halophilus_Nc_4	159	+	+	0	-953	-795	613365	613523	WP_013031679.1#64	NC_013960.1	GCF_000024725.1
WP_013031681.1#64|Nitrosococcus_halophilus_Nc_4	564	+	+	0	-748	-185	613570	614133	WP_013031680.1#64	NC_013960.1	GCF_000024725.1
WP_013031681.1#64|Nitrosococcus_halophilus_Nc_4	330	+	+	87	1	330	614319	614648	WP_013031681.1#64	NC_013960.1	GCF_000024725.1
WP_013031681.1#64|Nitrosococcus_halophilus_Nc_4	456	+	+	1	391	846	614709	615164	WP_203434353.1#64	NC_013960.1	GCF_000024725.1
WP_013031681.1#64|Nitrosococcus_halophilus_Nc_4	267	+	+	0	883	1149	615201	615467	WP_013031683.1#64	NC_013960.1	GCF_000024725.1
WP_013031681.1#64|Nitrosococcus_halophilus_Nc_4	219	+	+	0	1167	1385	615485	615703	WP_238985421.1#64	NC_013960.1	GCF_000024725.1
WP_013031681.1#64|Nitrosococcus_halophilus_Nc_4	384	+	-	1	1397	1780	615715	616098	WP_013031685.1#64	NC_013960.1	GCF_000024725.1



WP_296707991.1#85|Tistrella_sp_	2154	-	-	77	-6092	-3939	49147	51300	WP_296707997.1#85	NZ_NYWI01000003.1	GCF_002684955.1
WP_296707991.1#85|Tistrella_sp_	972	-	-	65	-3657	-2686	47894	48865	WP_296708197.1#85	NZ_NYWI01000003.1	GCF_002684955.1
WP_296707991.1#85|Tistrella_sp_	729	-	-	0	-2626	-1898	47106	47834	WP_296707995.1#85	NZ_NYWI01000003.1	GCF_002684955.1
WP_296707991.1#85|Tistrella_sp_	1212	-	+	0	-1521	-310	45518	46729	WP_296707993.1#85	NZ_NYWI01000003.1	GCF_002684955.1
WP_296707991.1#85|Tistrella_sp_	294	-	+	87	1	294	44914	45207	WP_296707991.1#85	NZ_NYWI01000003.1	GCF_002684955.1
WP_296707991.1#85|Tistrella_sp_	459	-	+	1	376	834	44374	44832	WP_296707988.1#85	NZ_NYWI01000003.1	GCF_002684955.1
WP_296707991.1#85|Tistrella_sp_	1932	-	+	0	961	2892	42316	44247	WP_296707987.1#85	NZ_NYWI01000003.1	GCF_002684955.1
WP_296707991.1#85|Tistrella_sp_	1047	-	-	64	2983	4029	41179	42225	WP_296707985.1#85	NZ_NYWI01000003.1	GCF_002684955.1
WP_296707991.1#85|Tistrella_sp_	777	-	-	8	4183	4959	40249	41025	WP_062769280.1#85	NZ_NYWI01000003.1	GCF_002684955.1



WP_223507796.1#97|Pseudomonas_sp__Roth97	864	-	+	1	-1866	-1003	398124	398987	WP_223507850.1#97	NZ_JBVMRD010000001.1	GCF_055635695.1
WP_223507796.1#97|Pseudomonas_sp__Roth97	258	-	+	0	-960	-703	397824	398081	WP_223507799.1#97	NZ_JBVMRD010000001.1	GCF_055635695.1
WP_223507796.1#97|Pseudomonas_sp__Roth97	189	-	+	0	-659	-471	397592	397780	WP_223507798.1#97	NZ_JBVMRD010000001.1	GCF_055635695.1
WP_223507796.1#97|Pseudomonas_sp__Roth97	234	-	+	48	-430	-197	397318	397551	WP_223507797.1#97	NZ_JBVMRD010000001.1	GCF_055635695.1
WP_223507796.1#97|Pseudomonas_sp__Roth97	324	-	+	87	1	324	396797	397120	WP_223507796.1#97	NZ_JBVMRD010000001.1	GCF_055635695.1
WP_223507796.1#97|Pseudomonas_sp__Roth97	441	-	+	1	331	771	396350	396790	WP_223507795.1#97	NZ_JBVMRD010000001.1	GCF_055635695.1
WP_223507796.1#97|Pseudomonas_sp__Roth97	1080	-	+	0	991	2070	395051	396130	WP_223507794.1#97	NZ_JBVMRD010000001.1	GCF_055635695.1
WP_223507796.1#97|Pseudomonas_sp__Roth97	312	-	-	21	2118	2429	394692	395003	WP_223507793.1#97	NZ_JBVMRD010000001.1	GCF_055635695.1
WP_223507796.1#97|Pseudomonas_sp__Roth97	246	-	+	0	3020	3265	393856	394101	WP_223507792.1#97	NZ_JBVMRD010000001.1	GCF_055635695.1



WP_054616833.1#38|Pseudomonas_nunensis	1980	-	+	0	-8068	-6089	275192	277171	WP_054044151.1#38	NZ_JAMDHJ010000006.1	GCF_023476525.1
WP_054616833.1#38|Pseudomonas_nunensis	1851	-	+	1	-6021	-4171	273274	275124	WP_054616831.1#38	NZ_JAMDHJ010000006.1	GCF_023476525.1
WP_054616833.1#38|Pseudomonas_nunensis	3747	-	+	7	-4047	-301	269404	273150	WP_054616832.1#38	NZ_JAMDHJ010000006.1	GCF_023476525.1
WP_054616833.1#38|Pseudomonas_nunensis	77	-	+	88	-285	-209	269312	269388	tRNA_38.0*#38	NZ_JAMDHJ010000006.1	GCF_023476525.1
WP_054616833.1#38|Pseudomonas_nunensis	324	-	+	87	1	324	268779	269102	WP_054616833.1#38	NZ_JAMDHJ010000006.1	GCF_023476525.1
WP_054616833.1#38|Pseudomonas_nunensis	432	-	+	1	330	761	268342	268773	WP_054617223.1#38	NZ_JAMDHJ010000006.1	GCF_023476525.1
WP_054616833.1#38|Pseudomonas_nunensis	2352	-	-	0	825	3176	265927	268278	WP_054616834.1#38	NZ_JAMDHJ010000006.1	GCF_023476525.1
WP_054616833.1#38|Pseudomonas_nunensis	462	-	+	62	3359	3820	265283	265744	WP_054044155.1#38	NZ_JAMDHJ010000006.1	GCF_023476525.1
WP_054616833.1#38|Pseudomonas_nunensis	1683	-	+	0	4080	5762	263341	265023	WP_054044156.1#38	NZ_JAMDHJ010000006.1	GCF_023476525.1



WP_236498296.1#13|Thiothrix_subterranea	606	+	-	0	-3711	-3106	233043	233648	WP_308135406.1#13	NZ_CP133217.1	GCF_030930995.1
WP_236498296.1#13|Thiothrix_subterranea	1056	+	-	0	-3116	-2061	233638	234693	WP_308135407.1#13	NZ_CP133217.1	GCF_030930995.1
WP_236498296.1#13|Thiothrix_subterranea	88	+	+	88	-1866	-1779	234888	234975	tRNA_13.3*#13	NZ_CP133217.1	GCF_030930995.1
WP_236498296.1#13|Thiothrix_subterranea	1323	+	+	2	-1613	-291	235141	236463	WP_308135408.1#13	NZ_CP133217.1	GCF_030930995.1
WP_236498296.1#13|Thiothrix_subterranea	288	+	+	87	1	288	236755	237042	WP_236498296.1#13	NZ_CP133217.1	GCF_030930995.1
WP_236498296.1#13|Thiothrix_subterranea	450	+	+	1	301	750	237055	237504	WP_308135409.1#13	NZ_CP133217.1	GCF_030930995.1
WP_236498296.1#13|Thiothrix_subterranea	234	+	+	0	794	1027	237548	237781	WP_236498131.1#13	NZ_CP133217.1	GCF_030930995.1
WP_236498296.1#13|Thiothrix_subterranea	336	+	+	0	1024	1359	237778	238113	WP_236498130.1#13	NZ_CP133217.1	GCF_030930995.1
WP_236498296.1#13|Thiothrix_subterranea	195	+	+	0	1356	1550	238110	238304	WP_236498129.1#13	NZ_CP133217.1	GCF_030930995.1



WP_103921515.1#116|Candidatus_Venteria_ishoeyi	3864	+	-	0	-6536	-2673	63317	67180	WP_103921513.1#116	NZ_FMSV02000542.1	GCF_900099115.1
WP_103921515.1#116|Candidatus_Venteria_ishoeyi	465	+	+	22	-2216	-1752	67637	68101	WP_103921514.1#116	NZ_FMSV02000542.1	GCF_900099115.1
WP_103921515.1#116|Candidatus_Venteria_ishoeyi	900	+	-	0	-1681	-782	68172	69071	WP_146066848.1#116	NZ_FMSV02000542.1	GCF_900099115.1
WP_103921515.1#116|Candidatus_Venteria_ishoeyi	296	+	+	0	-761	-466	69092	69387	WP_286019503.1#116	NZ_FMSV02000542.1	GCF_900099115.1
WP_103921515.1#116|Candidatus_Venteria_ishoeyi	336	+	+	87	1	336	69854	70189	WP_103921515.1#116	NZ_FMSV02000542.1	GCF_900099115.1
WP_103921515.1#116|Candidatus_Venteria_ishoeyi	444	+	+	1	351	794	70204	70647	WP_103921516.1#116	NZ_FMSV02000542.1	GCF_900099115.1
WP_103921515.1#116|Candidatus_Venteria_ishoeyi	663	+	+	0	914	1576	70767	71429	WP_103921517.1#116	NZ_FMSV02000542.1	GCF_900099115.1
WP_103921515.1#116|Candidatus_Venteria_ishoeyi	1290	+	+	0	2616	3905	72469	73758	WP_103921518.1#116	NZ_FMSV02000542.1	GCF_900099115.1
WP_103921515.1#116|Candidatus_Venteria_ishoeyi	1074	+	-	0	4149	5222	74002	75075	WP_103921519.1#116	NZ_FMSV02000542.1	GCF_900099115.1



WP_324150840.1#37|Dyella_sp_	507	+	+	0	-3653	-3147	25890	26396	WP_324150837.1#37	NZ_DATEJY010000264.1	GCF_035277725.1
WP_324150840.1#37|Dyella_sp_	543	+	-	0	-3072	-2530	26471	27013	WP_324150838.1#37	NZ_DATEJY010000264.1	GCF_035277725.1
WP_324150840.1#37|Dyella_sp_	2034	+	+	0	-2401	-368	27142	29175	WP_324150839.1#37	NZ_DATEJY010000264.1	GCF_035277725.1
WP_324150840.1#37|Dyella_sp_	75	+	+	88	-319	-245	29224	29298	tRNA_37.7*#37	NZ_DATEJY010000264.1	GCF_035277725.1
WP_324150840.1#37|Dyella_sp_	336	+	+	87	1	336	29544	29879	WP_324150840.1#37	NZ_DATEJY010000264.1	GCF_035277725.1
WP_324150840.1#37|Dyella_sp_	444	+	+	1	359	802	29902	30345	WP_324150841.1#37	NZ_DATEJY010000264.1	GCF_035277725.1
WP_324150840.1#37|Dyella_sp_	807	+	-	8	1001	1807	30544	31350	WP_324150842.1#37	NZ_DATEJY010000264.1	GCF_035277725.1
WP_324150840.1#37|Dyella_sp_	3135	+	-	81	1906	5040	31449	34583	WP_324150843.1#37	NZ_DATEJY010000264.1	GCF_035277725.1
WP_324150840.1#37|Dyella_sp_	1116	+	-	35	5037	6152	34580	35695	WP_324150844.1#37	NZ_DATEJY010000264.1	GCF_035277725.1



WP_196745161.1#122|Pseudomonas_aeruginosa	684	+	-	0	-3638	-2955	161201	161884	WP_058169991.1#122	NZ_JAWIIU010000004.1	GCF_032803675.1
WP_196745161.1#122|Pseudomonas_aeruginosa	756	+	-	0	-2958	-2203	161881	162636	WP_317008272.1#122	NZ_JAWIIU010000004.1	GCF_032803675.1
WP_196745161.1#122|Pseudomonas_aeruginosa	702	+	-	78	-2138	-1437	162701	163402	WP_317008273.1#122	NZ_JAWIIU010000004.1	GCF_032803675.1
WP_196745161.1#122|Pseudomonas_aeruginosa	756	+	+	1	-925	-170	163914	164669	WP_196745162.1#122	NZ_JAWIIU010000004.1	GCF_032803675.1
WP_196745161.1#122|Pseudomonas_aeruginosa	315	+	+	87	1	315	164840	165154	WP_196745161.1#122	NZ_JAWIIU010000004.1	GCF_032803675.1
WP_196745161.1#122|Pseudomonas_aeruginosa	438	+	+	1	317	754	165156	165593	WP_023124436.1#122	NZ_JAWIIU010000004.1	GCF_032803675.1
WP_196745161.1#122|Pseudomonas_aeruginosa	255	+	-	21	793	1047	165632	165886	WP_058143927.1#122	NZ_JAWIIU010000004.1	GCF_032803675.1
WP_196745161.1#122|Pseudomonas_aeruginosa	159	+	+	0	1482	1640	166321	166479	WP_203305901.1#122	NZ_JAWIIU010000004.1	GCF_032803675.1
WP_196745161.1#122|Pseudomonas_aeruginosa	180	+	+	0	1683	1862	166522	166701	WP_034011429.1#122	NZ_JAWIIU010000004.1	GCF_032803675.1



WP_208315589.1#25|Pseudomonas_schmalbachii	1413	-	-	31	-4662	-3250	320846	322258	WP_208315592.1#25	NZ_JAELYA010000007.1	GCF_017589465.1
WP_208315589.1#25|Pseudomonas_schmalbachii	744	-	-	0	-3154	-2411	320007	320750	WP_208315623.1#25	NZ_JAELYA010000007.1	GCF_017589465.1
WP_208315589.1#25|Pseudomonas_schmalbachii	1095	-	+	0	-2149	-1055	318651	319745	WP_208315591.1#25	NZ_JAELYA010000007.1	GCF_017589465.1
WP_208315589.1#25|Pseudomonas_schmalbachii	630	-	-	0	-1041	-412	318008	318637	WP_208315590.1#25	NZ_JAELYA010000007.1	GCF_017589465.1
WP_208315589.1#25|Pseudomonas_schmalbachii	312	-	+	87	1	312	317284	317595	WP_208315589.1#25	NZ_JAELYA010000007.1	GCF_017589465.1
WP_208315589.1#25|Pseudomonas_schmalbachii	432	-	+	1	314	745	316851	317282	WP_208315588.1#25	NZ_JAELYA010000007.1	GCF_017589465.1
WP_208315589.1#25|Pseudomonas_schmalbachii	74	-	-	88	846	919	316677	316750	tRNA_25.6*#25	NZ_JAELYA010000007.1	GCF_017589465.1
WP_208315589.1#25|Pseudomonas_schmalbachii	894	-	-	0	1058	1951	315645	316538	WP_208315587.1#25	NZ_JAELYA010000007.1	GCF_017589465.1
WP_208315589.1#25|Pseudomonas_schmalbachii	2889	-	+	0	2649	5537	312059	314947	WP_208315586.1#25	NZ_JAELYA010000007.1	GCF_017589465.1



WP_019333134.1#159|Pseudomonas_syringae_pv__theae	1122	+	+	0	-2742	-1621	62046	63167	WP_019333132.1#159	NZ_RBTL01000111.1	GCF_003702275.1
WP_019333134.1#159|Pseudomonas_syringae_pv__theae	77	+	+	88	-1503	-1427	63285	63361	tRNA_159.7*#159	NZ_RBTL01000111.1	GCF_003702275.1
WP_019333134.1#159|Pseudomonas_syringae_pv__theae	756	+	+	89	-1250	-495	63538	64293	pseudogene_159.6*#159	NZ_RBTL01000111.1	GCF_003702275.1
WP_019333134.1#159|Pseudomonas_syringae_pv__theae	240	+	+	48	-427	-188	64361	64600	WP_024533370.1#159	NZ_RBTL01000111.1	GCF_003702275.1
WP_019333134.1#159|Pseudomonas_syringae_pv__theae	318	+	+	87	1	318	64789	65106	WP_019333134.1#159	NZ_RBTL01000111.1	GCF_003702275.1
WP_019333134.1#159|Pseudomonas_syringae_pv__theae	444	+	+	1	315	758	65103	65546	WP_019333135.1#159	NZ_RBTL01000111.1	GCF_003702275.1



WP_009394635.1#148|Pseudomonas_putida	219	+	+	0	-1928	-1710	37457	37675	WP_009394644.1#148	NZ_LUCV01000035.1	GCF_001644955.1
WP_009394635.1#148|Pseudomonas_putida	234	+	+	89	-1517	-1284	37868	38101	pseudogene_148.6*#148	NZ_LUCV01000035.1	GCF_001644955.1
WP_009394635.1#148|Pseudomonas_putida	768	+	-	0	-1299	-532	38086	38853	WP_064303850.1#148	NZ_LUCV01000035.1	GCF_001644955.1
WP_009394635.1#148|Pseudomonas_putida	77	+	-	88	-386	-310	38999	39075	tRNA_148.4*#148	NZ_LUCV01000035.1	GCF_001644955.1
WP_009394635.1#148|Pseudomonas_putida	315	+	+	87	1	315	39386	39700	WP_009394635.1#148	NZ_LUCV01000035.1	GCF_001644955.1
WP_009394635.1#148|Pseudomonas_putida	429	+	+	1	317	745	39702	40130	WP_009394630.1#148	NZ_LUCV01000035.1	GCF_001644955.1
WP_009394635.1#148|Pseudomonas_putida	77	+	-	88	840	916	40225	40301	tRNA_148.6*#148	NZ_LUCV01000035.1	GCF_001644955.1
WP_009394635.1#148|Pseudomonas_putida	1284	+	+	31	1141	2424	40526	41809	WP_009394629.1#148	NZ_LUCV01000035.1	GCF_001644955.1
WP_009394635.1#148|Pseudomonas_putida	660	+	-	0	2734	3393	42119	42778	WP_064303851.1#148	NZ_LUCV01000035.1	GCF_001644955.1



WP_048398972.1#160|Pseudomonas_lundensis	246	+	-	0	-1838	-1593	3013010	3013255	WP_047275919.1#160	NZ_FNLA01000002.1	GCF_900103705.1
WP_048398972.1#160|Pseudomonas_lundensis	192	+	-	0	-1572	-1381	3013276	3013467	WP_032631960.1#160	NZ_FNLA01000002.1	GCF_900103705.1
WP_048398972.1#160|Pseudomonas_lundensis	240	+	-	0	-1350	-1111	3013498	3013737	WP_047275916.1#160	NZ_FNLA01000002.1	GCF_900103705.1
WP_048398972.1#160|Pseudomonas_lundensis	912	+	+	1	-1072	-161	3013776	3014687	WP_238591614.1#160	NZ_FNLA01000002.1	GCF_900103705.1
WP_048398972.1#160|Pseudomonas_lundensis	318	+	+	87	1	318	3014849	3015166	WP_048398972.1#160	NZ_FNLA01000002.1	GCF_900103705.1
WP_048398972.1#160|Pseudomonas_lundensis	441	+	+	1	315	755	3015163	3015603	WP_048398970.1#160	NZ_FNLA01000002.1	GCF_900103705.1
WP_048398972.1#160|Pseudomonas_lundensis	306	+	-	21	804	1109	3015652	3015957	WP_083334402.1#160	NZ_FNLA01000002.1	GCF_900103705.1
WP_048398972.1#160|Pseudomonas_lundensis	195	+	-	0	1657	1851	3016505	3016699	WP_024013555.1#160	NZ_FNLA01000002.1	GCF_900103705.1
WP_048398972.1#160|Pseudomonas_lundensis	234	+	+	0	1988	2221	3016836	3017069	WP_141232165.1#160	NZ_FNLA01000002.1	GCF_900103705.1



WP_158521712.1#118|Thioclava_marina	615	-	-	0	-3487	-2873	212418	213032	WP_078574411.1#118	NZ_MPZS01000002.1	GCF_002020135.1
WP_158521712.1#118|Thioclava_marina	1176	-	-	0	-2865	-1690	211235	212410	WP_078574410.1#118	NZ_MPZS01000002.1	GCF_002020135.1
WP_158521712.1#118|Thioclava_marina	1017	-	-	0	-1673	-657	210202	211218	WP_078574409.1#118	NZ_MPZS01000002.1	GCF_002020135.1
WP_158521712.1#118|Thioclava_marina	90	-	+	88	-450	-361	209906	209995	tRNA_118.8*#118	NZ_MPZS01000002.1	GCF_002020135.1
WP_158521712.1#118|Thioclava_marina	249	-	+	87	1	249	209296	209544	WP_158521712.1#118	NZ_MPZS01000002.1	GCF_002020135.1
WP_158521712.1#118|Thioclava_marina	447	-	+	1	259	705	208840	209286	WP_146642616.1#118	NZ_MPZS01000002.1	GCF_002020135.1
WP_158521712.1#118|Thioclava_marina	471	-	-	17	745	1215	208330	208800	WP_245795018.1#118	NZ_MPZS01000002.1	GCF_002020135.1
WP_158521712.1#118|Thioclava_marina	501	-	-	0	1509	2009	207536	208036	WP_078574405.1#118	NZ_MPZS01000002.1	GCF_002020135.1
WP_158521712.1#118|Thioclava_marina	210	-	-	0	2070	2279	207266	207475	WP_078574404.1#118	NZ_MPZS01000002.1	GCF_002020135.1



WP_115226457.1#117|Iodobacter_fluviatilis	756	-	-	11	-7598	-6843	1244646	1245401	WP_218586909.1#117	NZ_CAWRDJ010000009.1	GCF_963900625.1
WP_115226457.1#117|Iodobacter_fluviatilis	1305	-	-	11	-6808	-5504	1243307	1244611	WP_115226459.1#117	NZ_CAWRDJ010000009.1	GCF_963900625.1
WP_115226457.1#117|Iodobacter_fluviatilis	2079	-	-	0	-5501	-3423	1241226	1243304	WP_174900832.1#117	NZ_CAWRDJ010000009.1	GCF_963900625.1
WP_115226457.1#117|Iodobacter_fluviatilis	2967	-	-	0	-3423	-457	1238260	1241226	WP_115226458.1#117	NZ_CAWRDJ010000009.1	GCF_963900625.1
WP_115226457.1#117|Iodobacter_fluviatilis	327	-	+	87	1	327	1237476	1237802	WP_115226457.1#117	NZ_CAWRDJ010000009.1	GCF_963900625.1
WP_115226457.1#117|Iodobacter_fluviatilis	480	-	+	1	444	923	1236880	1237359	WP_132038696.1#117	NZ_CAWRDJ010000009.1	GCF_963900625.1
WP_115226457.1#117|Iodobacter_fluviatilis	378	-	-	0	1169	1546	1236257	1236634	WP_115226455.1#117	NZ_CAWRDJ010000009.1	GCF_963900625.1
WP_115226457.1#117|Iodobacter_fluviatilis	213	-	-	0	1540	1752	1236051	1236263	WP_115226454.1#117	NZ_CAWRDJ010000009.1	GCF_963900625.1
WP_115226457.1#117|Iodobacter_fluviatilis	201	-	-	0	2629	2829	1234974	1235174	WP_115226452.1#117	NZ_CAWRDJ010000009.1	GCF_963900625.1



WP_281661334.1#82|Microvirgula_aerodenitrificans	936	+	-	4	-4768	-3833	173766	174701	WP_281661330.1#82	NZ_CAURZP010000002.1	GCF_963529355.1
WP_281661334.1#82|Microvirgula_aerodenitrificans	999	+	+	0	-3729	-2731	174805	175803	WP_281661331.1#82	NZ_CAURZP010000002.1	GCF_963529355.1
WP_281661334.1#82|Microvirgula_aerodenitrificans	1404	+	-	0	-2717	-1314	175817	177220	WP_315383111.1#82	NZ_CAURZP010000002.1	GCF_963529355.1
WP_281661334.1#82|Microvirgula_aerodenitrificans	864	+	+	0	-1200	-337	177334	178197	WP_281661333.1#82	NZ_CAURZP010000002.1	GCF_963529355.1
WP_281661334.1#82|Microvirgula_aerodenitrificans	303	+	+	87	1	303	178535	178837	WP_281661334.1#82	NZ_CAURZP010000002.1	GCF_963529355.1
WP_281661334.1#82|Microvirgula_aerodenitrificans	450	+	+	1	296	745	178830	179279	WP_281661335.1#82	NZ_CAURZP010000002.1	GCF_963529355.1
WP_281661334.1#82|Microvirgula_aerodenitrificans	77	+	-	88	962	1038	179496	179572	tRNA_82.1*#82	NZ_CAURZP010000002.1	GCF_963529355.1
WP_281661334.1#82|Microvirgula_aerodenitrificans	77	+	-	88	962	1038	179496	179572	tRNA_82.1*#82	NZ_CAURZP010000002.1	GCF_963529355.1
WP_281661334.1#82|Microvirgula_aerodenitrificans	78	+	-	88	1064	1141	179598	179675	tRNA_82.9*#82	NZ_CAURZP010000002.1	GCF_963529355.1



WP_308075229.1#91|Neisseria_polysaccharea	1764	-	+	76	-1853	-90	163493	165256	WP_308074141.1#91	NZ_CAUJOD010000004.1	GCF_963393145.1
WP_308075229.1#91|Neisseria_polysaccharea	300	-	+	87	1	300	163103	163402	WP_308075229.1#91	NZ_CAUJOD010000004.1	GCF_963393145.1
WP_308075229.1#91|Neisseria_polysaccharea	444	-	+	1	303	746	162657	163100	WP_308074143.1#91	NZ_CAUJOD010000004.1	GCF_963393145.1
WP_308075229.1#91|Neisseria_polysaccharea	1728	-	+	32	1783	3510	159893	161620	WP_308074144.1#91	NZ_CAUJOD010000004.1	GCF_963393145.1
WP_308075229.1#91|Neisseria_polysaccharea	492	-	+	0	3521	4012	159391	159882	WP_308074145.1#91	NZ_CAUJOD010000004.1	GCF_963393145.1
WP_308075229.1#91|Neisseria_polysaccharea	294	-	+	0	4072	4365	159038	159331	WP_107819372.1#91	NZ_CAUJOD010000004.1	GCF_963393145.1



WP_060816855.1#111|Caballeronia_sordidicola	360	+	+	0	-2745	-2386	342496	342855	WP_060816851.1#111	NZ_FCOC02000001.1	GCF_001544455.2
WP_060816855.1#111|Caballeronia_sordidicola	375	+	+	0	-2288	-1914	342953	343327	WP_060816852.1#111	NZ_FCOC02000001.1	GCF_001544455.2
WP_060816855.1#111|Caballeronia_sordidicola	726	+	-	0	-1896	-1171	343345	344070	WP_060816853.1#111	NZ_FCOC02000001.1	GCF_001544455.2
WP_060816855.1#111|Caballeronia_sordidicola	783	+	+	1	-1017	-235	344224	345006	WP_060816854.1#111	NZ_FCOC02000001.1	GCF_001544455.2
WP_060816855.1#111|Caballeronia_sordidicola	306	+	+	87	1	306	345242	345547	WP_060816855.1#111	NZ_FCOC02000001.1	GCF_001544455.2
WP_060816855.1#111|Caballeronia_sordidicola	447	+	+	1	309	755	345550	345996	WP_060816856.1#111	NZ_FCOC02000001.1	GCF_001544455.2
WP_060816855.1#111|Caballeronia_sordidicola	94	+	-	88	802	895	346043	346136	tRNA_111.3*#111	NZ_FCOC02000001.1	GCF_001544455.2
WP_060816855.1#111|Caballeronia_sordidicola	1251	+	-	0	1099	2349	346340	347590	WP_060816857.1#111	NZ_FCOC02000001.1	GCF_001544455.2
WP_060816855.1#111|Caballeronia_sordidicola	1452	+	-	0	2751	4202	347992	349443	WP_060816858.1#111	NZ_FCOC02000001.1	GCF_001544455.2



WP_114562597.1#142|Ephemeroptericola_cinctiostellae	77	-	+	88	-4077	-4001	1216613	1216689	tRNA_142.8*#142	NZ_CP031124.1	GCF_003339525.1
WP_114562597.1#142|Ephemeroptericola_cinctiostellae	1293	-	+	2	-3808	-2516	1215128	1216420	WP_114562599.1#142	NZ_CP031124.1	GCF_003339525.1
WP_114562597.1#142|Ephemeroptericola_cinctiostellae	1098	-	+	34	-2119	-1022	1213634	1214731	WP_192879021.1#142	NZ_CP031124.1	GCF_003339525.1
WP_114562597.1#142|Ephemeroptericola_cinctiostellae	687	-	+	82	-966	-280	1212892	1213578	WP_114562080.1#142	NZ_CP031124.1	GCF_003339525.1
WP_114562597.1#142|Ephemeroptericola_cinctiostellae	285	-	+	87	1	285	1212327	1212611	WP_114562597.1#142	NZ_CP031124.1	GCF_003339525.1
WP_114562597.1#142|Ephemeroptericola_cinctiostellae	468	-	+	1	297	764	1211848	1212315	WP_114562596.1#142	NZ_CP031124.1	GCF_003339525.1
WP_114562597.1#142|Ephemeroptericola_cinctiostellae	1338	-	+	0	911	2248	1210364	1211701	WP_114562595.1#142	NZ_CP031124.1	GCF_003339525.1
WP_114562597.1#142|Ephemeroptericola_cinctiostellae	144	-	-	0	2379	2522	1210090	1210233	WP_157964339.1#142	NZ_CP031124.1	GCF_003339525.1
WP_114562597.1#142|Ephemeroptericola_cinctiostellae	1146	-	-	14	2714	3859	1208753	1209898	WP_114563941.1#142	NZ_CP031124.1	GCF_003339525.1



WP_256079946.1#127|Massilia_sp__YIM_B04103	960	-	+	0	-2858	-1899	277611	278570	WP_256079948.1#127	NZ_JANCSZ010000006.1	GCF_024437665.1
WP_256079946.1#127|Massilia_sp__YIM_B04103	361	-	+	88	-1847	-1487	277199	277559	tmRNA_127.2*#127	NZ_JANCSZ010000006.1	GCF_024437665.1
WP_256079946.1#127|Massilia_sp__YIM_B04103	459	-	-	0	-1190	-732	276444	276902	WP_256079947.1#127	NZ_JANCSZ010000006.1	GCF_024437665.1
WP_256079946.1#127|Massilia_sp__YIM_B04103	387	-	-	0	-725	-339	276051	276437	WP_176348646.1#127	NZ_JANCSZ010000006.1	GCF_024437665.1
WP_256079946.1#127|Massilia_sp__YIM_B04103	315	-	+	87	1	315	275397	275711	WP_256079946.1#127	NZ_JANCSZ010000006.1	GCF_024437665.1
WP_256079946.1#127|Massilia_sp__YIM_B04103	540	-	+	1	328	867	274845	275384	WP_256079945.1#127	NZ_JANCSZ010000006.1	GCF_024437665.1
WP_256079946.1#127|Massilia_sp__YIM_B04103	453	-	-	0	918	1370	274342	274794	WP_256079944.1#127	NZ_JANCSZ010000006.1	GCF_024437665.1
WP_256079946.1#127|Massilia_sp__YIM_B04103	438	-	-	0	1439	1876	273836	274273	WP_256079943.1#127	NZ_JANCSZ010000006.1	GCF_024437665.1
WP_256079946.1#127|Massilia_sp__YIM_B04103	798	-	+	0	1961	2758	272954	273751	WP_256079942.1#127	NZ_JANCSZ010000006.1	GCF_024437665.1



WP_167230140.1#51|Massilia_rubra	1263	-	+	41	-5408	-4146	88152	89414	WP_054268339.1#51	NZ_VUYU01000026.1	GCF_011682065.1
WP_167230140.1#51|Massilia_rubra	270	-	+	0	-3504	-3235	87241	87510	WP_054268338.1#51	NZ_VUYU01000026.1	GCF_011682065.1
WP_167230140.1#51|Massilia_rubra	1722	-	+	0	-3142	-1421	85427	87148	WP_167230145.1#51	NZ_VUYU01000026.1	GCF_011682065.1
WP_167230140.1#51|Massilia_rubra	1065	-	-	0	-1218	-154	84160	85224	WP_167230142.1#51	NZ_VUYU01000026.1	GCF_011682065.1
WP_167230140.1#51|Massilia_rubra	282	-	+	87	1	282	83724	84005	WP_167230140.1#51	NZ_VUYU01000026.1	GCF_011682065.1
WP_167230140.1#51|Massilia_rubra	471	-	+	1	294	764	83242	83712	WP_167230137.1#51	NZ_VUYU01000026.1	GCF_011682065.1
WP_167230140.1#51|Massilia_rubra	87	-	+	88	1036	1122	82884	82970	tRNA_51.3*#51	NZ_VUYU01000026.1	GCF_011682065.1
WP_167230140.1#51|Massilia_rubra	723	-	-	0	1253	1975	82031	82753	WP_167230134.1#51	NZ_VUYU01000026.1	GCF_011682065.1
WP_167230140.1#51|Massilia_rubra	1017	-	-	0	2013	3029	80977	81993	WP_167230131.1#51	NZ_VUYU01000026.1	GCF_011682065.1



WP_137172325.1#69|Massilia_sp__HP4	2091	+	-	0	-4980	-2890	299990	302080	WP_137172321.1#69	NZ_STGG01000011.1	GCF_005222695.1
WP_137172325.1#69|Massilia_sp__HP4	675	+	-	0	-2770	-2096	302200	302874	WP_137172322.1#69	NZ_STGG01000011.1	GCF_005222695.1
WP_137172325.1#69|Massilia_sp__HP4	747	+	+	0	-1954	-1208	303016	303762	WP_137172323.1#69	NZ_STGG01000011.1	GCF_005222695.1
WP_137172325.1#69|Massilia_sp__HP4	1008	+	+	0	-1188	-181	303782	304789	WP_137172324.1#69	NZ_STGG01000011.1	GCF_005222695.1
WP_137172325.1#69|Massilia_sp__HP4	318	+	+	87	1	318	304971	305288	WP_137172325.1#69	NZ_STGG01000011.1	GCF_005222695.1
WP_137172325.1#69|Massilia_sp__HP4	468	+	+	1	327	794	305297	305764	WP_137172326.1#69	NZ_STGG01000011.1	GCF_005222695.1
WP_137172325.1#69|Massilia_sp__HP4	942	+	-	0	795	1736	305765	306706	WP_137172327.1#69	NZ_STGG01000011.1	GCF_005222695.1
WP_137172325.1#69|Massilia_sp__HP4	3132	+	-	81	1943	5074	306913	310044	WP_137172328.1#69	NZ_STGG01000011.1	GCF_005222695.1
WP_137172325.1#69|Massilia_sp__HP4	1197	+	-	35	5071	6267	310041	311237	WP_137172329.1#69	NZ_STGG01000011.1	GCF_005222695.1



WP_218300186.1#124|Acidovorax_sp__sif0613	864	+	-	0	-2945	-2082	626182	627045	WP_255577708.1#124	NZ_JAHUWV010000003.1	GCF_019218865.1
WP_218300186.1#124|Acidovorax_sp__sif0613	1041	+	+	2	-1918	-878	627209	628249	WP_218300184.1#124	NZ_JAHUWV010000003.1	GCF_019218865.1
WP_218300186.1#124|Acidovorax_sp__sif0613	324	+	+	0	-834	-511	628293	628616	WP_255577709.1#124	NZ_JAHUWV010000003.1	GCF_019218865.1
WP_218300186.1#124|Acidovorax_sp__sif0613	483	+	+	17	-504	-22	628623	629105	WP_255577710.1#124	NZ_JAHUWV010000003.1	GCF_019218865.1
WP_218300186.1#124|Acidovorax_sp__sif0613	318	+	+	87	1	318	629128	629445	WP_218300186.1#124	NZ_JAHUWV010000003.1	GCF_019218865.1
WP_218300186.1#124|Acidovorax_sp__sif0613	471	+	+	1	329	799	629456	629926	WP_218300187.1#124	NZ_JAHUWV010000003.1	GCF_019218865.1
WP_218300186.1#124|Acidovorax_sp__sif0613	300	+	+	0	913	1212	630040	630339	WP_218300188.1#124	NZ_JAHUWV010000003.1	GCF_019218865.1
WP_218300186.1#124|Acidovorax_sp__sif0613	255	+	-	0	1290	1544	630417	630671	WP_218300191.1#124	NZ_JAHUWV010000003.1	GCF_019218865.1
WP_218300186.1#124|Acidovorax_sp__sif0613	234	+	-	0	1569	1802	630696	630929	WP_218300193.1#124	NZ_JAHUWV010000003.1	GCF_019218865.1



WP_165803973.1#49|Limnohabitans_planktonicus_II_D5	3096	-	+	76	-7271	-4176	5421	8516	WP_053172054.1#49	NZ_LFYT02000053.1	GCF_001270065.2
WP_165803973.1#49|Limnohabitans_planktonicus_II_D5	249	-	-	0	-3279	-3031	4276	4524	WP_133240088.1#49	NZ_LFYT02000053.1	GCF_001270065.2
WP_165803973.1#49|Limnohabitans_planktonicus_II_D5	1215	-	+	2	-2150	-936	2181	3395	WP_053172188.1#49	NZ_LFYT02000053.1	GCF_001270065.2
WP_165803973.1#49|Limnohabitans_planktonicus_II_D5	150	-	-	0	-282	-133	1378	1527	WP_165803974.1#49	NZ_LFYT02000053.1	GCF_001270065.2
WP_165803973.1#49|Limnohabitans_planktonicus_II_D5	339	-	+	87	1	339	906	1244	WP_165803973.1#49	NZ_LFYT02000053.1	GCF_001270065.2
WP_165803973.1#49|Limnohabitans_planktonicus_II_D5	498	-	+	1	342	839	406	903	WP_205872766.1#49	NZ_LFYT02000053.1	GCF_001270065.2
WP_165803973.1#49|Limnohabitans_planktonicus_II_D5	162	-	+	0	964	1125	120	281	WP_165803972.1#49	NZ_LFYT02000053.1	GCF_001270065.2



WP_148264924.1#47|Collimonas_fungivorans_Ter331	402	-	+	61	-4369	-3968	5185887	5186288	WP_274377023.1#47	NC_015856.1	GCF_000221045.1
WP_148264924.1#47|Collimonas_fungivorans_Ter331	285	-	+	43	-3859	-3575	5185494	5185778	WP_014008419.1#47	NC_015856.1	GCF_000221045.1
WP_148264924.1#47|Collimonas_fungivorans_Ter331	1662	-	+	28	-3555	-1894	5183813	5185474	WP_014008418.1#47	NC_015856.1	GCF_000221045.1
WP_148264924.1#47|Collimonas_fungivorans_Ter331	1398	-	+	14	-1777	-380	5182299	5183696	WP_014008417.1#47	NC_015856.1	GCF_000221045.1
WP_148264924.1#47|Collimonas_fungivorans_Ter331	306	-	+	87	1	306	5181613	5181918	WP_148264924.1#47	NC_015856.1	GCF_000221045.1
WP_148264924.1#47|Collimonas_fungivorans_Ter331	456	-	+	1	311	766	5181153	5181608	WP_041742832.1#47	NC_015856.1	GCF_000221045.1
WP_148264924.1#47|Collimonas_fungivorans_Ter331	225	-	+	0	1011	1235	5180684	5180908	WP_148264923.1#47	NC_015856.1	GCF_000221045.1
WP_148264924.1#47|Collimonas_fungivorans_Ter331	174	-	-	0	1237	1410	5180509	5180682	WP_190275201.1#47	NC_015856.1	GCF_000221045.1
WP_148264924.1#47|Collimonas_fungivorans_Ter331	207	-	-	0	1464	1670	5180249	5180455	WP_041742826.1#47	NC_015856.1	GCF_000221045.1



WP_063237167.1#113|Cupriavidus_oxalaticus	156	+	+	0	-4685	-4530	1202683	1202838	WP_167525686.1#113	NZ_LT978515.1	GCF_900249725.1
WP_063237167.1#113|Cupriavidus_oxalaticus	1131	+	-	0	-4300	-3170	1203068	1204198	WP_063237199.1#113	NZ_LT978515.1	GCF_900249725.1
WP_063237167.1#113|Cupriavidus_oxalaticus	1389	+	+	42	-2928	-1540	1204440	1205828	WP_063237165.1#113	NZ_LT978515.1	GCF_900249725.1
WP_063237167.1#113|Cupriavidus_oxalaticus	918	+	+	0	-1462	-545	1205906	1206823	WP_063237166.1#113	NZ_LT978515.1	GCF_900249725.1
WP_063237167.1#113|Cupriavidus_oxalaticus	300	+	+	87	1	300	1207369	1207668	WP_063237167.1#113	NZ_LT978515.1	GCF_900249725.1
WP_063237167.1#113|Cupriavidus_oxalaticus	456	+	+	1	342	797	1207710	1208165	WP_063237168.1#113	NZ_LT978515.1	GCF_900249725.1
WP_063237167.1#113|Cupriavidus_oxalaticus	76	+	-	88	892	967	1208260	1208335	tRNA_113.0*#113	NZ_LT978515.1	GCF_900249725.1
WP_063237167.1#113|Cupriavidus_oxalaticus	1017	+	-	0	1198	2214	1208566	1209582	WP_063237169.1#113	NZ_LT978515.1	GCF_900249725.1
WP_063237167.1#113|Cupriavidus_oxalaticus	2715	+	-	0	2311	5025	1209679	1212393	WP_063237170.1#113	NZ_LT978515.1	GCF_900249725.1



WP_293606504.1#32|Polaromonas_sp__UBA4122	1029	+	+	64	-3745	-2717	54247	55275	WP_293606500.1#32	NZ_DFWY01000160.1	GCF_002381615.1
WP_293606504.1#32|Polaromonas_sp__UBA4122	708	+	+	0	-2695	-1988	55297	56004	WP_293606501.1#32	NZ_DFWY01000160.1	GCF_002381615.1
WP_293606504.1#32|Polaromonas_sp__UBA4122	639	+	+	0	-1985	-1347	56007	56645	WP_293606502.1#32	NZ_DFWY01000160.1	GCF_002381615.1
WP_293606504.1#32|Polaromonas_sp__UBA4122	171	+	+	0	-400	-230	57592	57762	WP_293606503.1#32	NZ_DFWY01000160.1	GCF_002381615.1
WP_293606504.1#32|Polaromonas_sp__UBA4122	318	+	+	87	1	318	57993	58310	WP_293606504.1#32	NZ_DFWY01000160.1	GCF_002381615.1
WP_293606504.1#32|Polaromonas_sp__UBA4122	465	+	+	1	332	796	58324	58788	WP_293606505.1#32	NZ_DFWY01000160.1	GCF_002381615.1



WP_083239783.1#162|Hydrogenophaga_sp__RAC07	870	+	+	0	-2627	-1758	726677	727546	WP_216637495.1#162	NZ_CP016449.1	GCF_001713375.1
WP_083239783.1#162|Hydrogenophaga_sp__RAC07	297	+	+	0	-1320	-1024	727984	728280	WP_069045609.1#162	NZ_CP016449.1	GCF_001713375.1
WP_083239783.1#162|Hydrogenophaga_sp__RAC07	405	+	+	0	-869	-465	728435	728839	WP_156775402.1#162	NZ_CP016449.1	GCF_001713375.1
WP_083239783.1#162|Hydrogenophaga_sp__RAC07	285	+	+	0	-468	-184	728836	729120	WP_069045611.1#162	NZ_CP016449.1	GCF_001713375.1
WP_083239783.1#162|Hydrogenophaga_sp__RAC07	315	+	+	87	1	315	729305	729619	WP_083239783.1#162	NZ_CP016449.1	GCF_001713375.1
WP_083239783.1#162|Hydrogenophaga_sp__RAC07	471	+	+	1	334	804	729638	730108	WP_069045613.1#162	NZ_CP016449.1	GCF_001713375.1
WP_083239783.1#162|Hydrogenophaga_sp__RAC07	258	+	+	0	1158	1415	730462	730719	WP_156775403.1#162	NZ_CP016449.1	GCF_001713375.1
WP_083239783.1#162|Hydrogenophaga_sp__RAC07	780	+	-	0	1446	2225	730750	731529	WP_069045615.1#162	NZ_CP016449.1	GCF_001713375.1
WP_083239783.1#162|Hydrogenophaga_sp__RAC07	279	+	-	25	2542	2820	731846	732124	WP_083240147.1#162	NZ_CP016449.1	GCF_001713375.1



WP_104800543.1#44|Limnohabitans_sp__TS_CS_82	660	+	+	3	-2695	-2036	173162	173821	WP_104800540.1#44	NZ_PTQX01000013.1	GCF_002943475.1
WP_104800543.1#44|Limnohabitans_sp__TS_CS_82	76	+	+	88	-2005	-1930	173852	173927	tRNA_44.1*#44	NZ_PTQX01000013.1	GCF_002943475.1
WP_104800543.1#44|Limnohabitans_sp__TS_CS_82	879	+	-	0	-1600	-722	174257	175135	WP_104800541.1#44	NZ_PTQX01000013.1	GCF_002943475.1
WP_104800543.1#44|Limnohabitans_sp__TS_CS_82	438	+	+	0	-523	-86	175334	175771	WP_104800542.1#44	NZ_PTQX01000013.1	GCF_002943475.1
WP_104800543.1#44|Limnohabitans_sp__TS_CS_82	375	+	+	87	1	375	175858	176232	WP_104800543.1#44	NZ_PTQX01000013.1	GCF_002943475.1
WP_104800543.1#44|Limnohabitans_sp__TS_CS_82	489	+	+	1	380	868	176237	176725	WP_104800544.1#44	NZ_PTQX01000013.1	GCF_002943475.1
WP_104800543.1#44|Limnohabitans_sp__TS_CS_82	1539	+	+	0	1341	2879	177198	178736	WP_104800545.1#44	NZ_PTQX01000013.1	GCF_002943475.1
WP_104800543.1#44|Limnohabitans_sp__TS_CS_82	993	+	+	13	2876	3868	178733	179725	WP_104800546.1#44	NZ_PTQX01000013.1	GCF_002943475.1
WP_104800543.1#44|Limnohabitans_sp__TS_CS_82	834	+	+	0	3889	4722	179746	180579	WP_104800547.1#44	NZ_PTQX01000013.1	GCF_002943475.1



WP_068832979.1#66|Polaromonas_jejuensis	942	-	+	0	-3681	-2740	9965	10906	WP_068832984.1#66	NZ_JBHSMX010000013.1	GCF_042656865.1
WP_068832979.1#66|Polaromonas_jejuensis	1341	-	+	0	-2483	-1143	8368	9708	WP_068832982.1#66	NZ_JBHSMX010000013.1	GCF_042656865.1
WP_068832979.1#66|Polaromonas_jejuensis	90	-	+	88	-953	-864	8089	8178	tRNA_66.2*#66	NZ_JBHSMX010000013.1	GCF_042656865.1
WP_068832979.1#66|Polaromonas_jejuensis	477	-	+	2	-687	-211	7436	7912	WP_068832980.1#66	NZ_JBHSMX010000013.1	GCF_042656865.1
WP_068832979.1#66|Polaromonas_jejuensis	306	-	+	87	1	306	6919	7224	WP_068832979.1#66	NZ_JBHSMX010000013.1	GCF_042656865.1
WP_068832979.1#66|Polaromonas_jejuensis	468	-	+	1	323	790	6435	6902	WP_174548533.1#66	NZ_JBHSMX010000013.1	GCF_042656865.1
WP_068832979.1#66|Polaromonas_jejuensis	624	-	-	0	919	1542	5683	6306	WP_068832978.1#66	NZ_JBHSMX010000013.1	GCF_042656865.1
WP_068832979.1#66|Polaromonas_jejuensis	261	-	+	0	1612	1872	5353	5613	WP_068832976.1#66	NZ_JBHSMX010000013.1	GCF_042656865.1
WP_068832979.1#66|Polaromonas_jejuensis	297	-	+	0	1963	2259	4966	5262	WP_068832975.1#66	NZ_JBHSMX010000013.1	GCF_042656865.1



WP_279757287.1#80|Mitsuaria_sp__GD03876	786	+	-	37	-4520	-3735	104504	105289	WP_279757284.1#80	NZ_JAOCCU010000010.1	GCF_029840635.1
WP_279757287.1#80|Mitsuaria_sp__GD03876	993	+	-	5	-3691	-2699	105333	106325	WP_279757285.1#80	NZ_JAOCCU010000010.1	GCF_029840635.1
WP_279757287.1#80|Mitsuaria_sp__GD03876	1287	+	-	39	-2647	-1361	106377	107663	WP_279757327.1#80	NZ_JAOCCU010000010.1	GCF_029840635.1
WP_279757287.1#80|Mitsuaria_sp__GD03876	996	+	-	5	-1290	-295	107734	108729	WP_279757286.1#80	NZ_JAOCCU010000010.1	GCF_029840635.1
WP_279757287.1#80|Mitsuaria_sp__GD03876	303	+	+	87	1	303	109025	109327	WP_279757287.1#80	NZ_JAOCCU010000010.1	GCF_029840635.1
WP_279757287.1#80|Mitsuaria_sp__GD03876	483	+	+	1	312	794	109336	109818	WP_279757288.1#80	NZ_JAOCCU010000010.1	GCF_029840635.1
WP_279757287.1#80|Mitsuaria_sp__GD03876	747	+	-	9	813	1559	109837	110583	WP_279757289.1#80	NZ_JAOCCU010000010.1	GCF_029840635.1
WP_279757287.1#80|Mitsuaria_sp__GD03876	807	+	-	26	1690	2496	110714	111520	WP_279757290.1#80	NZ_JAOCCU010000010.1	GCF_029840635.1
WP_279757287.1#80|Mitsuaria_sp__GD03876	2418	+	-	38	2526	4943	111550	113967	WP_279757291.1#80	NZ_JAOCCU010000010.1	GCF_029840635.1



WP_297384683.1#104|Roseateles_sp__22389	786	+	-	37	-4607	-3822	26210	26995	WP_440823046.1#104	NZ_JBQEOF010000029.1	GCF_052044995.1
WP_297384683.1#104|Roseateles_sp__22389	1035	+	-	5	-3799	-2765	27018	28052	WP_440823048.1#104	NZ_JBQEOF010000029.1	GCF_052044995.1
WP_297384683.1#104|Roseateles_sp__22389	1287	+	-	39	-2697	-1411	28120	29406	WP_440823072.1#104	NZ_JBQEOF010000029.1	GCF_052044995.1
WP_297384683.1#104|Roseateles_sp__22389	996	+	-	5	-1313	-318	29504	30499	WP_091721929.1#104	NZ_JBQEOF010000029.1	GCF_052044995.1
WP_297384683.1#104|Roseateles_sp__22389	282	+	+	87	1	282	30818	31099	WP_297384683.1#104	NZ_JBQEOF010000029.1	GCF_052044995.1
WP_297384683.1#104|Roseateles_sp__22389	483	+	+	1	291	773	31108	31590	WP_297384681.1#104	NZ_JBQEOF010000029.1	GCF_052044995.1
WP_297384683.1#104|Roseateles_sp__22389	747	+	-	9	795	1541	31612	32358	WP_091721926.1#104	NZ_JBQEOF010000029.1	GCF_052044995.1
WP_297384683.1#104|Roseateles_sp__22389	804	+	-	26	1677	2480	32494	33297	WP_091721923.1#104	NZ_JBQEOF010000029.1	GCF_052044995.1
WP_297384683.1#104|Roseateles_sp__22389	2397	+	-	38	2510	4906	33327	35723	WP_440823051.1#104	NZ_JBQEOF010000029.1	GCF_052044995.1



WP_183485548.1#24|Mitsuaria_sp__BK037	786	-	-	37	-4587	-3802	765585	766370	WP_091721935.1#24	NZ_JACHYS010000004.1	GCF_014193045.1
WP_183485548.1#24|Mitsuaria_sp__BK037	990	-	-	5	-3779	-2790	764573	765562	WP_183485804.1#24	NZ_JACHYS010000004.1	GCF_014193045.1
WP_183485548.1#24|Mitsuaria_sp__BK037	1350	-	-	39	-2676	-1327	763110	764459	WP_310737342.1#24	NZ_JACHYS010000004.1	GCF_014193045.1
WP_183485548.1#24|Mitsuaria_sp__BK037	996	-	-	5	-1292	-297	762080	763075	WP_091721929.1#24	NZ_JACHYS010000004.1	GCF_014193045.1
WP_183485548.1#24|Mitsuaria_sp__BK037	303	-	+	87	1	303	761480	761782	WP_183485548.1#24	NZ_JACHYS010000004.1	GCF_014193045.1
WP_183485548.1#24|Mitsuaria_sp__BK037	477	-	+	1	317	793	760990	761466	WP_183485545.1#24	NZ_JACHYS010000004.1	GCF_014193045.1
WP_183485548.1#24|Mitsuaria_sp__BK037	747	-	-	9	812	1558	760225	760971	WP_091721926.1#24	NZ_JACHYS010000004.1	GCF_014193045.1
WP_183485548.1#24|Mitsuaria_sp__BK037	804	-	-	26	1694	2497	759286	760089	WP_091721923.1#24	NZ_JACHYS010000004.1	GCF_014193045.1
WP_183485548.1#24|Mitsuaria_sp__BK037	2397	-	-	38	2527	4923	756860	759256	WP_183485543.1#24	NZ_JACHYS010000004.1	GCF_014193045.1



WP_267832070.1#30|Roseateles_sp__SL47	1467	+	-	24	-8474	-7008	4870474	4871940	WP_267832066.1#30	NZ_CP113068.1	GCF_026625885.1
WP_267832070.1#30|Roseateles_sp__SL47	2583	+	+	0	-6858	-4276	4872090	4874672	WP_267832067.1#30	NZ_CP113068.1	GCF_026625885.1
WP_267832070.1#30|Roseateles_sp__SL47	1017	+	+	0	-4037	-3021	4874911	4875927	WP_267832068.1#30	NZ_CP113068.1	GCF_026625885.1
WP_267832070.1#30|Roseateles_sp__SL47	2541	+	-	0	-3017	-477	4875931	4878471	WP_267832069.1#30	NZ_CP113068.1	GCF_026625885.1
WP_267832070.1#30|Roseateles_sp__SL47	303	+	+	87	1	303	4878949	4879251	WP_267832070.1#30	NZ_CP113068.1	GCF_026625885.1
WP_267832070.1#30|Roseateles_sp__SL47	483	+	+	1	318	800	4879266	4879748	WP_267832071.1#30	NZ_CP113068.1	GCF_026625885.1
WP_267832070.1#30|Roseateles_sp__SL47	77	+	-	88	900	976	4879848	4879924	tRNA_30.6*#30	NZ_CP113068.1	GCF_026625885.1
WP_267832070.1#30|Roseateles_sp__SL47	3906	+	-	0	1010	4915	4879958	4883863	WP_267832072.1#30	NZ_CP113068.1	GCF_026625885.1
WP_267832070.1#30|Roseateles_sp__SL47	2679	+	-	0	4912	7590	4883860	4886538	WP_267832073.1#30	NZ_CP113068.1	GCF_026625885.1



WP_216152010.1#54|Polynucleobacter_sp__JS_Safj_400b_B2	501	+	+	1	-3873	-3373	315095	315595	WP_216152006.1#54	NZ_JACVPJ010000001.1	GCF_018881975.1
WP_216152010.1#54|Polynucleobacter_sp__JS_Safj_400b_B2	1317	+	+	0	-3371	-2055	315597	316913	WP_216152007.1#54	NZ_JACVPJ010000001.1	GCF_018881975.1
WP_216152010.1#54|Polynucleobacter_sp__JS_Safj_400b_B2	171	+	-	0	-1716	-1546	317252	317422	WP_216152008.1#54	NZ_JACVPJ010000001.1	GCF_018881975.1
WP_216152010.1#54|Polynucleobacter_sp__JS_Safj_400b_B2	660	+	-	0	-1343	-684	317625	318284	WP_216152009.1#54	NZ_JACVPJ010000001.1	GCF_018881975.1
WP_216152010.1#54|Polynucleobacter_sp__JS_Safj_400b_B2	303	+	+	87	1	303	318969	319271	WP_216152010.1#54	NZ_JACVPJ010000001.1	GCF_018881975.1
WP_216152010.1#54|Polynucleobacter_sp__JS_Safj_400b_B2	462	+	+	1	300	761	319268	319729	WP_255539411.1#54	NZ_JACVPJ010000001.1	GCF_018881975.1
WP_216152010.1#54|Polynucleobacter_sp__JS_Safj_400b_B2	201	+	+	0	803	1003	319771	319971	WP_216152011.1#54	NZ_JACVPJ010000001.1	GCF_018881975.1
WP_216152010.1#54|Polynucleobacter_sp__JS_Safj_400b_B2	630	+	+	47	1338	1967	320306	320935	WP_216152012.1#54	NZ_JACVPJ010000001.1	GCF_018881975.1
WP_216152010.1#54|Polynucleobacter_sp__JS_Safj_400b_B2	363	+	+	0	1990	2352	320958	321320	WP_216152013.1#54	NZ_JACVPJ010000001.1	GCF_018881975.1



WP_159074824.1#119|Polynucleobacter_difficilis	327	-	+	0	-2092	-1766	1189524	1189850	WP_108470087.1#119	NZ_CP023276.1	GCF_003065365.1
WP_159074824.1#119|Polynucleobacter_difficilis	393	-	+	0	-1769	-1377	1189135	1189527	WP_108469225.1#119	NZ_CP023276.1	GCF_003065365.1
WP_159074824.1#119|Polynucleobacter_difficilis	618	-	+	0	-1265	-648	1188406	1189023	WP_108469224.1#119	NZ_CP023276.1	GCF_003065365.1
WP_159074824.1#119|Polynucleobacter_difficilis	411	-	+	0	-633	-223	1187981	1188391	WP_108469223.1#119	NZ_CP023276.1	GCF_003065365.1
WP_159074824.1#119|Polynucleobacter_difficilis	303	-	+	87	1	303	1187455	1187757	WP_159074824.1#119	NZ_CP023276.1	GCF_003065365.1
WP_159074824.1#119|Polynucleobacter_difficilis	477	-	+	1	300	776	1186982	1187458	WP_108469221.1#119	NZ_CP023276.1	GCF_003065365.1
WP_159074824.1#119|Polynucleobacter_difficilis	972	-	-	16	781	1752	1186006	1186977	WP_108469220.1#119	NZ_CP023276.1	GCF_003065365.1
WP_159074824.1#119|Polynucleobacter_difficilis	546	-	+	0	1893	2438	1185320	1185865	WP_108469219.1#119	NZ_CP023276.1	GCF_003065365.1
WP_159074824.1#119|Polynucleobacter_difficilis	222	-	+	0	2471	2692	1185066	1185287	WP_108469218.1#119	NZ_CP023276.1	GCF_003065365.1



WP_173942148.1#94|Polynucleobacter_antarcticus	381	-	+	0	-5820	-5440	415804	416184	WP_173942152.1#94	NZ_CP028941.1	GCF_013307245.1
WP_173942148.1#94|Polynucleobacter_antarcticus	912	-	+	0	-5437	-4526	414890	415801	WP_173942151.1#94	NZ_CP028941.1	GCF_013307245.1
WP_173942148.1#94|Polynucleobacter_antarcticus	1818	-	+	0	-4483	-2666	413030	414847	WP_173942150.1#94	NZ_CP028941.1	GCF_013307245.1
WP_173942148.1#94|Polynucleobacter_antarcticus	2364	-	+	0	-2566	-203	410567	412930	WP_173942149.1#94	NZ_CP028941.1	GCF_013307245.1
WP_173942148.1#94|Polynucleobacter_antarcticus	339	-	+	87	1	339	410025	410363	WP_173942148.1#94	NZ_CP028941.1	GCF_013307245.1
WP_173942148.1#94|Polynucleobacter_antarcticus	465	-	+	1	312	776	409588	410052	WP_173942147.1#94	NZ_CP028941.1	GCF_013307245.1
WP_173942148.1#94|Polynucleobacter_antarcticus	237	-	-	0	813	1049	409315	409551	WP_173942146.1#94	NZ_CP028941.1	GCF_013307245.1
WP_173942148.1#94|Polynucleobacter_antarcticus	435	-	-	0	1120	1554	408810	409244	WP_254598076.1#94	NZ_CP028941.1	GCF_013307245.1
WP_173942148.1#94|Polynucleobacter_antarcticus	774	-	-	0	1663	2436	407928	408701	WP_173942144.1#94	NZ_CP028941.1	GCF_013307245.1



WP_173960491.1#95|Polynucleobacter_arcticus	576	-	-	47	-3964	-3389	1315128	1315703	WP_173960495.1#95	NZ_CP028940.1	GCF_013307205.1
WP_173960491.1#95|Polynucleobacter_arcticus	312	-	+	0	-2805	-2494	1314233	1314544	WP_173960494.1#95	NZ_CP028940.1	GCF_013307205.1
WP_173960491.1#95|Polynucleobacter_arcticus	972	-	+	0	-2369	-1398	1313137	1314108	WP_173960493.1#95	NZ_CP028940.1	GCF_013307205.1
WP_173960491.1#95|Polynucleobacter_arcticus	1158	-	+	0	-1362	-205	1311944	1313101	WP_173960492.1#95	NZ_CP028940.1	GCF_013307205.1
WP_173960491.1#95|Polynucleobacter_arcticus	303	-	+	87	1	303	1311436	1311738	WP_173960491.1#95	NZ_CP028940.1	GCF_013307205.1
WP_173960491.1#95|Polynucleobacter_arcticus	477	-	+	1	300	776	1310963	1311439	WP_254598268.1#95	NZ_CP028940.1	GCF_013307205.1
WP_173960491.1#95|Polynucleobacter_arcticus	969	-	-	16	781	1749	1309990	1310958	WP_173960490.1#95	NZ_CP028940.1	GCF_013307205.1
WP_173960491.1#95|Polynucleobacter_arcticus	315	-	-	0	1856	2170	1309569	1309883	WP_173960489.1#95	NZ_CP028940.1	GCF_013307205.1
WP_173960491.1#95|Polynucleobacter_arcticus	303	-	-	0	2304	2606	1309133	1309435	WP_173960488.1#95	NZ_CP028940.1	GCF_013307205.1



WP_329770029.1#134|Allobrachymonas_wangyanguii	480	+	-	0	-4927	-4448	569477	569956	WP_329770033.1#134	NZ_CP173677.1	GCF_045055315.1
WP_329770029.1#134|Allobrachymonas_wangyanguii	312	+	+	0	-4302	-3991	570102	570413	WP_337691553.1#134	NZ_CP173677.1	GCF_045055315.1
WP_329770029.1#134|Allobrachymonas_wangyanguii	1197	+	-	0	-3978	-2782	570426	571622	WP_337691551.1#134	NZ_CP173677.1	GCF_045055315.1
WP_329770029.1#134|Allobrachymonas_wangyanguii	2343	+	+	36	-2417	-75	571987	574329	WP_405198057.1#134	NZ_CP173677.1	GCF_045055315.1
WP_329770029.1#134|Allobrachymonas_wangyanguii	309	+	+	87	1	309	574405	574713	WP_329770029.1#134	NZ_CP173677.1	GCF_045055315.1
WP_329770029.1#134|Allobrachymonas_wangyanguii	462	+	+	1	312	773	574716	575177	WP_329770028.1#134	NZ_CP173677.1	GCF_045055315.1
WP_329770029.1#134|Allobrachymonas_wangyanguii	75	+	-	88	853	927	575257	575331	tRNA_134.2*#134	NZ_CP173677.1	GCF_045055315.1
WP_329770029.1#134|Allobrachymonas_wangyanguii	1323	+	-	0	1016	2338	575420	576742	WP_329770027.1#134	NZ_CP173677.1	GCF_045055315.1
WP_329770029.1#134|Allobrachymonas_wangyanguii	195	+	-	0	2419	2613	576823	577017	WP_329770026.1#134	NZ_CP173677.1	GCF_045055315.1



WP_284069736.1#128|Allobrachymonas_denitrificans	312	-	-	0	-2331	-2020	2377444	2377755	WP_213362246.1#128	NZ_CAJQUA010000001.1	GCF_907163135.1
WP_284069736.1#128|Allobrachymonas_denitrificans	303	-	-	0	-1600	-1298	2376722	2377024	WP_213362245.1#128	NZ_CAJQUA010000001.1	GCF_907163135.1
WP_284069736.1#128|Allobrachymonas_denitrificans	252	-	-	25	-1301	-1050	2376474	2376725	WP_213362244.1#128	NZ_CAJQUA010000001.1	GCF_907163135.1
WP_284069736.1#128|Allobrachymonas_denitrificans	633	-	-	0	-923	-291	2375715	2376347	WP_213362242.1#128	NZ_CAJQUA010000001.1	GCF_907163135.1
WP_284069736.1#128|Allobrachymonas_denitrificans	264	-	+	87	1	264	2375160	2375423	WP_284069736.1#128	NZ_CAJQUA010000001.1	GCF_907163135.1
WP_284069736.1#128|Allobrachymonas_denitrificans	462	-	+	1	267	728	2374696	2375157	WP_213362240.1#128	NZ_CAJQUA010000001.1	GCF_907163135.1
WP_284069736.1#128|Allobrachymonas_denitrificans	222	-	+	1	1407	1628	2373796	2374017	WP_213362239.1#128	NZ_CAJQUA010000001.1	GCF_907163135.1
WP_284069736.1#128|Allobrachymonas_denitrificans	825	-	-	0	1826	2650	2372774	2373598	WP_213362238.1#128	NZ_CAJQUA010000001.1	GCF_907163135.1
WP_284069736.1#128|Allobrachymonas_denitrificans	1221	-	-	2	2888	4108	2371316	2372536	WP_213362237.1#128	NZ_CAJQUA010000001.1	GCF_907163135.1



WP_156816021.1#144|Allobrachymonas_chironomi_DSM_19884	426	-	-	0	-5270	-4845	65278	65703	WP_018714519.1#144	NZ_KB894766.1	GCF_000374625.1
WP_156816021.1#144|Allobrachymonas_chironomi_DSM_19884	2205	-	-	0	-4817	-2613	63046	65250	WP_018714518.1#144	NZ_KB894766.1	GCF_000374625.1
WP_156816021.1#144|Allobrachymonas_chironomi_DSM_19884	828	-	+	0	-2478	-1651	62084	62911	WP_018714517.1#144	NZ_KB894766.1	GCF_000374625.1
WP_156816021.1#144|Allobrachymonas_chironomi_DSM_19884	1194	-	-	0	-1662	-469	60902	62095	WP_018714516.1#144	NZ_KB894766.1	GCF_000374625.1
WP_156816021.1#144|Allobrachymonas_chironomi_DSM_19884	309	-	+	87	1	309	60124	60432	WP_156816021.1#144	NZ_KB894766.1	GCF_000374625.1
WP_156816021.1#144|Allobrachymonas_chironomi_DSM_19884	462	-	+	1	312	773	59660	60121	WP_018714514.1#144	NZ_KB894766.1	GCF_000374625.1
WP_156816021.1#144|Allobrachymonas_chironomi_DSM_19884	165	-	-	2	871	1035	59398	59562	WP_018714513.1#144	NZ_KB894766.1	GCF_000374625.1
WP_156816021.1#144|Allobrachymonas_chironomi_DSM_19884	76	-	-	88	1129	1204	59229	59304	tRNA_144.6*#144	NZ_KB894766.1	GCF_000374625.1
WP_156816021.1#144|Allobrachymonas_chironomi_DSM_19884	1596	-	-	0	1268	2863	57570	59165	WP_018714512.1#144	NZ_KB894766.1	GCF_000374625.1



WP_318666275.1#35|Rhodoferax_ferrireducens	651	-	+	0	-3321	-2671	4374541	4375191	WP_318666278.1#35	NZ_CP138198.1	GCF_033550875.1
WP_318666275.1#35|Rhodoferax_ferrireducens	381	-	-	0	-2667	-2287	4374157	4374537	WP_318666277.1#35	NZ_CP138198.1	GCF_033550875.1
WP_318666275.1#35|Rhodoferax_ferrireducens	519	-	-	0	-2099	-1581	4373451	4373969	WP_318667949.1#35	NZ_CP138198.1	GCF_033550875.1
WP_318666275.1#35|Rhodoferax_ferrireducens	1188	-	-	34	-1425	-238	4372108	4373295	WP_318666276.1#35	NZ_CP138198.1	GCF_033550875.1
WP_318666275.1#35|Rhodoferax_ferrireducens	309	-	+	87	1	309	4371561	4371869	WP_318666275.1#35	NZ_CP138198.1	GCF_033550875.1
WP_318666275.1#35|Rhodoferax_ferrireducens	468	-	+	1	312	779	4371091	4371558	WP_318666274.1#35	NZ_CP138198.1	GCF_033550875.1
WP_318666275.1#35|Rhodoferax_ferrireducens	132	-	-	89	851	982	4370888	4371019	pseudogene_35.6*#35	NZ_CP138198.1	GCF_033550875.1
WP_318666275.1#35|Rhodoferax_ferrireducens	165	-	+	0	1147	1311	4370559	4370723	WP_318666273.1#35	NZ_CP138198.1	GCF_033550875.1
WP_318666275.1#35|Rhodoferax_ferrireducens	2184	-	-	1	1627	3810	4368060	4370243	WP_318666272.1#35	NZ_CP138198.1	GCF_033550875.1



WP_324567396.1#133|Ottowia_sp_	702	+	+	3	-4641	-3940	8486	9187	WP_324564548.1#133	NZ_DAOMRQ010000039.1	GCF_035445925.1
WP_324567396.1#133|Ottowia_sp_	1449	+	+	3	-3943	-2495	9184	10632	WP_324564547.1#133	NZ_DAOMRQ010000039.1	GCF_035445925.1
WP_324567396.1#133|Ottowia_sp_	1209	+	+	2	-2349	-1141	10778	11986	WP_324564546.1#133	NZ_DAOMRQ010000039.1	GCF_035445925.1
WP_324567396.1#133|Ottowia_sp_	321	+	-	1	-628	-308	12499	12819	WP_324564545.1#133	NZ_DAOMRQ010000039.1	GCF_035445925.1
WP_324567396.1#133|Ottowia_sp_	309	+	+	87	1	309	13128	13436	WP_324567396.1#133	NZ_DAOMRQ010000039.1	GCF_035445925.1
WP_324567396.1#133|Ottowia_sp_	471	+	+	1	312	782	13439	13909	WP_324564555.1#133	NZ_DAOMRQ010000039.1	GCF_035445925.1
WP_324567396.1#133|Ottowia_sp_	222	+	+	0	1065	1286	14192	14413	WP_324567398.1#133	NZ_DAOMRQ010000039.1	GCF_035445925.1
WP_324567396.1#133|Ottowia_sp_	366	+	+	89	1491	1856	14618	14983	pseudogene_133.8*#133	NZ_DAOMRQ010000039.1	GCF_035445925.1
WP_324567396.1#133|Ottowia_sp_	939	+	+	0	1885	2823	15012	15950	WP_324564541.1#133	NZ_DAOMRQ010000039.1	GCF_035445925.1



WP_293995352.1#129|Sphaerotilus_sp_	1881	+	+	0	-7971	-6091	13038	14918	WP_293995343.1#129	NZ_JAAFKF010000011.1	GCF_013299175.1
WP_293995352.1#129|Sphaerotilus_sp_	4293	+	+	0	-6088	-1796	14921	19213	WP_293995346.1#129	NZ_JAAFKF010000011.1	GCF_013299175.1
WP_293995352.1#129|Sphaerotilus_sp_	75	+	+	88	-1805	-1731	19204	19278	tRNA_129.4*#129	NZ_JAAFKF010000011.1	GCF_013299175.1
WP_293995352.1#129|Sphaerotilus_sp_	1311	+	+	2	-1555	-245	19454	20764	WP_293995349.1#129	NZ_JAAFKF010000011.1	GCF_013299175.1
WP_293995352.1#129|Sphaerotilus_sp_	309	+	+	87	1	309	21010	21318	WP_293995352.1#129	NZ_JAAFKF010000011.1	GCF_013299175.1
WP_293995352.1#129|Sphaerotilus_sp_	483	+	+	1	312	794	21321	21803	WP_293995355.1#129	NZ_JAAFKF010000011.1	GCF_013299175.1
WP_293995352.1#129|Sphaerotilus_sp_	258	+	+	0	900	1157	21909	22166	WP_293995358.1#129	NZ_JAAFKF010000011.1	GCF_013299175.1
WP_293995352.1#129|Sphaerotilus_sp_	1368	+	-	7	1212	2579	22221	23588	WP_293995360.1#129	NZ_JAAFKF010000011.1	GCF_013299175.1
WP_293995352.1#129|Sphaerotilus_sp_	1086	+	-	0	2676	3761	23685	24770	WP_293995362.1#129	NZ_JAAFKF010000011.1	GCF_013299175.1



WP_128198113.1#67|Rubrivivax_albus	303	+	+	43	-5050	-4748	831823	832125	WP_128198271.1#67	NZ_SACT01000002.1	GCF_004016515.1
WP_128198113.1#67|Rubrivivax_albus	1680	+	+	28	-4751	-3072	832122	833801	WP_128198110.1#67	NZ_SACT01000002.1	GCF_004016515.1
WP_128198113.1#67|Rubrivivax_albus	1404	+	+	14	-2840	-1437	834033	835436	WP_128198111.1#67	NZ_SACT01000002.1	GCF_004016515.1
WP_128198113.1#67|Rubrivivax_albus	1212	+	+	2	-1250	-39	835623	836834	WP_128198112.1#67	NZ_SACT01000002.1	GCF_004016515.1
WP_128198113.1#67|Rubrivivax_albus	309	+	+	87	1	309	836874	837182	WP_128198113.1#67	NZ_SACT01000002.1	GCF_004016515.1
WP_128198113.1#67|Rubrivivax_albus	477	+	+	1	312	788	837185	837661	WP_128198114.1#67	NZ_SACT01000002.1	GCF_004016515.1
WP_128198113.1#67|Rubrivivax_albus	2892	+	+	0	1185	4076	838058	840949	WP_158288907.1#67	NZ_SACT01000002.1	GCF_004016515.1
WP_128198113.1#67|Rubrivivax_albus	627	+	+	0	4080	4706	840953	841579	WP_128198116.1#67	NZ_SACT01000002.1	GCF_004016515.1
WP_128198113.1#67|Rubrivivax_albus	1461	+	+	0	4729	6189	841602	843062	WP_128198117.1#67	NZ_SACT01000002.1	GCF_004016515.1



WP_300040437.1#34|Ramlibacter_sp_	1398	+	+	73	-1784	-387	58	1455	WP_300040433.1#34	NZ_JARXAB010000011.1	GCF_029866045.1
WP_300040437.1#34|Ramlibacter_sp_	231	+	+	0	-308	-78	1534	1764	WP_300040435.1#34	NZ_JARXAB010000011.1	GCF_029866045.1
WP_300040437.1#34|Ramlibacter_sp_	309	+	+	87	1	309	1843	2151	WP_300040437.1#34	NZ_JARXAB010000011.1	GCF_029866045.1
WP_300040437.1#34|Ramlibacter_sp_	462	+	+	1	313	774	2155	2616	WP_300040439.1#34	NZ_JARXAB010000011.1	GCF_029866045.1
WP_300040437.1#34|Ramlibacter_sp_	963	+	-	16	885	1847	2727	3689	WP_300040442.1#34	NZ_JARXAB010000011.1	GCF_029866045.1
WP_300040437.1#34|Ramlibacter_sp_	255	+	+	0	1846	2100	3688	3942	WP_300040444.1#34	NZ_JARXAB010000011.1	GCF_029866045.1
WP_300040437.1#34|Ramlibacter_sp_	966	+	+	16	2307	3272	4149	5114	WP_300040446.1#34	NZ_JARXAB010000011.1	GCF_029866045.1



WP_184025903.1#10|Paraburkholderia_sp__Cpub6	981	-	-	0	-3135	-2155	58847	59827	WP_184025909.1#10	NZ_JACHDM010000005.1	GCF_014201065.1
WP_184025903.1#10|Paraburkholderia_sp__Cpub6	441	-	-	0	-2131	-1691	58383	58823	WP_184027167.1#10	NZ_JACHDM010000005.1	GCF_014201065.1
WP_184025903.1#10|Paraburkholderia_sp__Cpub6	1050	-	-	79	-1701	-652	57344	58393	WP_221311405.1#10	NZ_JACHDM010000005.1	GCF_014201065.1
WP_184025903.1#10|Paraburkholderia_sp__Cpub6	204	-	+	1	-343	-140	56832	57035	WP_184025906.1#10	NZ_JACHDM010000005.1	GCF_014201065.1
WP_184025903.1#10|Paraburkholderia_sp__Cpub6	309	-	+	87	1	309	56383	56691	WP_184025903.1#10	NZ_JACHDM010000005.1	GCF_014201065.1
WP_184025903.1#10|Paraburkholderia_sp__Cpub6	471	-	+	1	338	808	55884	56354	WP_184025900.1#10	NZ_JACHDM010000005.1	GCF_014201065.1
WP_184025903.1#10|Paraburkholderia_sp__Cpub6	936	-	+	0	1098	2033	54659	55594	WP_184025897.1#10	NZ_JACHDM010000005.1	GCF_014201065.1
WP_184025903.1#10|Paraburkholderia_sp__Cpub6	759	-	+	0	2091	2849	53843	54601	WP_184025894.1#10	NZ_JACHDM010000005.1	GCF_014201065.1
WP_184025903.1#10|Paraburkholderia_sp__Cpub6	924	-	+	2	2878	3801	52891	53814	WP_184025891.1#10	NZ_JACHDM010000005.1	GCF_014201065.1



WP_106684385.1#45|Melaminivora_suipulveris	75	-	+	88	-1442	-1368	2650419	2650493	tRNA_45.2*#45	NZ_CP027667.1	GCF_003008575.1
WP_106684385.1#45|Melaminivora_suipulveris	171	-	-	0	-1294	-1124	2650175	2650345	WP_335645426.1#45	NZ_CP027667.1	GCF_003008575.1
WP_106684385.1#45|Melaminivora_suipulveris	369	-	-	0	-969	-601	2649652	2650020	WP_106684387.1#45	NZ_CP027667.1	GCF_003008575.1
WP_106684385.1#45|Melaminivora_suipulveris	516	-	+	0	-573	-58	2649109	2649624	WP_158702884.1#45	NZ_CP027667.1	GCF_003008575.1
WP_106684385.1#45|Melaminivora_suipulveris	306	-	+	87	1	306	2648745	2649050	WP_106684385.1#45	NZ_CP027667.1	GCF_003008575.1
WP_106684385.1#45|Melaminivora_suipulveris	495	-	+	1	309	803	2648248	2648742	WP_199792746.1#45	NZ_CP027667.1	GCF_003008575.1
WP_106684385.1#45|Melaminivora_suipulveris	972	-	-	0	1148	2119	2646932	2647903	WP_106685497.1#45	NZ_CP027667.1	GCF_003008575.1
WP_106684385.1#45|Melaminivora_suipulveris	609	-	-	0	2266	2874	2646177	2646785	WP_106684384.1#45	NZ_CP027667.1	GCF_003008575.1
WP_106684385.1#45|Melaminivora_suipulveris	612	-	+	0	3079	3690	2645361	2645972	WP_106684383.1#45	NZ_CP027667.1	GCF_003008575.1



WP_154835532.1#22|Delftia_tsuruhatensis	324	+	-	0	-2367	-2044	5535601	5535924	WP_154835524.1#22	NZ_CP045291.1	GCF_009362995.1
WP_154835532.1#22|Delftia_tsuruhatensis	492	+	-	0	-1943	-1452	5536025	5536516	WP_154835526.1#22	NZ_CP045291.1	GCF_009362995.1
WP_154835532.1#22|Delftia_tsuruhatensis	327	+	-	0	-1455	-1129	5536513	5536839	WP_154835528.1#22	NZ_CP045291.1	GCF_009362995.1
WP_154835532.1#22|Delftia_tsuruhatensis	663	+	+	1	-834	-172	5537134	5537796	WP_154835530.1#22	NZ_CP045291.1	GCF_009362995.1
WP_154835532.1#22|Delftia_tsuruhatensis	255	+	+	87	1	255	5537969	5538223	WP_154835532.1#22	NZ_CP045291.1	GCF_009362995.1
WP_154835532.1#22|Delftia_tsuruhatensis	492	+	+	1	258	749	5538226	5538717	WP_154835534.1#22	NZ_CP045291.1	GCF_009362995.1
WP_154835532.1#22|Delftia_tsuruhatensis	138	+	+	0	1026	1163	5538994	5539131	WP_193726168.1#22	NZ_CP045291.1	GCF_009362995.1
WP_154835532.1#22|Delftia_tsuruhatensis	789	+	+	0	1182	1970	5539150	5539938	WP_154835536.1#22	NZ_CP045291.1	GCF_009362995.1
WP_154835532.1#22|Delftia_tsuruhatensis	429	+	-	1	2033	2461	5540001	5540429	WP_154835538.1#22	NZ_CP045291.1	GCF_009362995.1



WP_294067402.1#84|Silanimonas_sp_	468	+	+	61	-7129	-6662	37827	38294	WP_294067395.1#84	NZ_JAGXTI010000036.1	GCF_018334015.1
WP_294067402.1#84|Silanimonas_sp_	1788	+	+	28	-6665	-4878	38291	40078	WP_294067397.1#84	NZ_JAGXTI010000036.1	GCF_018334015.1
WP_294067402.1#84|Silanimonas_sp_	1398	+	+	14	-4852	-3455	40104	41501	WP_294067398.1#84	NZ_JAGXTI010000036.1	GCF_018334015.1
WP_294067402.1#84|Silanimonas_sp_	2796	+	+	84	-3210	-415	41746	44541	WP_343227725.1#84	NZ_JAGXTI010000036.1	GCF_018334015.1
WP_294067402.1#84|Silanimonas_sp_	306	+	+	87	1	306	44957	45262	WP_294067402.1#84	NZ_JAGXTI010000036.1	GCF_018334015.1
WP_294067402.1#84|Silanimonas_sp_	447	+	+	1	307	753	45263	45709	WP_294067403.1#84	NZ_JAGXTI010000036.1	GCF_018334015.1
WP_294067402.1#84|Silanimonas_sp_	891	+	-	0	814	1704	45770	46660	WP_294067405.1#84	NZ_JAGXTI010000036.1	GCF_018334015.1
WP_294067402.1#84|Silanimonas_sp_	447	+	+	62	1867	2313	46823	47269	WP_294067407.1#84	NZ_JAGXTI010000036.1	GCF_018334015.1
WP_294067402.1#84|Silanimonas_sp_	819	+	-	0	2279	3097	47235	48053	WP_294067409.1#84	NZ_JAGXTI010000036.1	GCF_018334015.1



WP_188449653.1#146|Arenimonas_maotaiensis	192	+	-	1	-4051	-3860	145467	145658	WP_188449644.1#146	NZ_BMFO01000003.1	GCF_014638745.1
WP_188449653.1#146|Arenimonas_maotaiensis	396	+	-	44	-3863	-3468	145655	146050	WP_188449647.1#146	NZ_BMFO01000003.1	GCF_014638745.1
WP_188449653.1#146|Arenimonas_maotaiensis	435	+	-	44	-3457	-3023	146061	146495	WP_188449649.1#146	NZ_BMFO01000003.1	GCF_014638745.1
WP_188449653.1#146|Arenimonas_maotaiensis	2796	+	+	84	-2844	-49	146674	149469	WP_188449651.1#146	NZ_BMFO01000003.1	GCF_014638745.1
WP_188449653.1#146|Arenimonas_maotaiensis	342	+	+	87	1	342	149519	149860	WP_188449653.1#146	NZ_BMFO01000003.1	GCF_014638745.1
WP_188449653.1#146|Arenimonas_maotaiensis	450	+	+	1	347	796	149865	150314	WP_188449655.1#146	NZ_BMFO01000003.1	GCF_014638745.1
WP_188449653.1#146|Arenimonas_maotaiensis	501	+	-	0	867	1367	150385	150885	WP_188449656.1#146	NZ_BMFO01000003.1	GCF_014638745.1
WP_188449653.1#146|Arenimonas_maotaiensis	750	+	-	13	1391	2140	150909	151658	WP_188449658.1#146	NZ_BMFO01000003.1	GCF_014638745.1
WP_188449653.1#146|Arenimonas_maotaiensis	927	+	+	10	2223	3149	151741	152667	WP_188449660.1#146	NZ_BMFO01000003.1	GCF_014638745.1



WP_090576431.1#141|Nitrosomonas_sp__Nm58	465	+	-	0	-3287	-2823	31583	32047	WP_218138777.1#141	NZ_FNPQ01000008.1	GCF_900107335.1
WP_090576431.1#141|Nitrosomonas_sp__Nm58	333	+	+	0	-2645	-2313	32225	32557	WP_090576421.1#141	NZ_FNPQ01000008.1	GCF_900107335.1
WP_090576431.1#141|Nitrosomonas_sp__Nm58	825	+	+	18	-2064	-1240	32806	33630	WP_090576424.1#141	NZ_FNPQ01000008.1	GCF_900107335.1
WP_090576431.1#141|Nitrosomonas_sp__Nm58	1119	+	+	11	-1213	-95	33657	34775	WP_090576428.1#141	NZ_FNPQ01000008.1	GCF_900107335.1
WP_090576431.1#141|Nitrosomonas_sp__Nm58	312	+	+	87	1	312	34871	35182	WP_090576431.1#141	NZ_FNPQ01000008.1	GCF_900107335.1
WP_090576431.1#141|Nitrosomonas_sp__Nm58	441	+	+	1	326	766	35196	35636	WP_090576435.1#141	NZ_FNPQ01000008.1	GCF_900107335.1
WP_090576431.1#141|Nitrosomonas_sp__Nm58	1740	+	+	0	820	2559	35690	37429	WP_090576438.1#141	NZ_FNPQ01000008.1	GCF_900107335.1
WP_090576431.1#141|Nitrosomonas_sp__Nm58	294	+	+	0	2571	2864	37441	37734	WP_090576441.1#141	NZ_FNPQ01000008.1	GCF_900107335.1
WP_090576431.1#141|Nitrosomonas_sp__Nm58	1491	+	+	0	2861	4351	37731	39221	WP_090576444.1#141	NZ_FNPQ01000008.1	GCF_900107335.1



WP_090634777.1#43|Nitrosomonas_marina	327	-	-	0	-2697	-2371	6236	6562	WP_090634784.1#43	NZ_FOCP01000040.1	GCF_900110145.1
WP_090634777.1#43|Nitrosomonas_marina	177	-	-	0	-2196	-2020	5885	6061	WP_177167790.1#43	NZ_FOCP01000040.1	GCF_900110145.1
WP_090634777.1#43|Nitrosomonas_marina	468	-	-	0	-1780	-1313	5178	5645	WP_143056978.1#43	NZ_FOCP01000040.1	GCF_900110145.1
WP_090634777.1#43|Nitrosomonas_marina	453	-	-	0	-807	-355	4220	4672	WP_090634779.1#43	NZ_FOCP01000040.1	GCF_900110145.1
WP_090634777.1#43|Nitrosomonas_marina	327	-	+	87	1	327	3538	3864	WP_090634777.1#43	NZ_FOCP01000040.1	GCF_900110145.1
WP_090634777.1#43|Nitrosomonas_marina	453	-	+	1	360	812	3053	3505	WP_090634775.1#43	NZ_FOCP01000040.1	GCF_900110145.1
WP_090634777.1#43|Nitrosomonas_marina	1140	-	-	0	914	2053	1812	2951	WP_090634774.1#43	NZ_FOCP01000040.1	GCF_900110145.1
WP_090634777.1#43|Nitrosomonas_marina	429	-	-	0	2530	2958	907	1335	WP_143056977.1#43	NZ_FOCP01000040.1	GCF_900110145.1
WP_090634777.1#43|Nitrosomonas_marina	408	-	-	1	3025	3432	433	840	WP_090634771.1#43	NZ_FOCP01000040.1	GCF_900110145.1



WP_087144578.1#140|Crenothrix_polyspora	453	+	-	0	-2409	-1957	21390	21842	WP_087144574.1#140	NZ_FUKI01000139.1	GCF_900163755.1
WP_087144578.1#140|Crenothrix_polyspora	1071	+	-	0	-1954	-884	21845	22915	WP_087144575.1#140	NZ_FUKI01000139.1	GCF_900163755.1
WP_087144578.1#140|Crenothrix_polyspora	228	+	-	0	-873	-646	22926	23153	WP_087144576.1#140	NZ_FUKI01000139.1	GCF_900163755.1
WP_087144578.1#140|Crenothrix_polyspora	291	+	-	0	-575	-285	23224	23514	WP_087144577.1#140	NZ_FUKI01000139.1	GCF_900163755.1
WP_087144578.1#140|Crenothrix_polyspora	318	+	+	87	1	318	23800	24117	WP_087144578.1#140	NZ_FUKI01000139.1	GCF_900163755.1
WP_087144578.1#140|Crenothrix_polyspora	438	+	+	1	338	775	24137	24574	WP_087144579.1#140	NZ_FUKI01000139.1	GCF_900163755.1
WP_087144578.1#140|Crenothrix_polyspora	357	+	+	59	868	1224	24667	25023	WP_217884120.1#140	NZ_FUKI01000139.1	GCF_900163755.1
WP_087144578.1#140|Crenothrix_polyspora	231	+	+	0	1363	1593	25162	25392	WP_087144580.1#140	NZ_FUKI01000139.1	GCF_900163755.1
WP_087144578.1#140|Crenothrix_polyspora	462	+	+	0	1581	2042	25380	25841	WP_087144590.1#140	NZ_FUKI01000139.1	GCF_900163755.1



WP_130117504.1#3|Acinetobacter_sp__WCHAc060025	396	-	+	0	-8636	-8241	120972	121367	WP_130117508.1#3	NZ_SGSX01000013.1	GCF_004209355.1
WP_130117504.1#3|Acinetobacter_sp__WCHAc060025	2028	-	+	0	-8241	-6214	118945	120972	WP_130117507.1#3	NZ_SGSX01000013.1	GCF_004209355.1
WP_130117504.1#3|Acinetobacter_sp__WCHAc060025	2889	-	+	0	-6214	-3326	116057	118945	WP_130117506.1#3	NZ_SGSX01000013.1	GCF_004209355.1
WP_130117504.1#3|Acinetobacter_sp__WCHAc060025	3168	-	+	0	-3261	-94	112825	115992	WP_130117505.1#3	NZ_SGSX01000013.1	GCF_004209355.1
WP_130117504.1#3|Acinetobacter_sp__WCHAc060025	333	-	+	87	1	333	112398	112730	WP_130117504.1#3	NZ_SGSX01000013.1	GCF_004209355.1
WP_130117504.1#3|Acinetobacter_sp__WCHAc060025	450	-	+	1	336	785	111946	112395	WP_130117503.1#3	NZ_SGSX01000013.1	GCF_004209355.1
WP_130117504.1#3|Acinetobacter_sp__WCHAc060025	342	-	+	0	901	1242	111489	111830	WP_130117502.1#3	NZ_SGSX01000013.1	GCF_004209355.1
WP_130117504.1#3|Acinetobacter_sp__WCHAc060025	1653	-	+	0	1245	2897	109834	111486	WP_130117501.1#3	NZ_SGSX01000013.1	GCF_004209355.1
WP_130117504.1#3|Acinetobacter_sp__WCHAc060025	2466	-	+	0	2908	5373	107358	109823	WP_228257208.1#3	NZ_SGSX01000013.1	GCF_004209355.1



WP_176537797.1#23|Acinetobacter_sp__NEB_394	555	-	+	0	-2782	-2228	2151685	2152239	WP_176537800.1#23	NZ_CP055277.1	GCF_013374795.1
WP_176537797.1#23|Acinetobacter_sp__NEB_394	747	-	-	0	-1836	-1090	2150547	2151293	WP_005262957.1#23	NZ_CP055277.1	GCF_013374795.1
WP_176537797.1#23|Acinetobacter_sp__NEB_394	318	-	+	0	-1103	-786	2150243	2150560	WP_176537799.1#23	NZ_CP055277.1	GCF_013374795.1
WP_176537797.1#23|Acinetobacter_sp__NEB_394	174	-	+	51	-364	-191	2149648	2149821	WP_176537798.1#23	NZ_CP055277.1	GCF_013374795.1
WP_176537797.1#23|Acinetobacter_sp__NEB_394	300	-	+	87	1	300	2149157	2149456	WP_176537797.1#23	NZ_CP055277.1	GCF_013374795.1
WP_176537797.1#23|Acinetobacter_sp__NEB_394	459	-	+	1	309	767	2148690	2149148	WP_176537796.1#23	NZ_CP055277.1	GCF_013374795.1
WP_176537797.1#23|Acinetobacter_sp__NEB_394	630	-	+	52	807	1436	2148021	2148650	WP_176537795.1#23	NZ_CP055277.1	GCF_013374795.1
WP_176537797.1#23|Acinetobacter_sp__NEB_394	204	-	+	0	1501	1704	2147753	2147956	WP_176537794.1#23	NZ_CP055277.1	GCF_013374795.1
WP_176537797.1#23|Acinetobacter_sp__NEB_394	429	-	+	0	1692	2120	2147337	2147765	WP_342755702.1#23	NZ_CP055277.1	GCF_013374795.1



WP_200149923.1#71|Acinetobacter_bereziniae	864	-	+	0	-4373	-3510	3430913	3431776	WP_200149926.1#71	NZ_CP066119.1	GCF_016576965.1
WP_200149923.1#71|Acinetobacter_bereziniae	1446	-	+	73	-3513	-2068	3429471	3430916	WP_200149925.1#71	NZ_CP066119.1	GCF_016576965.1
WP_200149923.1#71|Acinetobacter_bereziniae	462	-	+	0	-2009	-1548	3428951	3429412	WP_199953629.1#71	NZ_CP066119.1	GCF_016576965.1
WP_200149923.1#71|Acinetobacter_bereziniae	195	-	+	0	-524	-330	3427733	3427927	WP_200149924.1#71	NZ_CP066119.1	GCF_016576965.1
WP_200149923.1#71|Acinetobacter_bereziniae	300	-	+	87	1	300	3427103	3427402	WP_200149923.1#71	NZ_CP066119.1	GCF_016576965.1
WP_200149923.1#71|Acinetobacter_bereziniae	459	-	+	1	310	768	3426635	3427093	WP_200149922.1#71	NZ_CP066119.1	GCF_016576965.1
WP_200149923.1#71|Acinetobacter_bereziniae	372	-	+	0	884	1255	3426148	3426519	WP_199953632.1#71	NZ_CP066119.1	GCF_016576965.1
WP_200149923.1#71|Acinetobacter_bereziniae	192	-	+	0	1319	1510	3425893	3426084	WP_199953633.1#71	NZ_CP066119.1	GCF_016576965.1
WP_200149923.1#71|Acinetobacter_bereziniae	294	-	-	0	1522	1815	3425588	3425881	WP_199953634.1#71	NZ_CP066119.1	GCF_016576965.1



WP_249738704.1#57|Acinetobacter_amyesii	129	+	+	0	-2031	-1903	2489	2617	WP_249748208.1#57	NZ_JAMCOW010000016.1	GCF_023499875.1
WP_249738704.1#57|Acinetobacter_amyesii	300	+	+	0	-1887	-1588	2633	2932	WP_249748209.1#57	NZ_JAMCOW010000016.1	GCF_023499875.1
WP_249738704.1#57|Acinetobacter_amyesii	77	+	+	88	-1094	-1018	3426	3502	tRNA_57.8*#57	NZ_JAMCOW010000016.1	GCF_023499875.1
WP_249738704.1#57|Acinetobacter_amyesii	174	+	+	51	-347	-174	4173	4346	WP_249748210.1#57	NZ_JAMCOW010000016.1	GCF_023499875.1
WP_249738704.1#57|Acinetobacter_amyesii	300	+	+	87	1	300	4521	4820	WP_249738704.1#57	NZ_JAMCOW010000016.1	GCF_023499875.1
WP_249738704.1#57|Acinetobacter_amyesii	459	+	+	1	309	767	4829	5287	WP_249738703.1#57	NZ_JAMCOW010000016.1	GCF_023499875.1
WP_249738704.1#57|Acinetobacter_amyesii	429	+	+	0	805	1233	5325	5753	WP_249748211.1#57	NZ_JAMCOW010000016.1	GCF_023499875.1
WP_249738704.1#57|Acinetobacter_amyesii	642	+	+	52	1202	1843	5722	6363	WP_249748212.1#57	NZ_JAMCOW010000016.1	GCF_023499875.1
WP_249738704.1#57|Acinetobacter_amyesii	426	+	+	0	1901	2326	6421	6846	WP_168377682.1#57	NZ_JAMCOW010000016.1	GCF_023499875.1



WP_024438527.1#109|Acinetobacter_baumannii	351	+	+	0	-3427	-3077	222656	223006	WP_236084317.1#109	NZ_JARVZE010000006.1	GCF_029847775.1
WP_024438527.1#109|Acinetobacter_baumannii	987	+	+	0	-3077	-2091	223006	223992	WP_236084316.1#109	NZ_JARVZE010000006.1	GCF_029847775.1
WP_024438527.1#109|Acinetobacter_baumannii	918	+	+	0	-1996	-1079	224087	225004	WP_272344974.1#109	NZ_JARVZE010000006.1	GCF_029847775.1
WP_024438527.1#109|Acinetobacter_baumannii	510	+	+	0	-1008	-499	225075	225584	WP_272344976.1#109	NZ_JARVZE010000006.1	GCF_029847775.1
WP_024438527.1#109|Acinetobacter_baumannii	294	+	+	87	1	294	226084	226377	WP_024438527.1#109	NZ_JARVZE010000006.1	GCF_029847775.1
WP_024438527.1#109|Acinetobacter_baumannii	459	+	+	1	309	767	226392	226850	WP_000274930.1#109	NZ_JARVZE010000006.1	GCF_029847775.1
WP_024438527.1#109|Acinetobacter_baumannii	378	+	+	0	1080	1457	227163	227540	WP_024438526.1#109	NZ_JARVZE010000006.1	GCF_029847775.1
WP_024438527.1#109|Acinetobacter_baumannii	4602	+	+	33	1560	6161	227643	232244	WP_280044053.1#109	NZ_JARVZE010000006.1	GCF_029847775.1



WP_316980026.1#106|Shumkonia_mesophila	1704	-	+	77	-4603	-2900	10691	12394	WP_316980030.1#106	NZ_JAOTID010000021.1	GCF_026163695.1
WP_316980026.1#106|Shumkonia_mesophila	1158	-	-	0	-2497	-1340	9131	10288	WP_316980029.1#106	NZ_JAOTID010000021.1	GCF_026163695.1
WP_316980026.1#106|Shumkonia_mesophila	345	-	-	0	-1277	-933	8724	9068	WP_316980028.1#106	NZ_JAOTID010000021.1	GCF_026163695.1
WP_316980026.1#106|Shumkonia_mesophila	621	-	-	0	-831	-211	8002	8622	WP_316980027.1#106	NZ_JAOTID010000021.1	GCF_026163695.1
WP_316980026.1#106|Shumkonia_mesophila	306	-	+	87	1	306	7485	7790	WP_316980026.1#106	NZ_JAOTID010000021.1	GCF_026163695.1
WP_316980026.1#106|Shumkonia_mesophila	441	-	+	1	318	758	7033	7473	WP_316980025.1#106	NZ_JAOTID010000021.1	GCF_026163695.1
WP_316980026.1#106|Shumkonia_mesophila	708	-	-	0	1164	1871	5920	6627	WP_316980024.1#106	NZ_JAOTID010000021.1	GCF_026163695.1
WP_316980026.1#106|Shumkonia_mesophila	1368	-	+	0	1972	3339	4452	5819	WP_316980023.1#106	NZ_JAOTID010000021.1	GCF_026163695.1
WP_316980026.1#106|Shumkonia_mesophila	1824	-	+	0	3346	5169	2622	4445	WP_316980022.1#106	NZ_JAOTID010000021.1	GCF_026163695.1



WP_164874205.1#7|Xylella_fastidiosa_subsp__fastidiosa	234	+	+	0	-2525	-2292	3955	4188	WP_128734727.1#7	NZ_PHFT01000030.1	GCF_004016375.1
WP_164874205.1#7|Xylella_fastidiosa_subsp__fastidiosa	549	+	+	23	-1530	-982	4950	5498	WP_128734728.1#7	NZ_PHFT01000030.1	GCF_004016375.1
WP_164874205.1#7|Xylella_fastidiosa_subsp__fastidiosa	600	+	+	0	-1022	-423	5458	6057	WP_128734729.1#7	NZ_PHFT01000030.1	GCF_004016375.1
WP_164874205.1#7|Xylella_fastidiosa_subsp__fastidiosa	204	+	+	0	-406	-203	6074	6277	WP_241547338.1#7	NZ_PHFT01000030.1	GCF_004016375.1
WP_164874205.1#7|Xylella_fastidiosa_subsp__fastidiosa	324	+	+	87	1	324	6481	6804	WP_164874205.1#7	NZ_PHFT01000030.1	GCF_004016375.1
WP_164874205.1#7|Xylella_fastidiosa_subsp__fastidiosa	447	+	+	1	321	767	6801	7247	WP_020851648.1#7	NZ_PHFT01000030.1	GCF_004016375.1
WP_164874205.1#7|Xylella_fastidiosa_subsp__fastidiosa	1164	+	-	19	904	2067	7384	8547	WP_128734731.1#7	NZ_PHFT01000030.1	GCF_004016375.1
WP_164874205.1#7|Xylella_fastidiosa_subsp__fastidiosa	561	+	-	0	2071	2631	8551	9111	WP_027700634.1#7	NZ_PHFT01000030.1	GCF_004016375.1
WP_164874205.1#7|Xylella_fastidiosa_subsp__fastidiosa	1146	+	-	0	2628	3773	9108	10253	WP_128734732.1#7	NZ_PHFT01000030.1	GCF_004016375.1



WP_297141884.1#86|Thermomonas_sp_	1062	-	-	68	-3240	-2179	3178	4239	WP_297141891.1#86	NZ_JAHRWW010000001.1	GCF_019104945.1
WP_297141884.1#86|Thermomonas_sp_	300	-	-	0	-2175	-1876	2875	3174	WP_297141889.1#86	NZ_JAHRWW010000001.1	GCF_019104945.1
WP_297141884.1#86|Thermomonas_sp_	1533	-	-	67	-1866	-334	1333	2865	WP_297141886.1#86	NZ_JAHRWW010000001.1	GCF_019104945.1
WP_297141884.1#86|Thermomonas_sp_	77	-	-	88	-304	-228	1227	1303	tRNA_86.8*#86	NZ_JAHRWW010000001.1	GCF_019104945.1
WP_297141884.1#86|Thermomonas_sp_	336	-	+	87	1	336	663	998	WP_297141884.1#86	NZ_JAHRWW010000001.1	GCF_019104945.1
WP_297141884.1#86|Thermomonas_sp_	450	-	+	1	333	782	217	666	WP_297141881.1#86	NZ_JAHRWW010000001.1	GCF_019104945.1



WP_247433335.1#126|Luteibacter_aegosomatissinici	339	-	-	0	-3294	-2956	926243	926581	WP_247433347.1#126	NZ_CP095742.1	GCF_023078495.1
WP_247433335.1#126|Luteibacter_aegosomatissinici	1368	-	-	0	-2950	-1583	924870	926237	WP_247433344.1#126	NZ_CP095742.1	GCF_023078495.1
WP_247433335.1#126|Luteibacter_aegosomatissinici	921	-	-	50	-1487	-567	923854	924774	WP_247433341.1#126	NZ_CP095742.1	GCF_023078495.1
WP_247433335.1#126|Luteibacter_aegosomatissinici	393	-	-	22	-558	-166	923453	923845	WP_247433338.1#126	NZ_CP095742.1	GCF_023078495.1
WP_247433335.1#126|Luteibacter_aegosomatissinici	321	-	+	87	1	321	922966	923286	WP_247433335.1#126	NZ_CP095742.1	GCF_023078495.1
WP_247433335.1#126|Luteibacter_aegosomatissinici	441	-	+	1	324	764	922523	922963	WP_247433333.1#126	NZ_CP095742.1	GCF_023078495.1
WP_247433335.1#126|Luteibacter_aegosomatissinici	762	-	-	0	795	1556	921731	922492	WP_247433330.1#126	NZ_CP095742.1	GCF_023078495.1
WP_247433335.1#126|Luteibacter_aegosomatissinici	76	-	-	88	1631	1706	921581	921656	tRNA_126.2*#126	NZ_CP095742.1	GCF_023078495.1
WP_247433335.1#126|Luteibacter_aegosomatissinici	855	-	-	54	1723	2577	920710	921564	WP_247433327.1#126	NZ_CP095742.1	GCF_023078495.1



WP_166951530.1#50|Luteibacter_anthropi	921	+	-	50	-3754	-2834	688455	689375	WP_166951540.1#50	NZ_CP077072.1	GCF_023699965.1
WP_166951530.1#50|Luteibacter_anthropi	159	+	-	22	-2823	-2665	689386	689544	WP_250878059.1#50	NZ_CP077072.1	GCF_023699965.1
WP_166951530.1#50|Luteibacter_anthropi	897	+	+	4	-2536	-1640	689673	690569	WP_166951535.1#50	NZ_CP077072.1	GCF_023699965.1
WP_166951530.1#50|Luteibacter_anthropi	1458	+	-	53	-1643	-186	690566	692023	WP_250878060.1#50	NZ_CP077072.1	GCF_023699965.1
WP_166951530.1#50|Luteibacter_anthropi	321	+	+	87	1	321	692210	692530	WP_166951530.1#50	NZ_CP077072.1	GCF_023699965.1
WP_166951530.1#50|Luteibacter_anthropi	438	+	+	1	324	761	692533	692970	WP_250878061.1#50	NZ_CP077072.1	GCF_023699965.1
WP_166951530.1#50|Luteibacter_anthropi	417	+	-	0	785	1201	692994	693410	WP_250879216.1#50	NZ_CP077072.1	GCF_023699965.1
WP_166951530.1#50|Luteibacter_anthropi	76	+	-	88	1282	1357	693491	693566	tRNA_50.8*#50	NZ_CP077072.1	GCF_023699965.1
WP_166951530.1#50|Luteibacter_anthropi	801	+	-	54	1374	2174	693583	694383	WP_250878062.1#50	NZ_CP077072.1	GCF_023699965.1



WP_268154356.1#77|Rhizobium_sp__SL86	279	-	+	0	-3659	-3381	318870	319148	WP_268154361.1#77	NZ_JAPPRJ010000001.1	GCF_026672545.1
WP_268154356.1#77|Rhizobium_sp__SL86	2568	-	+	36	-3286	-719	316208	318775	WP_268154360.1#77	NZ_JAPPRJ010000001.1	GCF_026672545.1
WP_268154356.1#77|Rhizobium_sp__SL86	435	-	+	57	-722	-288	315777	316211	WP_268154358.1#77	NZ_JAPPRJ010000001.1	GCF_026672545.1
WP_268154356.1#77|Rhizobium_sp__SL86	204	-	+	0	-276	-73	315562	315765	WP_268154357.1#77	NZ_JAPPRJ010000001.1	GCF_026672545.1
WP_268154356.1#77|Rhizobium_sp__SL86	324	-	+	87	1	324	315165	315488	WP_268154356.1#77	NZ_JAPPRJ010000001.1	GCF_026672545.1
WP_268154356.1#77|Rhizobium_sp__SL86	468	-	+	1	436	903	314586	315053	WP_268154354.1#77	NZ_JAPPRJ010000001.1	GCF_026672545.1
WP_268154356.1#77|Rhizobium_sp__SL86	642	-	-	0	1139	1780	313709	314350	WP_268154352.1#77	NZ_JAPPRJ010000001.1	GCF_026672545.1
WP_268154356.1#77|Rhizobium_sp__SL86	1494	-	+	0	2016	3509	311980	313473	WP_268154351.1#77	NZ_JAPPRJ010000001.1	GCF_026672545.1
WP_268154356.1#77|Rhizobium_sp__SL86	393	-	-	75	3520	3912	311577	311969	WP_268154350.1#77	NZ_JAPPRJ010000001.1	GCF_026672545.1



WP_045581713.1#138|Azospirillum_thiophilum	204	-	+	58	-2956	-2753	2299710	2299913	WP_045581717.1#138	NZ_LAEL01000001.1	GCF_000960825.1
WP_045581713.1#138|Azospirillum_thiophilum	354	-	+	0	-2718	-2365	2299322	2299675	WP_045581716.1#138	NZ_LAEL01000001.1	GCF_000960825.1
WP_045581713.1#138|Azospirillum_thiophilum	1248	-	+	2	-2057	-810	2297767	2299014	WP_045581715.1#138	NZ_LAEL01000001.1	GCF_000960825.1
WP_045581713.1#138|Azospirillum_thiophilum	441	-	-	0	-610	-170	2297127	2297567	WP_045581714.1#138	NZ_LAEL01000001.1	GCF_000960825.1
WP_045581713.1#138|Azospirillum_thiophilum	309	-	+	87	1	309	2296648	2296956	WP_045581713.1#138	NZ_LAEL01000001.1	GCF_000960825.1
WP_045581713.1#138|Azospirillum_thiophilum	435	-	+	1	325	759	2296198	2296632	WP_045581712.1#138	NZ_LAEL01000001.1	GCF_000960825.1
WP_045581713.1#138|Azospirillum_thiophilum	429	-	-	0	965	1393	2295564	2295992	WP_144428107.1#138	NZ_LAEL01000001.1	GCF_000960825.1
WP_045581713.1#138|Azospirillum_thiophilum	393	-	+	0	1505	1897	2295060	2295452	WP_144428108.1#138	NZ_LAEL01000001.1	GCF_000960825.1
WP_045581713.1#138|Azospirillum_thiophilum	126	-	+	0	1894	2019	2294938	2295063	WP_281178647.1#138	NZ_LAEL01000001.1	GCF_000960825.1



WP_203153175.1#96|Methylobacterium_aquaticum	1074	-	-	0	-3889	-2816	4137902	4138975	WP_203159150.1#96	NZ_CP043627.1	GCF_016804325.1
WP_203153175.1#96|Methylobacterium_aquaticum	300	-	-	1	-2465	-2166	4137252	4137551	WP_203153177.1#96	NZ_CP043627.1	GCF_016804325.1
WP_203153175.1#96|Methylobacterium_aquaticum	363	-	-	0	-2139	-1777	4136863	4137225	WP_246775407.1#96	NZ_CP043627.1	GCF_016804325.1
WP_203153175.1#96|Methylobacterium_aquaticum	1536	-	-	0	-1721	-186	4135272	4136807	WP_203153176.1#96	NZ_CP043627.1	GCF_016804325.1
WP_203153175.1#96|Methylobacterium_aquaticum	297	-	+	87	1	297	4134789	4135085	WP_203153175.1#96	NZ_CP043627.1	GCF_016804325.1
WP_203153175.1#96|Methylobacterium_aquaticum	444	-	+	1	309	752	4134334	4134777	WP_203153174.1#96	NZ_CP043627.1	GCF_016804325.1
WP_203153175.1#96|Methylobacterium_aquaticum	1236	-	-	0	760	1995	4133091	4134326	WP_203153173.1#96	NZ_CP043627.1	GCF_016804325.1
WP_203153175.1#96|Methylobacterium_aquaticum	1035	-	-	0	2496	3530	4131556	4132590	WP_203153172.1#96	NZ_CP043627.1	GCF_016804325.1
WP_203153175.1#96|Methylobacterium_aquaticum	852	-	+	4	3682	4533	4130553	4131404	WP_203153171.1#96	NZ_CP043627.1	GCF_016804325.1



WP_188074038.1#52|Sphingobium_jiangsuense	309	-	+	87	1	309	6769	7077	WP_188074038.1#52	NZ_JACIDT010000042.1	GCF_014196495.1
WP_188074038.1#52|Sphingobium_jiangsuense	444	-	+	1	321	764	6314	6757	WP_188074037.1#52	NZ_JACIDT010000042.1	GCF_014196495.1
WP_188074038.1#52|Sphingobium_jiangsuense	1161	-	+	86	1230	2390	4688	5848	WP_425502253.1#52	NZ_JACIDT010000042.1	GCF_014196495.1
WP_188074038.1#52|Sphingobium_jiangsuense	469	-	+	86	2489	2957	4121	4589	WP_223177585.1#52	NZ_JACIDT010000042.1	GCF_014196495.1
WP_188074038.1#52|Sphingobium_jiangsuense	369	-	+	0	2954	3322	3756	4124	WP_223177584.1#52	NZ_JACIDT010000042.1	GCF_014196495.1



WP_031394936.1#153|Sphingomonas_sp__STIS6_2	600	-	-	15	-2159	-1560	2589	3188	WP_107045681.1#153	NZ_JPDP02000105.1	GCF_000732685.2
WP_031394936.1#153|Sphingomonas_sp__STIS6_2	234	-	+	0	-571	-338	1367	1600	WP_442800404.1#153	NZ_JPDP02000105.1	GCF_000732685.2
WP_031394936.1#153|Sphingomonas_sp__STIS6_2	303	-	+	87	1	303	726	1028	WP_031394936.1#153	NZ_JPDP02000105.1	GCF_000732685.2
WP_031394936.1#153|Sphingomonas_sp__STIS6_2	450	-	+	1	314	763	266	715	WP_031394935.1#153	NZ_JPDP02000105.1	GCF_000732685.2



WP_305330844.1#89|Hoeflea_sp_	393	-	-	75	-6696	-6304	11453	11845	WP_305330848.1#89	NZ_JAUXOD010000079.1	GCF_030682515.1
WP_305330844.1#89|Hoeflea_sp_	2532	-	-	0	-5894	-3363	8512	11043	WP_305330847.1#89	NZ_JAUXOD010000079.1	GCF_030682515.1
WP_305330844.1#89|Hoeflea_sp_	1437	-	+	0	-3008	-1572	6721	8157	WP_305330846.1#89	NZ_JAUXOD010000079.1	GCF_030682515.1
WP_305330844.1#89|Hoeflea_sp_	1287	-	+	31	-1559	-273	5422	6708	WP_305330845.1#89	NZ_JAUXOD010000079.1	GCF_030682515.1
WP_305330844.1#89|Hoeflea_sp_	303	-	+	87	1	303	4846	5148	WP_305330844.1#89	NZ_JAUXOD010000079.1	GCF_030682515.1
WP_305330844.1#89|Hoeflea_sp_	459	-	+	1	321	779	4370	4828	WP_305330843.1#89	NZ_JAUXOD010000079.1	GCF_030682515.1
WP_305330844.1#89|Hoeflea_sp_	1473	-	+	0	924	2396	2753	4225	WP_305330842.1#89	NZ_JAUXOD010000079.1	GCF_030682515.1
WP_305330844.1#89|Hoeflea_sp_	717	-	+	0	2383	3099	2050	2766	WP_305330841.1#89	NZ_JAUXOD010000079.1	GCF_030682515.1
WP_305330844.1#89|Hoeflea_sp_	1839	-	+	0	3193	5031	118	1956	WP_305330840.1#89	NZ_JAUXOD010000079.1	GCF_030682515.1



WP_287406518.1#101|Sphingopyxis_sp_	231	-	-	1	-2208	-1978	69330	69560	WP_287406525.1#101	NZ_JAEULL010000013.1	GCF_016793765.1
WP_287406518.1#101|Sphingopyxis_sp_	708	-	+	0	-1840	-1133	68485	69192	WP_287406524.1#101	NZ_JAEULL010000013.1	GCF_016793765.1
WP_287406518.1#101|Sphingopyxis_sp_	357	-	+	0	-1136	-780	68132	68488	WP_287406522.1#101	NZ_JAEULL010000013.1	GCF_016793765.1
WP_287406518.1#101|Sphingopyxis_sp_	387	-	+	0	-667	-281	67633	68019	WP_287406520.1#101	NZ_JAEULL010000013.1	GCF_016793765.1
WP_287406518.1#101|Sphingopyxis_sp_	303	-	+	87	1	303	67049	67351	WP_287406518.1#101	NZ_JAEULL010000013.1	GCF_016793765.1
WP_287406518.1#101|Sphingopyxis_sp_	444	-	+	1	321	764	66588	67031	WP_287406517.1#101	NZ_JAEULL010000013.1	GCF_016793765.1
WP_287406518.1#101|Sphingopyxis_sp_	381	-	-	0	1485	1865	65487	65867	WP_287406515.1#101	NZ_JAEULL010000013.1	GCF_016793765.1
WP_287406518.1#101|Sphingopyxis_sp_	165	-	-	0	2338	2502	64850	65014	WP_353771957.1#101	NZ_JAEULL010000013.1	GCF_016793765.1
WP_287406518.1#101|Sphingopyxis_sp_	855	-	-	0	2456	3310	64042	64896	WP_287406514.1#101	NZ_JAEULL010000013.1	GCF_016793765.1



WP_243917935.1#14|Methylobacterium_sp__E_065	423	+	+	0	-1817	-1395	132	554	WP_243917929.1#14	NZ_JAKSYD010000073.1	GCF_022829605.1
WP_243917935.1#14|Methylobacterium_sp__E_065	204	+	+	0	-1233	-1030	716	919	WP_243917931.1#14	NZ_JAKSYD010000073.1	GCF_022829605.1
WP_243917935.1#14|Methylobacterium_sp__E_065	663	+	-	0	-757	-95	1192	1854	WP_243917933.1#14	NZ_JAKSYD010000073.1	GCF_022829605.1
WP_243917935.1#14|Methylobacterium_sp__E_065	303	+	+	87	1	303	1950	2252	WP_243917935.1#14	NZ_JAKSYD010000073.1	GCF_022829605.1
WP_243917935.1#14|Methylobacterium_sp__E_065	459	+	+	1	313	771	2262	2720	WP_243917937.1#14	NZ_JAKSYD010000073.1	GCF_022829605.1
WP_243917935.1#14|Methylobacterium_sp__E_065	867	+	+	0	1024	1890	2973	3839	WP_243917939.1#14	NZ_JAKSYD010000073.1	GCF_022829605.1
WP_243917935.1#14|Methylobacterium_sp__E_065	153	+	-	0	1987	2139	3936	4088	WP_243917940.1#14	NZ_JAKSYD010000073.1	GCF_022829605.1
WP_243917935.1#14|Methylobacterium_sp__E_065	306	+	-	0	2256	2561	4205	4510	WP_243917943.1#14	NZ_JAKSYD010000073.1	GCF_022829605.1



WP_322312365.1#93|Parvibaculum_sp_	891	-	-	80	-3077	-2187	52331	53221	WP_322312368.1#93	NZ_JAXMIG010000010.1	GCF_034377405.1
WP_322312365.1#93|Parvibaculum_sp_	513	-	-	0	-1819	-1307	51451	51963	WP_322312367.1#93	NZ_JAXMIG010000010.1	GCF_034377405.1
WP_322312365.1#93|Parvibaculum_sp_	915	-	-	0	-1310	-396	50540	51454	WP_322312366.1#93	NZ_JAXMIG010000010.1	GCF_034377405.1
WP_322312365.1#93|Parvibaculum_sp_	216	-	+	89	-313	-98	50242	50457	pseudogene_93.7*#93	NZ_JAXMIG010000010.1	GCF_034377405.1
WP_322312365.1#93|Parvibaculum_sp_	303	-	+	87	1	303	49841	50143	WP_322312365.1#93	NZ_JAXMIG010000010.1	GCF_034377405.1
WP_322312365.1#93|Parvibaculum_sp_	459	-	+	1	317	775	49369	49827	WP_322312364.1#93	NZ_JAXMIG010000010.1	GCF_034377405.1
WP_322312365.1#93|Parvibaculum_sp_	633	-	+	0	1054	1686	48458	49090	WP_322312363.1#93	NZ_JAXMIG010000010.1	GCF_034377405.1
WP_322312365.1#93|Parvibaculum_sp_	852	-	-	8	1831	2682	47462	48313	WP_322312362.1#93	NZ_JAXMIG010000010.1	GCF_034377405.1
WP_322312365.1#93|Parvibaculum_sp_	390	-	-	0	2885	3274	46870	47259	WP_322312361.1#93	NZ_JAXMIG010000010.1	GCF_034377405.1



WP_128303686.1#158|Mesorhizobium_australicum	489	+	+	0	-4465	-3977	182106	182594	WP_352687593.1#158	NZ_JAMYRI010000011.1	GCF_040321365.1
WP_128303686.1#158|Mesorhizobium_australicum	525	+	+	0	-3941	-3417	182630	183154	WP_352687595.1#158	NZ_JAMYRI010000011.1	GCF_040321365.1
WP_128303686.1#158|Mesorhizobium_australicum	2907	+	+	0	-3414	-508	183157	186063	WP_352687597.1#158	NZ_JAMYRI010000011.1	GCF_040321365.1
WP_128303686.1#158|Mesorhizobium_australicum	309	+	+	0	-511	-203	186060	186368	WP_352687599.1#158	NZ_JAMYRI010000011.1	GCF_040321365.1
WP_128303686.1#158|Mesorhizobium_australicum	303	+	+	87	1	303	186572	186874	WP_128303686.1#158	NZ_JAMYRI010000011.1	GCF_040321365.1
WP_128303686.1#158|Mesorhizobium_australicum	453	+	+	1	320	772	186891	187343	WP_128303687.1#158	NZ_JAMYRI010000011.1	GCF_040321365.1
WP_128303686.1#158|Mesorhizobium_australicum	351	+	+	0	867	1217	187438	187788	WP_352687602.1#158	NZ_JAMYRI010000011.1	GCF_040321365.1
WP_128303686.1#158|Mesorhizobium_australicum	162	+	-	0	1302	1463	187873	188034	WP_352687604.1#158	NZ_JAMYRI010000011.1	GCF_040321365.1
WP_128303686.1#158|Mesorhizobium_australicum	294	+	+	0	1588	1881	188159	188452	WP_352687606.1#158	NZ_JAMYRI010000011.1	GCF_040321365.1



WP_058321525.1#155|Sinorhizobium_sp__GL28	1042	+	-	89	-2206	-1165	134734	135775	pseudogene_155.5*#155	NZ_AUSZ01000077.1	GCF_001461685.1
WP_058321525.1#155|Sinorhizobium_sp__GL28	177	+	+	0	-1117	-941	135823	135999	WP_197417280.1#155	NZ_AUSZ01000077.1	GCF_001461685.1
WP_058321525.1#155|Sinorhizobium_sp__GL28	201	+	+	0	-870	-670	136070	136270	WP_058321523.1#155	NZ_AUSZ01000077.1	GCF_001461685.1
WP_058321525.1#155|Sinorhizobium_sp__GL28	189	+	-	0	-650	-462	136290	136478	WP_156433042.1#155	NZ_AUSZ01000077.1	GCF_001461685.1
WP_058321525.1#155|Sinorhizobium_sp__GL28	303	+	+	87	1	303	136941	137243	WP_058321525.1#155	NZ_AUSZ01000077.1	GCF_001461685.1
WP_058321525.1#155|Sinorhizobium_sp__GL28	459	+	+	1	319	777	137259	137717	WP_058321526.1#155	NZ_AUSZ01000077.1	GCF_001461685.1
WP_058321525.1#155|Sinorhizobium_sp__GL28	387	+	-	0	813	1199	137753	138139	WP_058321527.1#155	NZ_AUSZ01000077.1	GCF_001461685.1
WP_058321525.1#155|Sinorhizobium_sp__GL28	174	+	-	0	1274	1447	138214	138387	WP_197417281.1#155	NZ_AUSZ01000077.1	GCF_001461685.1
WP_058321525.1#155|Sinorhizobium_sp__GL28	303	+	-	0	1460	1762	138400	138702	WP_063891453.1#155	NZ_AUSZ01000077.1	GCF_001461685.1



WP_175463633.1#8|Methylomonas_sp__UP202	672	+	+	15	-1742	-1071	4171460	4172131	WP_281021099.1#8	NZ_CP123897.1	GCF_029910655.1
WP_175463633.1#8|Methylomonas_sp__UP202	270	+	+	15	-1113	-844	4172089	4172358	WP_281021100.1#8	NZ_CP123897.1	GCF_029910655.1
WP_175463633.1#8|Methylomonas_sp__UP202	465	+	+	78	-847	-383	4172355	4172819	WP_281021101.1#8	NZ_CP123897.1	GCF_029910655.1
WP_175463633.1#8|Methylomonas_sp__UP202	294	+	+	0	-386	-93	4172816	4173109	WP_281021102.1#8	NZ_CP123897.1	GCF_029910655.1
WP_175463633.1#8|Methylomonas_sp__UP202	312	+	+	87	1	312	4173203	4173514	WP_175463633.1#8	NZ_CP123897.1	GCF_029910655.1
WP_175463633.1#8|Methylomonas_sp__UP202	438	+	+	1	330	767	4173532	4173969	WP_071155325.1#8	NZ_CP123897.1	GCF_029910655.1
WP_175463633.1#8|Methylomonas_sp__UP202	357	+	+	0	1101	1457	4174303	4174659	WP_281021103.1#8	NZ_CP123897.1	GCF_029910655.1
WP_175463633.1#8|Methylomonas_sp__UP202	366	+	-	0	1571	1936	4174773	4175138	WP_281021104.1#8	NZ_CP123897.1	GCF_029910655.1
WP_175463633.1#8|Methylomonas_sp__UP202	1533	+	-	0	2567	4099	4175769	4177301	WP_281023365.1#8	NZ_CP123897.1	GCF_029910655.1



WP_292553724.1#102|Methylobacter_sp_	336	+	-	0	-4217	-3882	25390	25725	WP_366513186.1#102	NZ_JALOCF010000019.1	GCF_023227905.1
WP_292553724.1#102|Methylobacter_sp_	1485	+	-	35	-3780	-2296	25827	27311	WP_292553716.1#102	NZ_JALOCF010000019.1	GCF_023227905.1
WP_292553724.1#102|Methylobacter_sp_	1362	+	-	0	-2299	-938	27308	28669	WP_292553719.1#102	NZ_JALOCF010000019.1	GCF_023227905.1
WP_292553724.1#102|Methylobacter_sp_	450	+	-	0	-838	-389	28769	29218	WP_292553722.1#102	NZ_JALOCF010000019.1	GCF_023227905.1
WP_292553724.1#102|Methylobacter_sp_	525	+	+	87	1	525	29608	30132	WP_292553724.1#102	NZ_JALOCF010000019.1	GCF_023227905.1
WP_292553724.1#102|Methylobacter_sp_	438	+	+	1	540	977	30147	30584	WP_292553726.1#102	NZ_JALOCF010000019.1	GCF_023227905.1
WP_292553724.1#102|Methylobacter_sp_	2040	+	-	60	1400	3439	31007	33046	WP_292553728.1#102	NZ_JALOCF010000019.1	GCF_023227905.1
WP_292553724.1#102|Methylobacter_sp_	444	+	-	0	3523	3966	33130	33573	WP_292553730.1#102	NZ_JALOCF010000019.1	GCF_023227905.1
WP_292553724.1#102|Methylobacter_sp_	1431	+	-	0	4256	5686	33863	35293	WP_292553733.1#102	NZ_JALOCF010000019.1	GCF_023227905.1



WP_290238342.1#18|Zwartia_panacis	1242	-	+	0	-1856	-615	236725	237966	WP_435433360.1#18	NZ_JAUHHF010000002.1	GCF_030410395.1
WP_290238342.1#18|Zwartia_panacis	77	-	-	88	-557	-481	236591	236667	tRNA_18.0*#18	NZ_JAUHHF010000002.1	GCF_030410395.1
WP_290238342.1#18|Zwartia_panacis	76	-	-	88	-433	-358	236468	236543	tRNA_18.2*#18	NZ_JAUHHF010000002.1	GCF_030410395.1
WP_290238342.1#18|Zwartia_panacis	76	-	-	88	-329	-254	236364	236439	tRNA_18.4*#18	NZ_JAUHHF010000002.1	GCF_030410395.1
WP_290238342.1#18|Zwartia_panacis	312	-	+	87	1	312	235798	236109	WP_290238342.1#18	NZ_JAUHHF010000002.1	GCF_030410395.1
WP_290238342.1#18|Zwartia_panacis	432	-	+	1	328	759	235351	235782	WP_290238340.1#18	NZ_JAUHHF010000002.1	GCF_030410395.1
WP_290238342.1#18|Zwartia_panacis	1149	-	-	0	791	1939	234171	235319	WP_290238338.1#18	NZ_JAUHHF010000002.1	GCF_030410395.1
WP_290238342.1#18|Zwartia_panacis	1650	-	-	0	1936	3585	232525	234174	WP_290238335.1#18	NZ_JAUHHF010000002.1	GCF_030410395.1
WP_290238342.1#18|Zwartia_panacis	888	-	-	0	3582	4469	231641	232528	WP_290238333.1#18	NZ_JAUHHF010000002.1	GCF_030410395.1



WP_028995196.1#152|Azonexus_hydrophilus_DSM_23864	402	-	+	2	-3271	-2870	140592	140993	WP_081700205.1#152	NZ_AUCE01000017.1	GCF_000429605.1
WP_028995196.1#152|Azonexus_hydrophilus_DSM_23864	1278	-	+	2	-2882	-1605	139327	140604	WP_028995198.1#152	NZ_AUCE01000017.1	GCF_000429605.1
WP_028995196.1#152|Azonexus_hydrophilus_DSM_23864	360	-	+	0	-1065	-706	138428	138787	WP_028995197.1#152	NZ_AUCE01000017.1	GCF_000429605.1
WP_028995196.1#152|Azonexus_hydrophilus_DSM_23864	564	-	+	0	-606	-43	137765	138328	WP_051295421.1#152	NZ_AUCE01000017.1	GCF_000429605.1
WP_028995196.1#152|Azonexus_hydrophilus_DSM_23864	324	-	+	87	1	324	137398	137721	WP_028995196.1#152	NZ_AUCE01000017.1	GCF_000429605.1
WP_028995196.1#152|Azonexus_hydrophilus_DSM_23864	435	-	+	1	327	761	136961	137395	WP_028995195.1#152	NZ_AUCE01000017.1	GCF_000429605.1
WP_028995196.1#152|Azonexus_hydrophilus_DSM_23864	561	-	-	0	968	1528	136194	136754	WP_028995194.1#152	NZ_AUCE01000017.1	GCF_000429605.1
WP_028995196.1#152|Azonexus_hydrophilus_DSM_23864	327	-	+	0	1812	2138	135584	135910	WP_028995193.1#152	NZ_AUCE01000017.1	GCF_000429605.1
WP_028995196.1#152|Azonexus_hydrophilus_DSM_23864	327	-	+	0	2135	2461	135261	135587	WP_051295420.1#152	NZ_AUCE01000017.1	GCF_000429605.1



WP_296411894.1#19|Zoogloea_sp_	315	-	-	0	-4497	-4183	27450	27764	WP_296411898.1#19	NZ_JAFLDT010000032.1	GCF_017302315.1
WP_296411894.1#19|Zoogloea_sp_	402	-	+	0	-4023	-3622	26889	27290	WP_296411897.1#19	NZ_JAFLDT010000032.1	GCF_017302315.1
WP_296411894.1#19|Zoogloea_sp_	1881	-	+	0	-3584	-1704	24971	26851	WP_296411896.1#19	NZ_JAFLDT010000032.1	GCF_017302315.1
WP_296411894.1#19|Zoogloea_sp_	1338	-	+	2	-1396	-59	23326	24663	WP_296411895.1#19	NZ_JAFLDT010000032.1	GCF_017302315.1
WP_296411894.1#19|Zoogloea_sp_	324	-	+	87	1	324	22943	23266	WP_296411894.1#19	NZ_JAFLDT010000032.1	GCF_017302315.1
WP_296411894.1#19|Zoogloea_sp_	435	-	+	1	324	758	22509	22943	WP_296411893.1#19	NZ_JAFLDT010000032.1	GCF_017302315.1
WP_296411894.1#19|Zoogloea_sp_	288	-	+	1	856	1143	22124	22411	WP_296411892.1#19	NZ_JAFLDT010000032.1	GCF_017302315.1
WP_296411894.1#19|Zoogloea_sp_	801	-	+	0	1244	2044	21223	22023	WP_296411891.1#19	NZ_JAFLDT010000032.1	GCF_017302315.1
WP_296411894.1#19|Zoogloea_sp_	186	-	+	63	2131	2316	20951	21136	WP_296411890.1#19	NZ_JAFLDT010000032.1	GCF_017302315.1



WP_218151584.1#123|Novosphingobium_sp__CF614	504	-	-	0	-2083	-1580	2416	2919	WP_255406259.1#123	NZ_FOOR01000038.1	GCF_900113255.1
WP_218151584.1#123|Novosphingobium_sp__CF614	687	-	-	0	-1578	-892	1728	2414	WP_091149333.1#123	NZ_FOOR01000038.1	GCF_900113255.1
WP_218151584.1#123|Novosphingobium_sp__CF614	198	-	-	0	-852	-655	1491	1688	WP_091149332.1#123	NZ_FOOR01000038.1	GCF_900113255.1
WP_218151584.1#123|Novosphingobium_sp__CF614	75	-	+	88	-545	-471	1307	1381	tRNA_123.3*#123	NZ_FOOR01000038.1	GCF_900113255.1
WP_218151584.1#123|Novosphingobium_sp__CF614	285	-	+	87	1	285	551	835	WP_218151584.1#123	NZ_FOOR01000038.1	GCF_900113255.1
WP_218151584.1#123|Novosphingobium_sp__CF614	438	-	+	1	296	733	103	540	WP_091149328.1#123	NZ_FOOR01000038.1	GCF_900113255.1



WP_085339929.1#164|Novosphingobium_sp__PASSN1	285	+	+	0	-3367	-3083	41968	42252	WP_292932917.1#164	NZ_NKIS01000013.1	GCF_002278815.1
WP_085339929.1#164|Novosphingobium_sp__PASSN1	1056	+	+	0	-3086	-2031	42249	43304	WP_292932919.1#164	NZ_NKIS01000013.1	GCF_002278815.1
WP_085339929.1#164|Novosphingobium_sp__PASSN1	951	+	-	0	-1517	-567	43818	44768	WP_108986017.1#164	NZ_NKIS01000013.1	GCF_002278815.1
WP_085339929.1#164|Novosphingobium_sp__PASSN1	300	+	-	0	-490	-191	44845	45144	WP_292932927.1#164	NZ_NKIS01000013.1	GCF_002278815.1
WP_085339929.1#164|Novosphingobium_sp__PASSN1	303	+	+	87	1	303	45336	45638	WP_085339929.1#164	NZ_NKIS01000013.1	GCF_002278815.1
WP_085339929.1#164|Novosphingobium_sp__PASSN1	438	+	+	1	313	750	45648	46085	WP_292932930.1#164	NZ_NKIS01000013.1	GCF_002278815.1
WP_085339929.1#164|Novosphingobium_sp__PASSN1	318	+	+	0	1114	1431	46449	46766	WP_292932931.1#164	NZ_NKIS01000013.1	GCF_002278815.1
WP_085339929.1#164|Novosphingobium_sp__PASSN1	423	+	+	1	1424	1846	46759	47181	WP_292932932.1#164	NZ_NKIS01000013.1	GCF_002278815.1
WP_085339929.1#164|Novosphingobium_sp__PASSN1	279	+	+	0	2339	2617	47674	47952	WP_292932934.1#164	NZ_NKIS01000013.1	GCF_002278815.1



WP_121430388.1#1|Azoarcus_sp__DN11	756	-	-	10	-4723	-3968	4485699	4486454	WP_121430391.1#1	NZ_CP021731.1	GCF_003628555.1
WP_121430388.1#1|Azoarcus_sp__DN11	1641	-	-	27	-3676	-2036	4483767	4485407	WP_121430390.1#1	NZ_CP021731.1	GCF_003628555.1
WP_121430388.1#1|Azoarcus_sp__DN11	1674	-	-	7	-1850	-177	4481908	4483581	WP_121430389.1#1	NZ_CP021731.1	GCF_003628555.1
WP_121430388.1#1|Azoarcus_sp__DN11	144	-	+	0	-187	-44	4481775	4481918	WP_164844451.1#1	NZ_CP021731.1	GCF_003628555.1
WP_121430388.1#1|Azoarcus_sp__DN11	321	-	+	87	1	321	4481410	4481730	WP_121430388.1#1	NZ_CP021731.1	GCF_003628555.1
WP_121430388.1#1|Azoarcus_sp__DN11	453	-	+	1	318	770	4480961	4481413	WP_121430387.1#1	NZ_CP021731.1	GCF_003628555.1
WP_121430388.1#1|Azoarcus_sp__DN11	885	-	-	0	1658	2542	4479189	4480073	WP_121430386.1#1	NZ_CP021731.1	GCF_003628555.1
WP_121430388.1#1|Azoarcus_sp__DN11	1404	-	-	0	2539	3942	4477789	4479192	WP_121430385.1#1	NZ_CP021731.1	GCF_003628555.1
WP_121430388.1#1|Azoarcus_sp__DN11	966	-	-	0	4058	5023	4476708	4477673	WP_121430785.1#1	NZ_CP021731.1	GCF_003628555.1



WP_287655126.1#60|Accumulibacter_sp_	810	-	-	0	-3990	-3181	14834	15643	WP_287655132.1#60	NZ_JAFLDK010000044.1	GCF_017302555.1
WP_287655126.1#60|Accumulibacter_sp_	129	-	+	0	-2981	-2853	14506	14634	WP_287655131.1#60	NZ_JAFLDK010000044.1	GCF_017302555.1
WP_287655126.1#60|Accumulibacter_sp_	918	-	+	60	-2655	-1738	13391	14308	WP_287655130.1#60	NZ_JAFLDK010000044.1	GCF_017302555.1
WP_287655126.1#60|Accumulibacter_sp_	1332	-	+	2	-1396	-65	11718	13049	WP_287655128.1#60	NZ_JAFLDK010000044.1	GCF_017302555.1
WP_287655126.1#60|Accumulibacter_sp_	318	-	+	87	1	318	11335	11652	WP_287655126.1#60	NZ_JAFLDK010000044.1	GCF_017302555.1
WP_287655126.1#60|Accumulibacter_sp_	453	-	+	1	320	772	10881	11333	WP_287655125.1#60	NZ_JAFLDK010000044.1	GCF_017302555.1
WP_287655126.1#60|Accumulibacter_sp_	288	-	+	59	769	1056	10597	10884	WP_287655124.1#60	NZ_JAFLDK010000044.1	GCF_017302555.1
WP_287655126.1#60|Accumulibacter_sp_	1611	-	+	0	1156	2766	8887	10497	WP_287655123.1#60	NZ_JAFLDK010000044.1	GCF_017302555.1
WP_287655126.1#60|Accumulibacter_sp_	192	-	+	63	3006	3197	8456	8647	WP_287655121.1#60	NZ_JAFLDK010000044.1	GCF_017302555.1



WP_300321790.1#87|Accumulibacter_sp_	609	-	-	0	-5102	-4494	21230	21838	WP_300321810.1#87	NZ_JAPUVM010000113.1	GCF_029255225.1
WP_300321790.1#87|Accumulibacter_sp_	1431	-	-	0	-4221	-2791	19527	20957	WP_300321798.1#87	NZ_JAPUVM010000113.1	GCF_029255225.1
WP_300321790.1#87|Accumulibacter_sp_	2226	-	-	0	-2712	-487	17223	19448	WP_300321795.1#87	NZ_JAPUVM010000113.1	GCF_029255225.1
WP_300321790.1#87|Accumulibacter_sp_	216	-	-	0	-490	-275	17011	17226	WP_300321793.1#87	NZ_JAPUVM010000113.1	GCF_029255225.1
WP_300321790.1#87|Accumulibacter_sp_	318	-	+	87	1	318	16418	16735	WP_300321790.1#87	NZ_JAPUVM010000113.1	GCF_029255225.1
WP_300321790.1#87|Accumulibacter_sp_	453	-	+	1	320	772	15964	16416	WP_300321788.1#87	NZ_JAPUVM010000113.1	GCF_029255225.1
WP_300321790.1#87|Accumulibacter_sp_	963	-	-	0	855	1817	14919	15881	WP_300321785.1#87	NZ_JAPUVM010000113.1	GCF_029255225.1
WP_300321790.1#87|Accumulibacter_sp_	1131	-	+	0	2082	3212	13524	14654	WP_300321782.1#87	NZ_JAPUVM010000113.1	GCF_029255225.1
WP_300321790.1#87|Accumulibacter_sp_	882	-	+	0	3347	4228	12508	13389	WP_300321779.1#87	NZ_JAPUVM010000113.1	GCF_029255225.1



WP_057656171.1#154|Bordetella_sp__N	432	-	-	0	-5441	-5010	3559117	3559548	WP_057652971.1#154	NZ_CP013111.1	GCF_001433395.1
WP_057656171.1#154|Bordetella_sp__N	252	-	-	0	-4753	-4502	3558609	3558860	WP_057652970.1#154	NZ_CP013111.1	GCF_001433395.1
WP_057656171.1#154|Bordetella_sp__N	1182	-	-	0	-4198	-3017	3557124	3558305	WP_057652969.1#154	NZ_CP013111.1	GCF_001433395.1
WP_057656171.1#154|Bordetella_sp__N	2613	-	-	0	-2936	-324	3554431	3557043	WP_057652968.1#154	NZ_CP013111.1	GCF_001433395.1
WP_057656171.1#154|Bordetella_sp__N	312	-	+	87	1	312	3553795	3554106	WP_057656171.1#154	NZ_CP013111.1	GCF_001433395.1
WP_057656171.1#154|Bordetella_sp__N	432	-	+	1	325	756	3553351	3553782	WP_057652967.1#154	NZ_CP013111.1	GCF_001433395.1
WP_057656171.1#154|Bordetella_sp__N	1245	-	-	7	779	2023	3552084	3553328	WP_057652966.1#154	NZ_CP013111.1	GCF_001433395.1
WP_057656171.1#154|Bordetella_sp__N	894	-	-	4	2146	3039	3551068	3551961	WP_057652965.1#154	NZ_CP013111.1	GCF_001433395.1
WP_057656171.1#154|Bordetella_sp__N	780	-	+	80	3137	3916	3550191	3550970	WP_057652964.1#154	NZ_CP013111.1	GCF_001433395.1



WP_257246383.1#99|Acidithiobacillus_ferrooxidans	994	-	-	0	-2581	-1588	17609	18602	WP_257246386.1#99	NZ_JANJPC010000116.1	GCF_024606725.1
WP_257246383.1#99|Acidithiobacillus_ferrooxidans	387	-	-	0	-1253	-867	16888	17274	WP_257246385.1#99	NZ_JANJPC010000116.1	GCF_024606725.1
WP_257246383.1#99|Acidithiobacillus_ferrooxidans	339	-	-	0	-847	-509	16530	16868	WP_257246384.1#99	NZ_JANJPC010000116.1	GCF_024606725.1
WP_257246383.1#99|Acidithiobacillus_ferrooxidans	321	-	+	87	1	321	15700	16020	WP_257246383.1#99	NZ_JANJPC010000116.1	GCF_024606725.1
WP_257246383.1#99|Acidithiobacillus_ferrooxidans	453	-	+	1	334	786	15235	15687	WP_257246382.1#99	NZ_JANJPC010000116.1	GCF_024606725.1
WP_257246383.1#99|Acidithiobacillus_ferrooxidans	276	-	+	0	800	1075	14946	15221	WP_257246381.1#99	NZ_JANJPC010000116.1	GCF_024606725.1
WP_257246383.1#99|Acidithiobacillus_ferrooxidans	1740	-	-	0	1359	3098	12923	14662	WP_257246380.1#99	NZ_JANJPC010000116.1	GCF_024606725.1
WP_257246383.1#99|Acidithiobacillus_ferrooxidans	609	-	-	23	3424	4032	11989	12597	WP_257246379.1#99	NZ_JANJPC010000116.1	GCF_024606725.1



WP_235816829.1#98|Bordetella_ansorpii	981	+	-	5	-3715	-2735	75207	76187	WP_066410491.1#98	NZ_FKBS01000014.1	GCF_900078315.1
WP_235816829.1#98|Bordetella_ansorpii	498	+	-	0	-2670	-2173	76252	76749	WP_066410492.1#98	NZ_FKBS01000014.1	GCF_900078315.1
WP_235816829.1#98|Bordetella_ansorpii	1266	+	-	0	-2176	-911	76746	78011	WP_066410493.1#98	NZ_FKBS01000014.1	GCF_900078315.1
WP_235816829.1#98|Bordetella_ansorpii	492	+	+	0	-752	-261	78170	78661	WP_066410494.1#98	NZ_FKBS01000014.1	GCF_900078315.1
WP_235816829.1#98|Bordetella_ansorpii	312	+	+	87	1	312	78923	79234	WP_235816829.1#98	NZ_FKBS01000014.1	GCF_900078315.1
WP_235816829.1#98|Bordetella_ansorpii	432	+	+	1	327	758	79249	79680	WP_066413632.1#98	NZ_FKBS01000014.1	GCF_900078315.1
WP_235816829.1#98|Bordetella_ansorpii	909	+	-	4	760	1668	79682	80590	WP_066410496.1#98	NZ_FKBS01000014.1	GCF_900078315.1
WP_235816829.1#98|Bordetella_ansorpii	1098	+	+	0	1760	2857	80682	81779	WP_066410497.1#98	NZ_FKBS01000014.1	GCF_900078315.1
WP_235816829.1#98|Bordetella_ansorpii	990	+	+	5	2895	3884	81817	82806	WP_066410498.1#98	NZ_FKBS01000014.1	GCF_900078315.1



WP_300074984.1#131|Giesbergeria_sp_	402	+	+	89	-2624	-2223	88303	88704	pseudogene_131.9*#131	NZ_JAQUCA010000004.1	GCF_028686475.1
WP_300074984.1#131|Giesbergeria_sp_	1014	+	+	74	-2159	-1146	88768	89781	WP_300075249.1#131	NZ_JAQUCA010000004.1	GCF_028686475.1
WP_300074984.1#131|Giesbergeria_sp_	345	+	+	0	-1149	-805	89778	90122	WP_300074979.1#131	NZ_JAQUCA010000004.1	GCF_028686475.1
WP_300074984.1#131|Giesbergeria_sp_	780	+	+	74	-808	-29	90119	90898	WP_300074981.1#131	NZ_JAQUCA010000004.1	GCF_028686475.1
WP_300074984.1#131|Giesbergeria_sp_	294	+	+	87	1	294	90928	91221	WP_300074984.1#131	NZ_JAQUCA010000004.1	GCF_028686475.1
WP_300074984.1#131|Giesbergeria_sp_	432	+	+	1	307	738	91234	91665	WP_300074987.1#131	NZ_JAQUCA010000004.1	GCF_028686475.1
WP_300074984.1#131|Giesbergeria_sp_	618	+	-	0	773	1390	91700	92317	WP_300074990.1#131	NZ_JAQUCA010000004.1	GCF_028686475.1
WP_300074984.1#131|Giesbergeria_sp_	1035	+	+	0	1653	2687	92580	93614	WP_300074993.1#131	NZ_JAQUCA010000004.1	GCF_028686475.1
WP_300074984.1#131|Giesbergeria_sp_	291	+	+	0	2945	3235	93872	94162	WP_300074996.1#131	NZ_JAQUCA010000004.1	GCF_028686475.1



WP_240647972.1#55|Pararobbsia_silviterrae	1200	+	+	0	-4213	-3014	833406	834605	WP_121083547.1#55	NZ_RBZU01000001.1	GCF_003628125.1
WP_240647972.1#55|Pararobbsia_silviterrae	429	+	+	0	-3060	-2632	834559	834987	WP_121083549.1#55	NZ_RBZU01000001.1	GCF_003628125.1
WP_240647972.1#55|Pararobbsia_silviterrae	291	+	+	0	-2302	-2012	835317	835607	WP_121083551.1#55	NZ_RBZU01000001.1	GCF_003628125.1
WP_240647972.1#55|Pararobbsia_silviterrae	1641	+	+	0	-1912	-272	835707	837347	WP_121083553.1#55	NZ_RBZU01000001.1	GCF_003628125.1
WP_240647972.1#55|Pararobbsia_silviterrae	318	+	+	87	1	318	837620	837937	WP_240647972.1#55	NZ_RBZU01000001.1	GCF_003628125.1
WP_240647972.1#55|Pararobbsia_silviterrae	435	+	+	1	335	769	837954	838388	WP_121083557.1#55	NZ_RBZU01000001.1	GCF_003628125.1
WP_240647972.1#55|Pararobbsia_silviterrae	906	+	-	0	964	1869	838583	839488	WP_121083559.1#55	NZ_RBZU01000001.1	GCF_003628125.1
WP_240647972.1#55|Pararobbsia_silviterrae	171	+	+	0	2135	2305	839754	839924	WP_121083561.1#55	NZ_RBZU01000001.1	GCF_003628125.1
WP_240647972.1#55|Pararobbsia_silviterrae	1359	+	+	0	2343	3701	839962	841320	WP_121083563.1#55	NZ_RBZU01000001.1	GCF_003628125.1



WP_322094580.1#132|Paraburkholderia_bannensis	1092	-	+	0	-4370	-3279	165356	166447	WP_322094581.1#132	NZ_CAJMYT010000016.1	GCF_905220125.1
WP_322094580.1#132|Paraburkholderia_bannensis	189	-	-	0	-3245	-3057	165134	165322	WP_321843017.1#132	NZ_CAJMYT010000016.1	GCF_905220125.1
WP_322094580.1#132|Paraburkholderia_bannensis	708	-	-	0	-2902	-2195	164272	164979	WP_322071078.1#132	NZ_CAJMYT010000016.1	GCF_905220125.1
WP_322094580.1#132|Paraburkholderia_bannensis	1719	-	+	32	-1874	-156	162233	163951	WP_027817489.1#132	NZ_CAJMYT010000016.1	GCF_905220125.1
WP_322094580.1#132|Paraburkholderia_bannensis	318	-	+	87	1	318	161759	162076	WP_322094580.1#132	NZ_CAJMYT010000016.1	GCF_905220125.1
WP_322094580.1#132|Paraburkholderia_bannensis	432	-	+	1	328	759	161318	161749	WP_322094579.1#132	NZ_CAJMYT010000016.1	GCF_905220125.1
WP_322094580.1#132|Paraburkholderia_bannensis	1008	-	+	79	994	2001	160076	161083	WP_322094578.1#132	NZ_CAJMYT010000016.1	GCF_905220125.1
WP_322094580.1#132|Paraburkholderia_bannensis	85	-	-	88	2463	2547	159530	159614	tRNA_132.8*#132	NZ_CAJMYT010000016.1	GCF_905220125.1
WP_322094580.1#132|Paraburkholderia_bannensis	1386	-	-	0	2630	4015	158062	159447	WP_322094577.1#132	NZ_CAJMYT010000016.1	GCF_905220125.1



WP_277427829.1#79|Trinickia_sp__Y13	1899	-	+	7	-5017	-3119	106581	108479	WP_277427832.1#79	NZ_JAKWFK010000003.1	GCF_029522115.1
WP_277427829.1#79|Trinickia_sp__Y13	1317	-	-	0	-3093	-1777	105239	106555	WP_277428183.1#79	NZ_JAKWFK010000003.1	GCF_029522115.1
WP_277427829.1#79|Trinickia_sp__Y13	1170	-	-	0	-1370	-201	103663	104832	WP_277427831.1#79	NZ_JAKWFK010000003.1	GCF_029522115.1
WP_277427829.1#79|Trinickia_sp__Y13	126	-	-	0	-149	-24	103486	103611	WP_277427830.1#79	NZ_JAKWFK010000003.1	GCF_029522115.1
WP_277427829.1#79|Trinickia_sp__Y13	321	-	+	87	1	321	103141	103461	WP_277427829.1#79	NZ_JAKWFK010000003.1	GCF_029522115.1
WP_277427829.1#79|Trinickia_sp__Y13	435	-	+	1	336	770	102692	103126	WP_277427828.1#79	NZ_JAKWFK010000003.1	GCF_029522115.1
WP_277427829.1#79|Trinickia_sp__Y13	1158	-	-	0	824	1981	101481	102638	WP_277427827.1#79	NZ_JAKWFK010000003.1	GCF_029522115.1
WP_277427829.1#79|Trinickia_sp__Y13	666	-	+	9	2022	2687	100775	101440	WP_277427826.1#79	NZ_JAKWFK010000003.1	GCF_029522115.1
WP_277427829.1#79|Trinickia_sp__Y13	495	-	+	0	2960	3454	100008	100502	WP_277427825.1#79	NZ_JAKWFK010000003.1	GCF_029522115.1



WP_245753122.1#27|Paraburkholderia_sartisoli	1119	-	-	0	-4814	-3696	1258209	1259327	WP_090530127.1#27	NZ_FNRQ01000001.1	GCF_900107685.1
WP_245753122.1#27|Paraburkholderia_sartisoli	309	-	-	0	-3565	-3257	1257770	1258078	WP_090530124.1#27	NZ_FNRQ01000001.1	GCF_900107685.1
WP_245753122.1#27|Paraburkholderia_sartisoli	1107	-	+	0	-2983	-1877	1256390	1257496	WP_090530121.1#27	NZ_FNRQ01000001.1	GCF_900107685.1
WP_245753122.1#27|Paraburkholderia_sartisoli	1575	-	+	0	-1733	-159	1254672	1256246	WP_407670975.1#27	NZ_FNRQ01000001.1	GCF_900107685.1
WP_245753122.1#27|Paraburkholderia_sartisoli	315	-	+	87	1	315	1254198	1254512	WP_245753122.1#27	NZ_FNRQ01000001.1	GCF_900107685.1
WP_245753122.1#27|Paraburkholderia_sartisoli	444	-	+	1	325	768	1253745	1254188	WP_090530115.1#27	NZ_FNRQ01000001.1	GCF_900107685.1
WP_245753122.1#27|Paraburkholderia_sartisoli	777	-	-	8	900	1676	1252837	1253613	WP_090530112.1#27	NZ_FNRQ01000001.1	GCF_900107685.1
WP_245753122.1#27|Paraburkholderia_sartisoli	1023	-	-	13	1673	2695	1251818	1252840	WP_090530109.1#27	NZ_FNRQ01000001.1	GCF_900107685.1
WP_245753122.1#27|Paraburkholderia_sartisoli	489	-	-	0	2735	3223	1251290	1251778	WP_090530106.1#27	NZ_FNRQ01000001.1	GCF_900107685.1



WP_301952061.1#88|Burkholderia_sp__S171	174	+	+	20	-1449	-1276	336650	336823	WP_158936534.1#88	NZ_LMUF01000030.1	GCF_009766085.1
WP_301952061.1#88|Burkholderia_sp__S171	192	+	+	20	-1155	-964	336944	337135	WP_158936535.1#88	NZ_LMUF01000030.1	GCF_009766085.1
WP_301952061.1#88|Burkholderia_sp__S171	177	+	+	20	-784	-608	337315	337491	WP_158936536.1#88	NZ_LMUF01000030.1	GCF_009766085.1
WP_301952061.1#88|Burkholderia_sp__S171	261	+	-	0	-506	-246	337593	337853	WP_158936537.1#88	NZ_LMUF01000030.1	GCF_009766085.1
WP_301952061.1#88|Burkholderia_sp__S171	315	+	+	87	1	315	338100	338414	WP_301952061.1#88	NZ_LMUF01000030.1	GCF_009766085.1
WP_301952061.1#88|Burkholderia_sp__S171	435	+	+	1	324	758	338423	338857	WP_158936538.1#88	NZ_LMUF01000030.1	GCF_009766085.1
WP_301952061.1#88|Burkholderia_sp__S171	75	+	-	88	916	990	339015	339089	tRNA_88.9*#88	NZ_LMUF01000030.1	GCF_009766085.1
WP_301952061.1#88|Burkholderia_sp__S171	1200	+	-	7	1465	2664	339564	340763	WP_158936539.1#88	NZ_LMUF01000030.1	GCF_009766085.1
WP_301952061.1#88|Burkholderia_sp__S171	285	+	-	0	3118	3402	341217	341501	WP_158936540.1#88	NZ_LMUF01000030.1	GCF_009766085.1



WP_245964972.1#74|Trinickia_dinghuensis	639	-	-	0	-7877	-7239	36012	36650	WP_115535611.1#74	NZ_QRGA01000012.1	GCF_003367175.1
WP_245964972.1#74|Trinickia_dinghuensis	1446	-	-	67	-6977	-5532	34305	35750	WP_115535610.1#74	NZ_QRGA01000012.1	GCF_003367175.1
WP_245964972.1#74|Trinickia_dinghuensis	1122	-	-	0	-4794	-3673	32446	33567	WP_115535609.1#74	NZ_QRGA01000012.1	GCF_003367175.1
WP_245964972.1#74|Trinickia_dinghuensis	2928	-	-	0	-3676	-749	29522	32449	WP_115535608.1#74	NZ_QRGA01000012.1	GCF_003367175.1
WP_245964972.1#74|Trinickia_dinghuensis	315	-	+	87	1	315	28458	28772	WP_245964972.1#74	NZ_QRGA01000012.1	GCF_003367175.1
WP_245964972.1#74|Trinickia_dinghuensis	432	-	+	1	328	759	28014	28445	WP_115535606.1#74	NZ_QRGA01000012.1	GCF_003367175.1
WP_245964972.1#74|Trinickia_dinghuensis	651	-	-	89	1217	1867	26906	27556	pseudogene_74.9*#74	NZ_QRGA01000012.1	GCF_003367175.1
WP_245964972.1#74|Trinickia_dinghuensis	318	-	+	0	2016	2333	26440	26757	WP_281272662.1#74	NZ_QRGA01000012.1	GCF_003367175.1
WP_245964972.1#74|Trinickia_dinghuensis	1059	-	+	0	2459	3517	25256	26314	WP_115535604.1#74	NZ_QRGA01000012.1	GCF_003367175.1



