WP_013009983.1#186|Denitrovibrio_acetiphilus_DSM_12809	2457	-	+	0	-6675	-4219	662719	665175	WP_013009988.1#186	NC_013943.1	GCF_000025725.1
WP_013009983.1#186|Denitrovibrio_acetiphilus_DSM_12809	939	-	+	127	-3579	-2641	661141	662079	pseudogene_186.6*#186	NC_013943.1	GCF_000025725.1
WP_013009983.1#186|Denitrovibrio_acetiphilus_DSM_12809	1181	-	-	12	-2609	-1429	659929	661109	WP_430640267.1#186	NC_013943.1	GCF_000025725.1
WP_013009983.1#186|Denitrovibrio_acetiphilus_DSM_12809	1365	-	-	0	-1469	-105	658605	659969	WP_013009984.1#186	NC_013943.1	GCF_000025725.1
WP_013009983.1#186|Denitrovibrio_acetiphilus_DSM_12809	321	-	+	125	1	321	658179	658499	WP_013009983.1#186	NC_013943.1	GCF_000025725.1
WP_013009983.1#186|Denitrovibrio_acetiphilus_DSM_12809	309	-	+	1	308	616	657884	658192	WP_013009982.1#186	NC_013943.1	GCF_000025725.1
WP_013009983.1#186|Denitrovibrio_acetiphilus_DSM_12809	387	-	-	0	624	1010	657490	657876	WP_013009981.1#186	NC_013943.1	GCF_000025725.1
WP_013009983.1#186|Denitrovibrio_acetiphilus_DSM_12809	1094	-	-	12	1125	2218	656282	657375	WP_148214139.1#186	NC_013943.1	GCF_000025725.1
WP_013009983.1#186|Denitrovibrio_acetiphilus_DSM_12809	201	-	+	0	2299	2499	656001	656201	WP_041229841.1#186	NC_013943.1	GCF_000025725.1



WP_014956779.1#63|Desulfobacula_toluolica_Tol2	591	+	-	0	-2334	-1744	1498803	1499393	WP_014956777.1#63	NC_018645.1	GCF_000307105.1
WP_014956779.1#63|Desulfobacula_toluolica_Tol2	195	+	-	0	-1670	-1476	1499467	1499661	WP_041279330.1#63	NC_018645.1	GCF_000307105.1
WP_014956779.1#63|Desulfobacula_toluolica_Tol2	933	+	-	0	-1391	-459	1499746	1500678	WP_014956778.1#63	NC_018645.1	GCF_000307105.1
WP_014956779.1#63|Desulfobacula_toluolica_Tol2	390	+	-	0	-449	-60	1500688	1501077	WP_051012300.1#63	NC_018645.1	GCF_000307105.1
WP_014956779.1#63|Desulfobacula_toluolica_Tol2	333	+	+	125	1	333	1501138	1501470	WP_014956779.1#63	NC_018645.1	GCF_000307105.1
WP_014956779.1#63|Desulfobacula_toluolica_Tol2	300	+	+	1	330	629	1501467	1501766	WP_232508085.1#63	NC_018645.1	GCF_000307105.1
WP_014956779.1#63|Desulfobacula_toluolica_Tol2	279	+	+	1	708	986	1501845	1502123	WP_014956781.1#63	NC_018645.1	GCF_000307105.1
WP_014956779.1#63|Desulfobacula_toluolica_Tol2	273	+	+	1	988	1260	1502125	1502397	WP_014956782.1#63	NC_018645.1	GCF_000307105.1
WP_014956779.1#63|Desulfobacula_toluolica_Tol2	1122	+	-	20	1385	2506	1502522	1503643	WP_014956783.1#63	NC_018645.1	GCF_000307105.1



WP_017327692.1#139|Synechococcus_sp__PCC_7336	1119	+	-	0	-4217	-3099	4188178	4189296	WP_017327689.1#139	NZ_CM001776.1	GCF_000332275.1
WP_017327692.1#139|Synechococcus_sp__PCC_7336	1182	+	-	0	-2997	-1816	4189398	4190579	WP_017327690.1#139	NZ_CM001776.1	GCF_000332275.1
WP_017327692.1#139|Synechococcus_sp__PCC_7336	906	+	-	0	-1607	-702	4190788	4191693	WP_227498547.1#139	NZ_CM001776.1	GCF_000332275.1
WP_017327692.1#139|Synechococcus_sp__PCC_7336	303	+	-	0	-475	-173	4191920	4192222	WP_156820243.1#139	NZ_CM001776.1	GCF_000332275.1
WP_017327692.1#139|Synechococcus_sp__PCC_7336	339	+	+	125	1	339	4192396	4192734	WP_017327692.1#139	NZ_CM001776.1	GCF_000332275.1
WP_017327692.1#139|Synechococcus_sp__PCC_7336	312	+	+	1	332	643	4192727	4193038	WP_017327693.1#139	NZ_CM001776.1	GCF_000332275.1
WP_017327692.1#139|Synechococcus_sp__PCC_7336	813	+	-	0	1424	2236	4193819	4194631	WP_026101172.1#139	NZ_CM001776.1	GCF_000332275.1
WP_017327692.1#139|Synechococcus_sp__PCC_7336	330	+	+	0	2706	3035	4195101	4195430	WP_017327695.1#139	NZ_CM001776.1	GCF_000332275.1
WP_017327692.1#139|Synechococcus_sp__PCC_7336	375	+	+	0	3219	3593	4195614	4195988	WP_227498548.1#139	NZ_CM001776.1	GCF_000332275.1



WP_200389331.1#95|Thiocapsa_imhoffii	1905	+	+	0	-4338	-2434	57311	59215	WP_200389327.1#95	NZ_NRSD01000026.1	GCF_016583985.1
WP_200389331.1#95|Thiocapsa_imhoffii	789	+	-	127	-1973	-1185	59676	60464	pseudogene_95.9*#95	NZ_NRSD01000026.1	GCF_016583985.1
WP_200389331.1#95|Thiocapsa_imhoffii	180	+	+	0	-889	-710	60760	60939	WP_242467714.1#95	NZ_NRSD01000026.1	GCF_016583985.1
WP_200389331.1#95|Thiocapsa_imhoffii	309	+	+	49	-538	-230	61111	61419	WP_443080763.1#95	NZ_NRSD01000026.1	GCF_016583985.1
WP_200389331.1#95|Thiocapsa_imhoffii	330	+	+	125	1	330	61650	61979	WP_200389331.1#95	NZ_NRSD01000026.1	GCF_016583985.1
WP_200389331.1#95|Thiocapsa_imhoffii	324	+	+	1	335	658	61984	62307	WP_200389332.1#95	NZ_NRSD01000026.1	GCF_016583985.1
WP_200389331.1#95|Thiocapsa_imhoffii	177	+	+	0	816	992	62465	62641	WP_200389333.1#95	NZ_NRSD01000026.1	GCF_016583985.1
WP_200389331.1#95|Thiocapsa_imhoffii	321	+	-	0	1359	1679	63008	63328	WP_200389334.1#95	NZ_NRSD01000026.1	GCF_016583985.1



WP_169071159.1#165|Candidatus_Accumulibacter_contiguus	1089	-	-	0	-4396	-3308	2019953	2021041	WP_169071160.1#165	NZ_JAZKUC010000001.1	GCF_036625285.1
WP_169071159.1#165|Candidatus_Accumulibacter_contiguus	1368	-	-	76	-3244	-1877	2018522	2019889	WP_034919789.1#165	NZ_JAZKUC010000001.1	GCF_036625285.1
WP_169071159.1#165|Candidatus_Accumulibacter_contiguus	225	-	+	0	-1722	-1498	2018143	2018367	WP_034919791.1#165	NZ_JAZKUC010000001.1	GCF_036625285.1
WP_169071159.1#165|Candidatus_Accumulibacter_contiguus	1275	-	+	127	-1305	-31	2016676	2017950	pseudogene_165.0*#165	NZ_JAZKUC010000001.1	GCF_036625285.1
WP_169071159.1#165|Candidatus_Accumulibacter_contiguus	342	-	+	125	1	342	2016303	2016644	WP_169071159.1#165	NZ_JAZKUC010000001.1	GCF_036625285.1
WP_169071159.1#165|Candidatus_Accumulibacter_contiguus	315	-	+	1	339	653	2015992	2016306	WP_169071158.1#165	NZ_JAZKUC010000001.1	GCF_036625285.1
WP_169071159.1#165|Candidatus_Accumulibacter_contiguus	1440	-	-	0	1113	2552	2014093	2015532	WP_169072211.1#165	NZ_JAZKUC010000001.1	GCF_036625285.1
WP_169071159.1#165|Candidatus_Accumulibacter_contiguus	222	-	+	0	2854	3075	2013570	2013791	WP_248594609.1#165	NZ_JAZKUC010000001.1	GCF_036625285.1
WP_169071159.1#165|Candidatus_Accumulibacter_contiguus	954	-	+	0	3072	4025	2012620	2013573	WP_332352159.1#165	NZ_JAZKUC010000001.1	GCF_036625285.1



WP_132963683.1#66|Tepidimonas_ignava	1260	+	+	3	-2227	-968	6020	7279	WP_341539531.1#66	NZ_VJNC01000026.1	GCF_007556615.1
WP_132963683.1#66|Tepidimonas_ignava	279	+	+	60	-935	-657	7312	7590	WP_132963681.1#66	NZ_VJNC01000026.1	GCF_007556615.1
WP_132963683.1#66|Tepidimonas_ignava	294	+	+	61	-639	-346	7608	7901	WP_132963682.1#66	NZ_VJNC01000026.1	GCF_007556615.1
WP_132963683.1#66|Tepidimonas_ignava	300	+	+	1	-349	-50	7898	8197	WP_243646593.1#66	NZ_VJNC01000026.1	GCF_007556615.1
WP_132963683.1#66|Tepidimonas_ignava	327	+	+	125	1	327	8248	8574	WP_132963683.1#66	NZ_VJNC01000026.1	GCF_007556615.1
WP_132963683.1#66|Tepidimonas_ignava	327	+	+	1	324	650	8571	8897	WP_132963684.1#66	NZ_VJNC01000026.1	GCF_007556615.1
WP_132963683.1#66|Tepidimonas_ignava	279	+	+	60	694	972	8941	9219	WP_132963685.1#66	NZ_VJNC01000026.1	GCF_007556615.1
WP_132963683.1#66|Tepidimonas_ignava	303	+	+	61	984	1286	9231	9533	WP_132963686.1#66	NZ_VJNC01000026.1	GCF_007556615.1
WP_132963683.1#66|Tepidimonas_ignava	213	+	+	0	1315	1527	9562	9774	WP_132963687.1#66	NZ_VJNC01000026.1	GCF_007556615.1



WP_112487839.1#38|Thiomonas_sp__X19	3426	-	+	0	-7145	-3720	4394723	4398148	WP_158540976.1#38	NZ_LT605203.1	GCF_900089495.1
WP_112487839.1#38|Thiomonas_sp__X19	1164	-	+	0	-3515	-2352	4393355	4394518	WP_112488546.1#38	NZ_LT605203.1	GCF_900089495.1
WP_112487839.1#38|Thiomonas_sp__X19	357	-	+	0	-1915	-1559	4392562	4392918	WP_112487840.1#38	NZ_LT605203.1	GCF_900089495.1
WP_112487839.1#38|Thiomonas_sp__X19	1410	-	+	3	-1438	-29	4391032	4392441	WP_371412975.1#38	NZ_LT605203.1	GCF_900089495.1
WP_112487839.1#38|Thiomonas_sp__X19	327	-	+	125	1	327	4390676	4391002	WP_112487839.1#38	NZ_LT605203.1	GCF_900089495.1
WP_112487839.1#38|Thiomonas_sp__X19	309	-	+	1	324	632	4390371	4390679	WP_112487838.1#38	NZ_LT605203.1	GCF_900089495.1
WP_112487839.1#38|Thiomonas_sp__X19	339	-	+	1	629	967	4390036	4390374	WP_233224673.1#38	NZ_LT605203.1	GCF_900089495.1
WP_112487839.1#38|Thiomonas_sp__X19	1374	-	+	0	1068	2441	4388562	4389935	WP_112487837.1#38	NZ_LT605203.1	GCF_900089495.1
WP_112487839.1#38|Thiomonas_sp__X19	222	-	+	0	2568	2789	4388214	4388435	WP_112487836.1#38	NZ_LT605203.1	GCF_900089495.1



WP_264569513.1#112|Rhodoferax_antarcticus	2178	+	+	73	-3513	-1336	8219	10396	WP_264569509.1#112	NZ_JAOQNV010000044.1	GCF_025961535.1
WP_264569513.1#112|Rhodoferax_antarcticus	153	+	+	0	-1296	-1144	10436	10588	WP_406681893.1#112	NZ_JAOQNV010000044.1	GCF_025961535.1
WP_264569513.1#112|Rhodoferax_antarcticus	237	+	+	0	-830	-594	10902	11138	WP_264569511.1#112	NZ_JAOQNV010000044.1	GCF_025961535.1
WP_264569513.1#112|Rhodoferax_antarcticus	411	+	+	0	-590	-180	11142	11552	WP_264569512.1#112	NZ_JAOQNV010000044.1	GCF_025961535.1
WP_264569513.1#112|Rhodoferax_antarcticus	327	+	+	125	1	327	11733	12059	WP_264569513.1#112	NZ_JAOQNV010000044.1	GCF_025961535.1
WP_264569513.1#112|Rhodoferax_antarcticus	291	+	+	1	324	614	12056	12346	WP_264569514.1#112	NZ_JAOQNV010000044.1	GCF_025961535.1
WP_264569513.1#112|Rhodoferax_antarcticus	531	+	+	73	778	1308	12510	13040	WP_264569515.1#112	NZ_JAOQNV010000044.1	GCF_025961535.1



WP_006509578.1#2|Xenococcus_sp__PCC_7305	408	+	+	0	-1269	-862	22267	22674	WP_006509576.1#2	NZ_ALVZ01000167.1	GCF_000332055.1
WP_006509578.1#2|Xenococcus_sp__PCC_7305	80	+	+	126	-754	-675	22782	22861	tRNA_2.6*#2	NZ_ALVZ01000167.1	GCF_000332055.1
WP_006509578.1#2|Xenococcus_sp__PCC_7305	291	+	-	21	-562	-272	22974	23264	WP_083889366.1#2	NZ_ALVZ01000167.1	GCF_000332055.1
WP_006509578.1#2|Xenococcus_sp__PCC_7305	213	+	+	0	-256	-44	23280	23492	WP_006509577.1#2	NZ_ALVZ01000167.1	GCF_000332055.1
WP_006509578.1#2|Xenococcus_sp__PCC_7305	339	+	+	125	1	339	23537	23875	WP_006509578.1#2	NZ_ALVZ01000167.1	GCF_000332055.1
WP_006509578.1#2|Xenococcus_sp__PCC_7305	294	+	+	1	332	625	23868	24161	WP_006509579.1#2	NZ_ALVZ01000167.1	GCF_000332055.1
WP_006509578.1#2|Xenococcus_sp__PCC_7305	2466	+	-	10	630	3095	24166	26631	WP_006509580.1#2	NZ_ALVZ01000167.1	GCF_000332055.1
WP_006509578.1#2|Xenococcus_sp__PCC_7305	777	+	+	40	3202	3978	26738	27514	WP_006509581.1#2	NZ_ALVZ01000167.1	GCF_000332055.1
WP_006509578.1#2|Xenococcus_sp__PCC_7305	1305	+	+	91	4010	5314	27546	28850	WP_006509582.1#2	NZ_ALVZ01000167.1	GCF_000332055.1



WP_249065131.1#123|Argonema_antarcticum_A004_B2	132	+	+	0	-1394	-1263	30543	30674	WP_420839061.1#123	NZ_CAWQZR010000164.1	GCF_963898615.1
WP_249065131.1#123|Argonema_antarcticum_A004_B2	327	+	+	1	-1081	-755	30856	31182	WP_249065128.1#123	NZ_CAWQZR010000164.1	GCF_963898615.1
WP_249065131.1#123|Argonema_antarcticum_A004_B2	339	+	+	0	-695	-357	31242	31580	WP_249065129.1#123	NZ_CAWQZR010000164.1	GCF_963898615.1
WP_249065131.1#123|Argonema_antarcticum_A004_B2	306	+	+	1	-364	-59	31573	31878	WP_249065130.1#123	NZ_CAWQZR010000164.1	GCF_963898615.1
WP_249065131.1#123|Argonema_antarcticum_A004_B2	345	+	+	125	1	345	31938	32282	WP_249065131.1#123	NZ_CAWQZR010000164.1	GCF_963898615.1
WP_249065131.1#123|Argonema_antarcticum_A004_B2	324	+	+	1	317	640	32254	32577	WP_249065132.1#123	NZ_CAWQZR010000164.1	GCF_963898615.1
WP_249065131.1#123|Argonema_antarcticum_A004_B2	621	+	-	0	664	1284	32601	33221	WP_249065133.1#123	NZ_CAWQZR010000164.1	GCF_963898615.1
WP_249065131.1#123|Argonema_antarcticum_A004_B2	789	+	-	0	1402	2190	33339	34127	WP_249065134.1#123	NZ_CAWQZR010000164.1	GCF_963898615.1
WP_249065131.1#123|Argonema_antarcticum_A004_B2	1260	+	-	0	2347	3606	34284	35543	WP_275993603.1#123	NZ_CAWQZR010000164.1	GCF_963898615.1



WP_017746370.1#188|Scytonema_hofmannii_PCC_7110	990	+	-	30	-3314	-2325	4423193	4424182	WP_017746367.1#188	NZ_KQ976354.1	GCF_000346485.2
WP_017746370.1#188|Scytonema_hofmannii_PCC_7110	108	+	-	29	-2176	-2069	4424331	4424438	WP_009459657.1#188	NZ_KQ976354.1	GCF_000346485.2
WP_017746370.1#188|Scytonema_hofmannii_PCC_7110	1041	+	+	28	-1884	-844	4424623	4425663	WP_017746368.1#188	NZ_KQ976354.1	GCF_000346485.2
WP_017746370.1#188|Scytonema_hofmannii_PCC_7110	531	+	+	0	-670	-140	4425837	4426367	WP_017746369.1#188	NZ_KQ976354.1	GCF_000346485.2
WP_017746370.1#188|Scytonema_hofmannii_PCC_7110	339	+	+	125	1	339	4426508	4426846	WP_017746370.1#188	NZ_KQ976354.1	GCF_000346485.2
WP_017746370.1#188|Scytonema_hofmannii_PCC_7110	297	+	+	1	332	628	4426839	4427135	WP_017746371.1#188	NZ_KQ976354.1	GCF_000346485.2
WP_017746370.1#188|Scytonema_hofmannii_PCC_7110	2277	+	-	0	634	2910	4427141	4429417	WP_017746372.1#188	NZ_KQ976354.1	GCF_000346485.2
WP_017746370.1#188|Scytonema_hofmannii_PCC_7110	450	+	+	0	3155	3604	4429662	4430111	WP_017746373.1#188	NZ_KQ976354.1	GCF_000346485.2
WP_017746370.1#188|Scytonema_hofmannii_PCC_7110	624	+	-	0	3854	4477	4430361	4430984	WP_017746374.1#188	NZ_KQ976354.1	GCF_000346485.2



WP_190837263.1#158|Iningainema_tapete_BLCC_T55	918	-	-	66	-3603	-2686	23705	24622	WP_190837271.1#158	NZ_JACXAE010000119.1	GCF_014698965.1
WP_190837263.1#158|Iningainema_tapete_BLCC_T55	984	-	-	30	-2529	-1546	22565	23548	WP_190837269.1#158	NZ_JACXAE010000119.1	GCF_014698965.1
WP_190837263.1#158|Iningainema_tapete_BLCC_T55	108	-	-	29	-1370	-1263	22282	22389	WP_190837267.1#158	NZ_JACXAE010000119.1	GCF_014698965.1
WP_190837263.1#158|Iningainema_tapete_BLCC_T55	1047	-	+	28	-1067	-21	21040	22086	WP_190837265.1#158	NZ_JACXAE010000119.1	GCF_014698965.1
WP_190837263.1#158|Iningainema_tapete_BLCC_T55	339	-	+	125	1	339	20680	21018	WP_190837263.1#158	NZ_JACXAE010000119.1	GCF_014698965.1
WP_190837263.1#158|Iningainema_tapete_BLCC_T55	294	-	+	1	329	622	20397	20690	WP_190837261.1#158	NZ_JACXAE010000119.1	GCF_014698965.1
WP_190837263.1#158|Iningainema_tapete_BLCC_T55	621	-	-	24	713	1333	19686	20306	WP_190837259.1#158	NZ_JACXAE010000119.1	GCF_014698965.1
WP_190837263.1#158|Iningainema_tapete_BLCC_T55	318	-	-	0	1369	1686	19333	19650	WP_190837257.1#158	NZ_JACXAE010000119.1	GCF_014698965.1
WP_190837263.1#158|Iningainema_tapete_BLCC_T55	312	-	+	0	2074	2385	18634	18945	WP_190837255.1#158	NZ_JACXAE010000119.1	GCF_014698965.1



WP_168695133.1#19|Dolichospermum_flos_aquae_CCAP_1403_13F	918	-	-	66	-3836	-2919	959834	960751	WP_168634546.1#19	NZ_CP051206.1	GCF_012516395.1
WP_168695133.1#19|Dolichospermum_flos_aquae_CCAP_1403_13F	1002	-	-	30	-2835	-1834	958749	959750	WP_015078783.1#19	NZ_CP051206.1	GCF_012516395.1
WP_168695133.1#19|Dolichospermum_flos_aquae_CCAP_1403_13F	105	-	-	29	-1624	-1520	958435	958539	WP_015078782.1#19	NZ_CP051206.1	GCF_012516395.1
WP_168695133.1#19|Dolichospermum_flos_aquae_CCAP_1403_13F	1044	-	+	28	-1121	-78	956993	958036	WP_168695134.1#19	NZ_CP051206.1	GCF_012516395.1
WP_168695133.1#19|Dolichospermum_flos_aquae_CCAP_1403_13F	339	-	+	125	1	339	956576	956914	WP_168695133.1#19	NZ_CP051206.1	GCF_012516395.1
WP_168695133.1#19|Dolichospermum_flos_aquae_CCAP_1403_13F	297	-	+	1	332	628	956287	956583	WP_168634540.1#19	NZ_CP051206.1	GCF_012516395.1
WP_168695133.1#19|Dolichospermum_flos_aquae_CCAP_1403_13F	876	-	-	0	639	1514	955401	956276	WP_233467044.1#19	NZ_CP051206.1	GCF_012516395.1
WP_168695133.1#19|Dolichospermum_flos_aquae_CCAP_1403_13F	717	-	-	6	1667	2383	954532	955248	WP_168634538.1#19	NZ_CP051206.1	GCF_012516395.1
WP_168695133.1#19|Dolichospermum_flos_aquae_CCAP_1403_13F	1119	-	-	0	2638	3756	953159	954277	WP_210967724.1#19	NZ_CP051206.1	GCF_012516395.1



WP_027492981.1#159|Rhodanobacter_sp__OR444	1278	-	+	0	-6570	-5293	6819	8096	WP_027492983.1#159	NZ_KE386523.1	GCF_000427505.1
WP_027492981.1#159|Rhodanobacter_sp__OR444	3726	-	+	0	-5171	-1446	2972	6697	WP_027492982.1#159	NZ_KE386523.1	GCF_000427505.1
WP_027492981.1#159|Rhodanobacter_sp__OR444	189	-	-	0	-1196	-1008	2534	2722	WP_051257581.1#159	NZ_KE386523.1	GCF_000427505.1
WP_027492981.1#159|Rhodanobacter_sp__OR444	858	-	+	3	-940	-83	1609	2466	WP_185754648.1#159	NZ_KE386523.1	GCF_000427505.1
WP_027492981.1#159|Rhodanobacter_sp__OR444	357	-	+	125	1	357	1169	1525	WP_027492981.1#159	NZ_KE386523.1	GCF_000427505.1
WP_027492981.1#159|Rhodanobacter_sp__OR444	294	-	+	1	350	643	883	1176	WP_027492980.1#159	NZ_KE386523.1	GCF_000427505.1
WP_027492981.1#159|Rhodanobacter_sp__OR444	375	-	+	0	777	1151	375	749	WP_185754647.1#159	NZ_KE386523.1	GCF_000427505.1
WP_027492981.1#159|Rhodanobacter_sp__OR444	219	-	-	0	1198	1416	110	328	WP_027492979.1#159	NZ_KE386523.1	GCF_000427505.1



WP_020158530.1#78|Methylobacter_marinus_A45	426	-	-	0	-4746	-4321	1726775	1727200	WP_020158534.1#78	NZ_KB912877.1	GCF_000383855.1
WP_020158530.1#78|Methylobacter_marinus_A45	639	-	-	0	-4236	-3598	1726052	1726690	WP_020158533.1#78	NZ_KB912877.1	GCF_000383855.1
WP_020158530.1#78|Methylobacter_marinus_A45	405	-	-	0	-3354	-2950	1725404	1725808	WP_020158532.1#78	NZ_KB912877.1	GCF_000383855.1
WP_020158530.1#78|Methylobacter_marinus_A45	2157	-	-	0	-2509	-353	1722807	1724963	WP_020158531.1#78	NZ_KB912877.1	GCF_000383855.1
WP_020158530.1#78|Methylobacter_marinus_A45	345	-	+	125	1	345	1722109	1722453	WP_020158530.1#78	NZ_KB912877.1	GCF_000383855.1
WP_020158530.1#78|Methylobacter_marinus_A45	303	-	+	1	342	644	1721810	1722112	WP_020158529.1#78	NZ_KB912877.1	GCF_000383855.1
WP_020158530.1#78|Methylobacter_marinus_A45	459	-	-	0	792	1250	1721204	1721662	WP_020158528.1#78	NZ_KB912877.1	GCF_000383855.1
WP_020158530.1#78|Methylobacter_marinus_A45	189	-	-	0	1425	1613	1720841	1721029	WP_020158527.1#78	NZ_KB912877.1	GCF_000383855.1
WP_020158530.1#78|Methylobacter_marinus_A45	180	-	-	0	1648	1827	1720627	1720806	WP_040590450.1#78	NZ_KB912877.1	GCF_000383855.1



WP_014957557.1#152|Desulfobacula_toluolica_Tol2	399	+	+	0	-2804	-2406	2424209	2424607	WP_014957554.1#152	NC_018645.1	GCF_000307105.1
WP_014957557.1#152|Desulfobacula_toluolica_Tol2	150	+	+	127	-2388	-2239	2424625	2424774	pseudogene_152.9*#152	NC_018645.1	GCF_000307105.1
WP_014957557.1#152|Desulfobacula_toluolica_Tol2	252	+	+	0	-2303	-2052	2424710	2424961	WP_408605416.1#152	NC_018645.1	GCF_000307105.1
WP_014957557.1#152|Desulfobacula_toluolica_Tol2	1623	+	+	0	-1895	-273	2425118	2426740	WP_014957556.1#152	NC_018645.1	GCF_000307105.1
WP_014957557.1#152|Desulfobacula_toluolica_Tol2	354	+	+	125	1	354	2427014	2427367	WP_014957557.1#152	NC_018645.1	GCF_000307105.1
WP_014957557.1#152|Desulfobacula_toluolica_Tol2	279	+	+	1	347	625	2427360	2427638	WP_014957558.1#152	NC_018645.1	GCF_000307105.1
WP_014957557.1#152|Desulfobacula_toluolica_Tol2	1206	+	-	19	724	1929	2427737	2428942	WP_014957559.1#152	NC_018645.1	GCF_000307105.1
WP_014957557.1#152|Desulfobacula_toluolica_Tol2	321	+	+	0	2028	2348	2429041	2429361	WP_014956142.1#152	NC_018645.1	GCF_000307105.1
WP_014957557.1#152|Desulfobacula_toluolica_Tol2	348	+	+	0	2345	2692	2429358	2429705	WP_014956143.1#152	NC_018645.1	GCF_000307105.1



WP_255758861.1#45|Neorhizobium_galegae	957	+	+	0	-2754	-1798	90795	91751	WP_038584276.1#45	NZ_JANFGR010000001.1	GCF_024384645.1
WP_255758861.1#45|Neorhizobium_galegae	141	+	+	0	-1801	-1661	91748	91888	WP_162182788.1#45	NZ_JANFGR010000001.1	GCF_024384645.1
WP_255758861.1#45|Neorhizobium_galegae	636	+	+	0	-1650	-1015	91899	92534	WP_255758859.1#45	NZ_JANFGR010000001.1	GCF_024384645.1
WP_255758861.1#45|Neorhizobium_galegae	876	+	+	0	-963	-88	92586	93461	WP_038584277.1#45	NZ_JANFGR010000001.1	GCF_024384645.1
WP_255758861.1#45|Neorhizobium_galegae	351	+	+	125	1	351	93550	93900	WP_255758861.1#45	NZ_JANFGR010000001.1	GCF_024384645.1
WP_255758861.1#45|Neorhizobium_galegae	294	+	+	1	348	641	93897	94190	WP_038540641.1#45	NZ_JANFGR010000001.1	GCF_024384645.1
WP_255758861.1#45|Neorhizobium_galegae	708	+	+	0	693	1400	94242	94949	WP_255759147.1#45	NZ_JANFGR010000001.1	GCF_024384645.1
WP_255758861.1#45|Neorhizobium_galegae	366	+	+	0	1469	1834	95018	95383	WP_038584284.1#45	NZ_JANFGR010000001.1	GCF_024384645.1
WP_255758861.1#45|Neorhizobium_galegae	1017	+	+	0	1839	2855	95388	96404	WP_151041285.1#45	NZ_JANFGR010000001.1	GCF_024384645.1



WP_190455945.1#94|Cylindrospermum_sp__FACHB_282	753	+	+	0	-3746	-2994	69714	70466	WP_190455940.1#94	NZ_JACJRJ010000007.1	GCF_014697195.1
WP_190455945.1#94|Cylindrospermum_sp__FACHB_282	1554	+	+	0	-2602	-1049	70858	72411	WP_190455941.1#94	NZ_JACJRJ010000007.1	GCF_014697195.1
WP_190455945.1#94|Cylindrospermum_sp__FACHB_282	225	+	+	0	-643	-419	72817	73041	WP_199328007.1#94	NZ_JACJRJ010000007.1	GCF_014697195.1
WP_190455945.1#94|Cylindrospermum_sp__FACHB_282	228	+	+	0	-401	-174	73059	73286	WP_190455943.1#94	NZ_JACJRJ010000007.1	GCF_014697195.1
WP_190455945.1#94|Cylindrospermum_sp__FACHB_282	351	+	+	125	1	351	73461	73811	WP_190455945.1#94	NZ_JACJRJ010000007.1	GCF_014697195.1
WP_190455945.1#94|Cylindrospermum_sp__FACHB_282	294	+	+	1	348	641	73808	74101	WP_190455947.1#94	NZ_JACJRJ010000007.1	GCF_014697195.1
WP_190455945.1#94|Cylindrospermum_sp__FACHB_282	324	+	+	0	740	1063	74200	74523	WP_190455949.1#94	NZ_JACJRJ010000007.1	GCF_014697195.1
WP_190455945.1#94|Cylindrospermum_sp__FACHB_282	1440	+	+	0	1165	2604	74625	76064	WP_190455951.1#94	NZ_JACJRJ010000007.1	GCF_014697195.1
WP_190455945.1#94|Cylindrospermum_sp__FACHB_282	72	+	-	126	2812	2883	76272	76343	tRNA_94.8*#94	NZ_JACJRJ010000007.1	GCF_014697195.1



WP_263745933.1#22|Plectonema_radiosum_NIES_515	2703	-	+	0	-5586	-2884	40213	42915	WP_263745937.1#22	NZ_JAOWRF010000191.1	GCF_025753815.1
WP_263745933.1#22|Plectonema_radiosum_NIES_515	177	-	-	0	-2832	-2656	39985	40161	WP_263745936.1#22	NZ_JAOWRF010000191.1	GCF_025753815.1
WP_263745933.1#22|Plectonema_radiosum_NIES_515	891	-	+	0	-2180	-1290	38619	39509	WP_263745935.1#22	NZ_JAOWRF010000191.1	GCF_025753815.1
WP_263745933.1#22|Plectonema_radiosum_NIES_515	1005	-	-	0	-1181	-177	37506	38510	WP_263745934.1#22	NZ_JAOWRF010000191.1	GCF_025753815.1
WP_263745933.1#22|Plectonema_radiosum_NIES_515	342	-	+	125	1	342	36987	37328	WP_263745933.1#22	NZ_JAOWRF010000191.1	GCF_025753815.1
WP_263745933.1#22|Plectonema_radiosum_NIES_515	309	-	+	1	339	647	36682	36990	WP_263745932.1#22	NZ_JAOWRF010000191.1	GCF_025753815.1
WP_263745933.1#22|Plectonema_radiosum_NIES_515	471	-	+	0	836	1306	36023	36493	WP_263745931.1#22	NZ_JAOWRF010000191.1	GCF_025753815.1
WP_263745933.1#22|Plectonema_radiosum_NIES_515	996	-	-	0	1404	2399	34930	35925	WP_263745930.1#22	NZ_JAOWRF010000191.1	GCF_025753815.1
WP_263745933.1#22|Plectonema_radiosum_NIES_515	969	-	-	0	2453	3421	33908	34876	WP_263745929.1#22	NZ_JAOWRF010000191.1	GCF_025753815.1



WP_038087994.1#131|Scytonema_tolypothrichoides_VB_61278_2	1167	-	-	0	-3830	-2664	483016	484182	WP_038088002.1#131	NZ_JBFQGM010000005.1	GCF_045950415.1
WP_038087994.1#131|Scytonema_tolypothrichoides_VB_61278_2	1185	-	-	0	-2574	-1390	481742	482926	WP_038087999.1#131	NZ_JBFQGM010000005.1	GCF_045950415.1
WP_038087994.1#131|Scytonema_tolypothrichoides_VB_61278_2	357	-	-	0	-1288	-932	481284	481640	WP_038087997.1#131	NZ_JBFQGM010000005.1	GCF_045950415.1
WP_038087994.1#131|Scytonema_tolypothrichoides_VB_61278_2	85	-	-	126	-511	-427	480779	480863	tRNA_131.4*#131	NZ_JBFQGM010000005.1	GCF_045950415.1
WP_038087994.1#131|Scytonema_tolypothrichoides_VB_61278_2	348	-	+	125	1	348	480004	480351	WP_038087994.1#131	NZ_JBFQGM010000005.1	GCF_045950415.1
WP_038087994.1#131|Scytonema_tolypothrichoides_VB_61278_2	297	-	+	1	345	641	479711	480007	WP_038087991.1#131	NZ_JBFQGM010000005.1	GCF_045950415.1
WP_038087994.1#131|Scytonema_tolypothrichoides_VB_61278_2	219	-	-	0	853	1071	479281	479499	WP_038087989.1#131	NZ_JBFQGM010000005.1	GCF_045950415.1
WP_038087994.1#131|Scytonema_tolypothrichoides_VB_61278_2	348	-	-	0	1136	1483	478869	479216	WP_038087985.1#131	NZ_JBFQGM010000005.1	GCF_045950415.1
WP_038087994.1#131|Scytonema_tolypothrichoides_VB_61278_2	852	-	-	0	1692	2543	477809	478660	WP_038087982.1#131	NZ_JBFQGM010000005.1	GCF_045950415.1



WP_211655505.1#110|Planococcus_alpniumensis	678	+	-	6	-5405	-4728	3296672	3297349	WP_211655501.1#110	NZ_JAAMTH010000001.1	GCF_018283455.1
WP_211655505.1#110|Planococcus_alpniumensis	1328	+	+	12	-4420	-3093	3297657	3298984	WP_211655502.1#110	NZ_JAAMTH010000001.1	GCF_018283455.1
WP_211655505.1#110|Planococcus_alpniumensis	882	+	-	33	-2679	-1798	3299398	3300279	WP_211655503.1#110	NZ_JAAMTH010000001.1	GCF_018283455.1
WP_211655505.1#110|Planococcus_alpniumensis	993	+	-	18	-1470	-478	3300607	3301599	WP_211655504.1#110	NZ_JAAMTH010000001.1	GCF_018283455.1
WP_211655505.1#110|Planococcus_alpniumensis	369	+	+	125	1	369	3302078	3302446	WP_211655505.1#110	NZ_JAAMTH010000001.1	GCF_018283455.1
WP_211655505.1#110|Planococcus_alpniumensis	327	+	+	1	366	692	3302443	3302769	WP_211655506.1#110	NZ_JAAMTH010000001.1	GCF_018283455.1
WP_211655505.1#110|Planococcus_alpniumensis	462	+	-	0	801	1262	3302878	3303339	WP_144841660.1#110	NZ_JAAMTH010000001.1	GCF_018283455.1
WP_211655505.1#110|Planococcus_alpniumensis	447	+	-	0	1348	1794	3303425	3303871	WP_211655507.1#110	NZ_JAAMTH010000001.1	GCF_018283455.1
WP_211655505.1#110|Planococcus_alpniumensis	333	+	-	0	1889	2221	3303966	3304298	WP_211655508.1#110	NZ_JAAMTH010000001.1	GCF_018283455.1



WP_133418400.1#197|Macrococcus_carouselicus	957	-	-	0	-4351	-3395	52346	53302	WP_133418386.1#197	NZ_SCWD01000006.1	GCF_004359515.1
WP_133418400.1#197|Macrococcus_carouselicus	1332	-	-	0	-3353	-2022	50973	52304	WP_133418385.1#197	NZ_SCWD01000006.1	GCF_004359515.1
WP_133418400.1#197|Macrococcus_carouselicus	912	-	-	0	-1885	-974	49925	50836	WP_133418384.1#197	NZ_SCWD01000006.1	GCF_004359515.1
WP_133418400.1#197|Macrococcus_carouselicus	144	-	+	0	-311	-168	49119	49262	WP_165980747.1#197	NZ_SCWD01000006.1	GCF_004359515.1
WP_133418400.1#197|Macrococcus_carouselicus	369	-	+	125	1	369	48582	48950	WP_133418400.1#197	NZ_SCWD01000006.1	GCF_004359515.1
WP_133418400.1#197|Macrococcus_carouselicus	327	-	+	1	366	692	48259	48585	WP_133418383.1#197	NZ_SCWD01000006.1	GCF_004359515.1
WP_133418400.1#197|Macrococcus_carouselicus	1284	-	+	0	787	2070	46881	48164	WP_133418382.1#197	NZ_SCWD01000006.1	GCF_004359515.1
WP_133418400.1#197|Macrococcus_carouselicus	1392	-	+	0	2244	3635	45316	46707	WP_133418381.1#197	NZ_SCWD01000006.1	GCF_004359515.1
WP_133418400.1#197|Macrococcus_carouselicus	921	-	+	0	3622	4542	44409	45329	WP_133418380.1#197	NZ_SCWD01000006.1	GCF_004359515.1



WP_244706193.1#168|Lederbergia_sp__NSJ_179	912	+	+	2	-3162	-2251	5892	6803	WP_244706185.1#168	NZ_JALIFP010000029.1	GCF_022867885.1
WP_244706193.1#168|Lederbergia_sp__NSJ_179	744	+	+	0	-2279	-1536	6775	7518	WP_244706187.1#168	NZ_JALIFP010000029.1	GCF_022867885.1
WP_244706193.1#168|Lederbergia_sp__NSJ_179	741	+	+	0	-1539	-799	7515	8255	WP_244706189.1#168	NZ_JALIFP010000029.1	GCF_022867885.1
WP_244706193.1#168|Lederbergia_sp__NSJ_179	567	+	+	0	-721	-155	8333	8899	WP_244706191.1#168	NZ_JALIFP010000029.1	GCF_022867885.1
WP_244706193.1#168|Lederbergia_sp__NSJ_179	357	+	+	125	1	357	9055	9411	WP_244706193.1#168	NZ_JALIFP010000029.1	GCF_022867885.1
WP_244706193.1#168|Lederbergia_sp__NSJ_179	318	+	+	1	354	671	9408	9725	WP_244706195.1#168	NZ_JALIFP010000029.1	GCF_022867885.1
WP_244706193.1#168|Lederbergia_sp__NSJ_179	294	+	-	0	1298	1591	10352	10645	WP_244706196.1#168	NZ_JALIFP010000029.1	GCF_022867885.1
WP_244706193.1#168|Lederbergia_sp__NSJ_179	189	+	+	0	1627	1815	10681	10869	WP_244706198.1#168	NZ_JALIFP010000029.1	GCF_022867885.1
WP_244706193.1#168|Lederbergia_sp__NSJ_179	405	+	-	0	2339	2743	11393	11797	WP_244706200.1#168	NZ_JALIFP010000029.1	GCF_022867885.1



WP_198065149.1#177|Thermoactinomyces_sp__CICC_10522	252	-	+	0	-2858	-2607	5444	5695	WP_033102031.1#177	NZ_JAECVY010000036.1	GCF_016055075.1
WP_198065149.1#177|Thermoactinomyces_sp__CICC_10522	138	-	+	0	-2610	-2473	5310	5447	WP_198065152.1#177	NZ_JAECVY010000036.1	GCF_016055075.1
WP_198065149.1#177|Thermoactinomyces_sp__CICC_10522	1803	-	+	0	-2433	-631	3468	5270	WP_232336447.1#177	NZ_JAECVY010000036.1	GCF_016055075.1
WP_198065149.1#177|Thermoactinomyces_sp__CICC_10522	396	-	+	0	-536	-141	2978	3373	WP_198065150.1#177	NZ_JAECVY010000036.1	GCF_016055075.1
WP_198065149.1#177|Thermoactinomyces_sp__CICC_10522	357	-	+	125	1	357	2480	2836	WP_198065149.1#177	NZ_JAECVY010000036.1	GCF_016055075.1
WP_198065149.1#177|Thermoactinomyces_sp__CICC_10522	333	-	+	1	372	704	2133	2465	WP_198065148.1#177	NZ_JAECVY010000036.1	GCF_016055075.1
WP_198065149.1#177|Thermoactinomyces_sp__CICC_10522	1329	-	-	0	1002	2330	507	1835	WP_198065147.1#177	NZ_JAECVY010000036.1	GCF_016055075.1
WP_198065149.1#177|Thermoactinomyces_sp__CICC_10522	89	-	+	127	2748	2836	1	89	pseudogene_177.1*#177	NZ_JAECVY010000036.1	GCF_016055075.1



WP_204232301.1#69|Priestia_megaterium	1350	+	-	67	-3834	-2485	1772	3121	WP_204232297.1#69	NZ_JAFEMS010000068.1	GCF_016892545.1
WP_204232301.1#69|Priestia_megaterium	201	+	-	0	-2228	-2028	3378	3578	WP_204232298.1#69	NZ_JAFEMS010000068.1	GCF_016892545.1
WP_204232301.1#69|Priestia_megaterium	1119	+	-	0	-2012	-894	3594	4712	WP_204232299.1#69	NZ_JAFEMS010000068.1	GCF_016892545.1
WP_204232301.1#69|Priestia_megaterium	534	+	-	0	-897	-364	4709	5242	WP_204232300.1#69	NZ_JAFEMS010000068.1	GCF_016892545.1
WP_204232301.1#69|Priestia_megaterium	354	+	+	125	1	354	5607	5960	WP_204232301.1#69	NZ_JAFEMS010000068.1	GCF_016892545.1
WP_204232301.1#69|Priestia_megaterium	315	+	+	1	354	668	5960	6274	WP_204232302.1#69	NZ_JAFEMS010000068.1	GCF_016892545.1



WP_149456517.1#39|Planococcus_sp__ANT_H30	390	+	-	0	-3641	-3252	346339	346728	WP_149456513.1#39	NZ_VOBJ01000003.1	GCF_008369335.1
WP_149456517.1#39|Planococcus_sp__ANT_H30	1488	+	-	0	-3252	-1765	346728	348215	WP_149456514.1#39	NZ_VOBJ01000003.1	GCF_008369335.1
WP_149456517.1#39|Planococcus_sp__ANT_H30	345	+	-	0	-1746	-1402	348234	348578	WP_149456515.1#39	NZ_VOBJ01000003.1	GCF_008369335.1
WP_149456517.1#39|Planococcus_sp__ANT_H30	741	+	-	0	-1095	-355	348885	349625	WP_149456516.1#39	NZ_VOBJ01000003.1	GCF_008369335.1
WP_149456517.1#39|Planococcus_sp__ANT_H30	363	+	+	125	1	363	349981	350343	WP_149456517.1#39	NZ_VOBJ01000003.1	GCF_008369335.1
WP_149456517.1#39|Planococcus_sp__ANT_H30	312	+	+	1	365	676	350345	350656	WP_149456518.1#39	NZ_VOBJ01000003.1	GCF_008369335.1
WP_149456517.1#39|Planococcus_sp__ANT_H30	522	+	-	0	760	1281	350740	351261	WP_149456519.1#39	NZ_VOBJ01000003.1	GCF_008369335.1
WP_149456517.1#39|Planococcus_sp__ANT_H30	177	+	-	0	1356	1532	351336	351512	WP_149456520.1#39	NZ_VOBJ01000003.1	GCF_008369335.1
WP_149456517.1#39|Planococcus_sp__ANT_H30	135	+	-	0	1961	2095	351941	352075	WP_058386684.1#39	NZ_VOBJ01000003.1	GCF_008369335.1



WP_287126266.1#89|Desulfobacter_sp_	2406	-	+	0	-2987	-582	1340	3745	WP_287126268.1#89	NZ_JAABQA010000023.1	GCF_011391705.1
WP_287126266.1#89|Desulfobacter_sp_	76	-	+	126	-485	-410	1168	1243	tRNA_89.5*#89	NZ_JAABQA010000023.1	GCF_011391705.1
WP_287126266.1#89|Desulfobacter_sp_	78	-	+	126	-384	-307	1065	1142	tRNA_89.3*#89	NZ_JAABQA010000023.1	GCF_011391705.1
WP_287126266.1#89|Desulfobacter_sp_	180	-	-	0	-259	-80	838	1017	WP_287126267.1#89	NZ_JAABQA010000023.1	GCF_011391705.1
WP_287126266.1#89|Desulfobacter_sp_	354	-	+	125	1	354	404	757	WP_287126266.1#89	NZ_JAABQA010000023.1	GCF_011391705.1
WP_287126266.1#89|Desulfobacter_sp_	276	-	+	1	347	622	136	411	WP_287126265.1#89	NZ_JAABQA010000023.1	GCF_011391705.1



WP_291347877.1#90|Desulfobacula_sp_	903	-	+	127	-3868	-2966	42570	43472	pseudogene_90.6*#90	NZ_JABZFL010000076.1	GCF_014237455.1
WP_291347877.1#90|Desulfobacula_sp_	333	-	+	0	-2379	-2047	41651	41983	WP_367142601.1#90	NZ_JABZFL010000076.1	GCF_014237455.1
WP_291347877.1#90|Desulfobacula_sp_	1023	-	+	0	-2012	-990	40594	41616	WP_291347879.1#90	NZ_JABZFL010000076.1	GCF_014237455.1
WP_291347877.1#90|Desulfobacula_sp_	612	-	+	0	-797	-186	39790	40401	WP_291347878.1#90	NZ_JABZFL010000076.1	GCF_014237455.1
WP_291347877.1#90|Desulfobacula_sp_	351	-	+	125	1	351	39253	39603	WP_291347877.1#90	NZ_JABZFL010000076.1	GCF_014237455.1
WP_291347877.1#90|Desulfobacula_sp_	276	-	+	1	348	623	38981	39256	WP_291347876.1#90	NZ_JABZFL010000076.1	GCF_014237455.1
WP_291347877.1#90|Desulfobacula_sp_	972	-	+	0	1002	1973	37631	38602	WP_291347875.1#90	NZ_JABZFL010000076.1	GCF_014237455.1
WP_291347877.1#90|Desulfobacula_sp_	720	-	+	0	1975	2694	36910	37629	WP_291347874.1#90	NZ_JABZFL010000076.1	GCF_014237455.1
WP_291347877.1#90|Desulfobacula_sp_	186	-	+	0	2694	2879	36725	36910	WP_291347873.1#90	NZ_JABZFL010000076.1	GCF_014237455.1



WP_274418237.1#99|Aliivibrio_sp__S4MY4	1569	-	+	0	-6212	-4644	139026	140594	WP_274418233.1#99	NZ_JARACW010000008.1	GCF_028765405.1
WP_274418237.1#99|Aliivibrio_sp__S4MY4	1509	-	+	0	-4429	-2921	137303	138811	WP_274418234.1#99	NZ_JARACW010000008.1	GCF_028765405.1
WP_274418237.1#99|Aliivibrio_sp__S4MY4	537	-	+	0	-2791	-2255	136637	137173	WP_274418235.1#99	NZ_JARACW010000008.1	GCF_028765405.1
WP_274418237.1#99|Aliivibrio_sp__S4MY4	1812	-	+	0	-1986	-175	134557	136368	WP_274418236.1#99	NZ_JARACW010000008.1	GCF_028765405.1
WP_274418237.1#99|Aliivibrio_sp__S4MY4	345	-	+	125	1	345	134037	134381	WP_274418237.1#99	NZ_JARACW010000008.1	GCF_028765405.1
WP_274418237.1#99|Aliivibrio_sp__S4MY4	276	-	+	1	347	622	133760	134035	WP_130045423.1#99	NZ_JARACW010000008.1	GCF_028765405.1
WP_274418237.1#99|Aliivibrio_sp__S4MY4	654	-	+	0	793	1446	132936	133589	WP_274418238.1#99	NZ_JARACW010000008.1	GCF_028765405.1
WP_274418237.1#99|Aliivibrio_sp__S4MY4	456	-	+	0	1635	2090	132292	132747	WP_274418239.1#99	NZ_JARACW010000008.1	GCF_028765405.1
WP_274418237.1#99|Aliivibrio_sp__S4MY4	1317	-	+	0	2380	3696	130686	132002	WP_274418240.1#99	NZ_JARACW010000008.1	GCF_028765405.1



WP_017294918.1#192|Geminocystis_herdmanii_PCC_6308	219	+	-	52	-2185	-1967	2645276	2645494	WP_017294915.1#192	NZ_CM001775.1	GCF_000332235.1
WP_017294918.1#192|Geminocystis_herdmanii_PCC_6308	333	+	+	0	-1440	-1108	2646021	2646353	WP_017294916.1#192	NZ_CM001775.1	GCF_000332235.1
WP_017294918.1#192|Geminocystis_herdmanii_PCC_6308	246	+	+	0	-1086	-841	2646375	2646620	WP_015220813.1#192	NZ_CM001775.1	GCF_000332235.1
WP_017294918.1#192|Geminocystis_herdmanii_PCC_6308	456	+	+	0	-730	-275	2646731	2647186	WP_017294917.1#192	NZ_CM001775.1	GCF_000332235.1
WP_017294918.1#192|Geminocystis_herdmanii_PCC_6308	357	+	+	125	1	357	2647462	2647818	WP_017294918.1#192	NZ_CM001775.1	GCF_000332235.1
WP_017294918.1#192|Geminocystis_herdmanii_PCC_6308	276	+	+	1	350	625	2647811	2648086	WP_017294919.1#192	NZ_CM001775.1	GCF_000332235.1
WP_017294918.1#192|Geminocystis_herdmanii_PCC_6308	240	+	-	0	699	938	2648160	2648399	WP_017294920.1#192	NZ_CM001775.1	GCF_000332235.1
WP_017294918.1#192|Geminocystis_herdmanii_PCC_6308	219	+	-	52	939	1157	2648400	2648618	WP_017294921.1#192	NZ_CM001775.1	GCF_000332235.1
WP_017294918.1#192|Geminocystis_herdmanii_PCC_6308	213	+	+	0	1332	1544	2648793	2649005	WP_017294922.1#192	NZ_CM001775.1	GCF_000332235.1



WP_121451135.1#163|Desulfofundulus_salinus	2409	-	-	0	-6682	-4274	1365678	1368086	WP_121451139.1#163	NZ_RBWE01000001.1	GCF_003627965.1
WP_121451135.1#163|Desulfofundulus_salinus	735	-	-	0	-4286	-3552	1364956	1365690	WP_165859302.1#163	NZ_RBWE01000001.1	GCF_003627965.1
WP_121451135.1#163|Desulfofundulus_salinus	942	-	-	0	-3523	-2582	1363986	1364927	WP_121451137.1#163	NZ_RBWE01000001.1	GCF_003627965.1
WP_121451135.1#163|Desulfofundulus_salinus	2085	-	-	0	-2558	-474	1361878	1363962	WP_121451136.1#163	NZ_RBWE01000001.1	GCF_003627965.1
WP_121451135.1#163|Desulfofundulus_salinus	354	-	+	125	1	354	1361050	1361403	WP_121451135.1#163	NZ_RBWE01000001.1	GCF_003627965.1
WP_121451135.1#163|Desulfofundulus_salinus	279	-	+	1	351	629	1360775	1361053	WP_013823069.1#163	NZ_RBWE01000001.1	GCF_003627965.1
WP_121451135.1#163|Desulfofundulus_salinus	333	-	+	97	887	1219	1360185	1360517	WP_121451134.1#163	NZ_RBWE01000001.1	GCF_003627965.1
WP_121451135.1#163|Desulfofundulus_salinus	291	-	+	1	1220	1510	1359894	1360184	WP_121451133.1#163	NZ_RBWE01000001.1	GCF_003627965.1
WP_121451135.1#163|Desulfofundulus_salinus	693	-	-	0	1733	2425	1358979	1359671	WP_121451132.1#163	NZ_RBWE01000001.1	GCF_003627965.1



WP_246187337.1#178|Neomoorella_glycerini	243	-	-	0	-3830	-3588	2764304	2764546	WP_156274707.1#178	NZ_CP046244.1	GCF_009735625.1
WP_246187337.1#178|Neomoorella_glycerini	402	-	-	0	-3437	-3036	2763752	2764153	WP_156274705.1#178	NZ_CP046244.1	GCF_009735625.1
WP_246187337.1#178|Neomoorella_glycerini	1737	-	-	0	-2929	-1193	2761909	2763645	WP_156274703.1#178	NZ_CP046244.1	GCF_009735625.1
WP_246187337.1#178|Neomoorella_glycerini	1026	-	-	18	-1178	-153	2760869	2761894	WP_246187338.1#178	NZ_CP046244.1	GCF_009735625.1
WP_246187337.1#178|Neomoorella_glycerini	354	-	+	125	1	354	2760362	2760715	WP_246187337.1#178	NZ_CP046244.1	GCF_009735625.1
WP_246187337.1#178|Neomoorella_glycerini	270	-	+	1	351	620	2760096	2760365	WP_156274699.1#178	NZ_CP046244.1	GCF_009735625.1
WP_246187337.1#178|Neomoorella_glycerini	261	-	+	0	793	1053	2759663	2759923	WP_156274697.1#178	NZ_CP046244.1	GCF_009735625.1
WP_246187337.1#178|Neomoorella_glycerini	426	-	+	0	1053	1478	2759238	2759663	WP_156274695.1#178	NZ_CP046244.1	GCF_009735625.1
WP_246187337.1#178|Neomoorella_glycerini	1065	-	-	0	1507	2571	2758145	2759209	WP_170291091.1#178	NZ_CP046244.1	GCF_009735625.1



WP_012301873.1#151|Candidatus_Desulforudis_audaxviator_MP104C	210	-	-	0	-1054	-845	794559	794768	WP_012301875.1#151	NC_010424.1	GCF_000018425.1
WP_012301873.1#151|Candidatus_Desulforudis_audaxviator_MP104C	180	-	-	0	-820	-641	794355	794534	WP_464227584.1#151	NC_010424.1	GCF_000018425.1
WP_012301873.1#151|Candidatus_Desulforudis_audaxviator_MP104C	246	-	-	0	-696	-451	794165	794410	WP_166485103.1#151	NC_010424.1	GCF_000018425.1
WP_012301873.1#151|Candidatus_Desulforudis_audaxviator_MP104C	525	-	+	0	-536	-12	793726	794250	WP_464227582.1#151	NC_010424.1	GCF_000018425.1
WP_012301873.1#151|Candidatus_Desulforudis_audaxviator_MP104C	354	-	+	125	1	354	793360	793713	WP_012301873.1#151	NC_010424.1	GCF_000018425.1
WP_012301873.1#151|Candidatus_Desulforudis_audaxviator_MP104C	276	-	+	1	351	626	793088	793363	WP_012301872.1#151	NC_010424.1	GCF_000018425.1
WP_012301873.1#151|Candidatus_Desulforudis_audaxviator_MP104C	1323	-	-	0	837	2159	791555	792877	WP_012301871.1#151	NC_010424.1	GCF_000018425.1
WP_012301873.1#151|Candidatus_Desulforudis_audaxviator_MP104C	444	-	-	127	2301	2744	790970	791413	pseudogene_151.2*#151	NC_010424.1	GCF_000018425.1
WP_012301873.1#151|Candidatus_Desulforudis_audaxviator_MP104C	198	-	-	0	2980	3177	790537	790734	WP_041570804.1#151	NC_010424.1	GCF_000018425.1



WP_015739339.1#145|Ammonifex_degensii_KC4	1410	+	-	71	-2832	-1423	1361856	1363265	WP_015739336.1#145	NC_013385.1	GCF_000024605.1
WP_015739339.1#145|Ammonifex_degensii_KC4	411	+	+	0	-1267	-857	1363421	1363831	WP_015739337.1#145	NC_013385.1	GCF_000024605.1
WP_015739339.1#145|Ammonifex_degensii_KC4	153	+	-	127	-713	-561	1363975	1364127	pseudogene_145.5*#145	NC_013385.1	GCF_000024605.1
WP_015739339.1#145|Ammonifex_degensii_KC4	219	+	-	45	-301	-83	1364387	1364605	WP_041458846.1#145	NC_013385.1	GCF_000024605.1
WP_015739339.1#145|Ammonifex_degensii_KC4	360	+	+	125	1	360	1364689	1365048	WP_015739339.1#145	NC_013385.1	GCF_000024605.1
WP_015739339.1#145|Ammonifex_degensii_KC4	282	+	+	1	357	638	1365045	1365326	WP_015739340.1#145	NC_013385.1	GCF_000024605.1
WP_015739339.1#145|Ammonifex_degensii_KC4	1992	+	-	55	763	2754	1365451	1367442	WP_015739341.1#145	NC_013385.1	GCF_000024605.1
WP_015739339.1#145|Ammonifex_degensii_KC4	435	+	-	0	2761	3195	1367449	1367883	WP_015739342.1#145	NC_013385.1	GCF_000024605.1
WP_015739339.1#145|Ammonifex_degensii_KC4	279	+	-	0	3162	3440	1367850	1368128	WP_015739343.1#145	NC_013385.1	GCF_000024605.1



WP_027719100.1#193|Desulfovirgula_thermocuniculi_DSM_16036	1236	+	+	13	-1458	-223	363	1598	WP_027716921.1#193	NZ_AUBR01000084.1	GCF_000429345.1
WP_027719100.1#193|Desulfovirgula_thermocuniculi_DSM_16036	360	+	+	125	1	360	1822	2181	WP_027719100.1#193	NZ_AUBR01000084.1	GCF_000429345.1
WP_027719100.1#193|Desulfovirgula_thermocuniculi_DSM_16036	285	+	+	1	357	641	2178	2462	WP_027719101.1#193	NZ_AUBR01000084.1	GCF_000429345.1
WP_027719100.1#193|Desulfovirgula_thermocuniculi_DSM_16036	801	+	-	0	796	1596	2617	3417	WP_156896824.1#193	NZ_AUBR01000084.1	GCF_000429345.1
WP_027719100.1#193|Desulfovirgula_thermocuniculi_DSM_16036	933	+	+	0	2416	3348	4237	5169	WP_027719103.1#193	NZ_AUBR01000084.1	GCF_000429345.1
WP_027719100.1#193|Desulfovirgula_thermocuniculi_DSM_16036	396	+	-	0	3614	4009	5435	5830	WP_027719104.1#193	NZ_AUBR01000084.1	GCF_000429345.1



WP_213238722.1#53|Fusibacter_paucivorans	360	-	+	125	1	360	784	1143	WP_213238722.1#53	NZ_JAHBCL010000089.1	GCF_018390735.1
WP_213238722.1#53|Fusibacter_paucivorans	270	-	+	1	350	619	525	794	WP_213238721.1#53	NZ_JAHBCL010000089.1	GCF_018390735.1



WP_014553244.1#144|Halanaerobium_praevalens_DSM_2228	2112	+	-	19	-6650	-4539	1164008	1166119	WP_014553240.1#144	NC_017455.1	GCF_000165465.1
WP_014553244.1#144|Halanaerobium_praevalens_DSM_2228	708	+	-	0	-4363	-3656	1166295	1167002	WP_014553241.1#144	NC_017455.1	GCF_000165465.1
WP_014553244.1#144|Halanaerobium_praevalens_DSM_2228	303	+	-	0	-2937	-2635	1167721	1168023	WP_014553242.1#144	NC_017455.1	GCF_000165465.1
WP_014553244.1#144|Halanaerobium_praevalens_DSM_2228	300	+	-	0	-2614	-2315	1168044	1168343	WP_014553243.1#144	NC_017455.1	GCF_000165465.1
WP_014553244.1#144|Halanaerobium_praevalens_DSM_2228	336	+	+	125	1	336	1170659	1170994	WP_014553244.1#144	NC_017455.1	GCF_000165465.1
WP_014553244.1#144|Halanaerobium_praevalens_DSM_2228	279	+	+	1	347	625	1171005	1171283	WP_014553245.1#144	NC_017455.1	GCF_000165465.1
WP_014553244.1#144|Halanaerobium_praevalens_DSM_2228	375	+	-	0	1459	1833	1172117	1172491	WP_014553246.1#144	NC_017455.1	GCF_000165465.1
WP_014553244.1#144|Halanaerobium_praevalens_DSM_2228	180	+	-	0	2044	2223	1172702	1172881	WP_014553247.1#144	NC_017455.1	GCF_000165465.1
WP_014553244.1#144|Halanaerobium_praevalens_DSM_2228	252	+	+	0	2649	2900	1173307	1173558	WP_014553248.1#144	NC_017455.1	GCF_000165465.1



WP_248663860.1#87|Fuchsiella_alkaliacetigena	1365	+	-	0	-3304	-1940	11891	13255	WP_248663857.1#87	NZ_JALKBZ010000032.1	GCF_023227765.1
WP_248663860.1#87|Fuchsiella_alkaliacetigena	513	+	-	23	-1687	-1175	13508	14020	WP_248663858.1#87	NZ_JALKBZ010000032.1	GCF_023227765.1
WP_248663860.1#87|Fuchsiella_alkaliacetigena	465	+	+	99	-1102	-638	14093	14557	WP_308221614.1#87	NZ_JALKBZ010000032.1	GCF_023227765.1
WP_248663860.1#87|Fuchsiella_alkaliacetigena	201	+	+	99	-672	-472	14523	14723	WP_248663859.1#87	NZ_JALKBZ010000032.1	GCF_023227765.1
WP_248663860.1#87|Fuchsiella_alkaliacetigena	351	+	+	125	1	351	15196	15546	WP_248663860.1#87	NZ_JALKBZ010000032.1	GCF_023227765.1
WP_248663860.1#87|Fuchsiella_alkaliacetigena	270	+	+	1	354	623	15549	15818	WP_248663861.1#87	NZ_JALKBZ010000032.1	GCF_023227765.1
WP_248663860.1#87|Fuchsiella_alkaliacetigena	573	+	-	95	1302	1874	16497	17069	WP_248663862.1#87	NZ_JALKBZ010000032.1	GCF_023227765.1
WP_248663860.1#87|Fuchsiella_alkaliacetigena	921	+	-	0	1901	2821	17096	18016	WP_248663863.1#87	NZ_JALKBZ010000032.1	GCF_023227765.1
WP_248663860.1#87|Fuchsiella_alkaliacetigena	795	+	-	103	2814	3608	18009	18803	WP_248663864.1#87	NZ_JALKBZ010000032.1	GCF_023227765.1



WP_241421671.1#43|Candidatus_Contubernalis_alkaliaceticus	1131	-	+	69	-3526	-2396	3337954	3339084	WP_241421673.1#43	NZ_CP054699.1	GCF_022558445.1
WP_241421671.1#43|Candidatus_Contubernalis_alkaliaceticus	162	-	-	0	-2388	-2227	3337785	3337946	WP_241421672.1#43	NZ_CP054699.1	GCF_022558445.1
WP_241421671.1#43|Candidatus_Contubernalis_alkaliaceticus	825	-	+	127	-2158	-1334	3336892	3337716	pseudogene_43.3*#43	NZ_CP054699.1	GCF_022558445.1
WP_241421671.1#43|Candidatus_Contubernalis_alkaliaceticus	990	-	+	127	-1259	-270	3335828	3336817	pseudogene_43.9*#43	NZ_CP054699.1	GCF_022558445.1
WP_241421671.1#43|Candidatus_Contubernalis_alkaliaceticus	354	-	+	125	1	354	3335204	3335557	WP_241421671.1#43	NZ_CP054699.1	GCF_022558445.1
WP_241421671.1#43|Candidatus_Contubernalis_alkaliaceticus	270	-	+	1	351	620	3334938	3335207	WP_241421670.1#43	NZ_CP054699.1	GCF_022558445.1
WP_241421671.1#43|Candidatus_Contubernalis_alkaliaceticus	246	-	+	127	1319	1564	3333994	3334239	pseudogene_43.6*#43	NZ_CP054699.1	GCF_022558445.1
WP_241421671.1#43|Candidatus_Contubernalis_alkaliaceticus	147	-	-	0	1517	1663	3333895	3334041	WP_241423605.1#43	NZ_CP054699.1	GCF_022558445.1
WP_241421671.1#43|Candidatus_Contubernalis_alkaliaceticus	741	-	+	83	2080	2820	3332738	3333478	WP_241421669.1#43	NZ_CP054699.1	GCF_022558445.1



WP_013120485.1#138|Thermincola_carboxydiphila_JR	168	+	-	0	-2518	-2351	1679274	1679441	WP_013120483.1#138	NC_014152.1	GCF_000092945.1
WP_013120485.1#138|Thermincola_carboxydiphila_JR	306	+	-	0	-2244	-1939	1679548	1679853	WP_013120484.1#138	NC_014152.1	GCF_000092945.1
WP_013120485.1#138|Thermincola_carboxydiphila_JR	966	+	+	13	-1422	-457	1680370	1681335	WP_049771626.1#138	NC_014152.1	GCF_000092945.1
WP_013120485.1#138|Thermincola_carboxydiphila_JR	168	+	+	0	-380	-213	1681412	1681579	WP_242653803.1#138	NC_014152.1	GCF_000092945.1
WP_013120485.1#138|Thermincola_carboxydiphila_JR	351	+	+	125	1	351	1681793	1682143	WP_013120485.1#138	NC_014152.1	GCF_000092945.1
WP_013120485.1#138|Thermincola_carboxydiphila_JR	279	+	+	1	344	622	1682136	1682414	WP_432654118.1#138	NC_014152.1	GCF_000092945.1
WP_013120485.1#138|Thermincola_carboxydiphila_JR	1050	+	+	13	1123	2172	1682915	1683964	WP_049771627.1#138	NC_014152.1	GCF_000092945.1
WP_013120485.1#138|Thermincola_carboxydiphila_JR	852	+	-	0	2510	3361	1684302	1685153	WP_013120487.1#138	NC_014152.1	GCF_000092945.1
WP_013120485.1#138|Thermincola_carboxydiphila_JR	465	+	-	0	3390	3854	1685182	1685646	WP_013120488.1#138	NC_014152.1	GCF_000092945.1



WP_231685748.1#72|Phosphitispora_fastidiosa	348	-	+	125	1	348	601	948	WP_231685748.1#72	NZ_JAHHUL010000053.1	GCF_019008365.1
WP_231685748.1#72|Phosphitispora_fastidiosa	270	-	+	1	350	619	330	599	WP_231685747.1#72	NZ_JAHHUL010000053.1	GCF_019008365.1
WP_231685748.1#72|Phosphitispora_fastidiosa	180	-	-	127	769	948	1	180	pseudogene_72.3*#72	NZ_JAHHUL010000053.1	GCF_019008365.1



WP_295614525.1#126|Chamaesiphon_sp__GL140_3_metabinner_50	492	-	+	0	-5016	-4525	13068	13559	WP_295614534.1#126	NZ_JANYJC010000069.1	GCF_025361915.1
WP_295614525.1#126|Chamaesiphon_sp__GL140_3_metabinner_50	1386	-	-	0	-4325	-2940	11483	12868	WP_295614532.1#126	NZ_JANYJC010000069.1	GCF_025361915.1
WP_295614525.1#126|Chamaesiphon_sp__GL140_3_metabinner_50	561	-	+	24	-2703	-2143	10686	11246	WP_295614530.1#126	NZ_JANYJC010000069.1	GCF_025361915.1
WP_295614525.1#126|Chamaesiphon_sp__GL140_3_metabinner_50	1434	-	+	4	-1518	-85	8628	10061	WP_295614528.1#126	NZ_JANYJC010000069.1	GCF_025361915.1
WP_295614525.1#126|Chamaesiphon_sp__GL140_3_metabinner_50	378	-	+	125	1	378	8165	8542	WP_295614525.1#126	NZ_JANYJC010000069.1	GCF_025361915.1
WP_295614525.1#126|Chamaesiphon_sp__GL140_3_metabinner_50	345	-	+	1	384	728	7815	8159	WP_295614523.1#126	NZ_JANYJC010000069.1	GCF_025361915.1
WP_295614525.1#126|Chamaesiphon_sp__GL140_3_metabinner_50	1005	-	+	0	1176	2180	6363	7367	WP_295614521.1#126	NZ_JANYJC010000069.1	GCF_025361915.1
WP_295614525.1#126|Chamaesiphon_sp__GL140_3_metabinner_50	2625	-	-	35	2276	4900	3643	6267	WP_295614555.1#126	NZ_JANYJC010000069.1	GCF_025361915.1
WP_295614525.1#126|Chamaesiphon_sp__GL140_3_metabinner_50	144	-	+	0	5260	5403	3140	3283	WP_295614520.1#126	NZ_JANYJC010000069.1	GCF_025361915.1



WP_096566995.1#135|Sphaerospermopsis_kisseleviana_CS_549	438	+	-	32	-3894	-3457	6131	6568	WP_096566987.1#135	NZ_JAQMTI010000159.1	GCF_028329225.1
WP_096566995.1#135|Sphaerospermopsis_kisseleviana_CS_549	405	+	+	0	-3296	-2892	6729	7133	WP_096566989.1#135	NZ_JAQMTI010000159.1	GCF_028329225.1
WP_096566995.1#135|Sphaerospermopsis_kisseleviana_CS_549	1473	+	+	0	-2505	-1033	7520	8992	WP_096566991.1#135	NZ_JAQMTI010000159.1	GCF_028329225.1
WP_096566995.1#135|Sphaerospermopsis_kisseleviana_CS_549	240	+	+	0	-954	-715	9071	9310	WP_096566993.1#135	NZ_JAQMTI010000159.1	GCF_028329225.1
WP_096566995.1#135|Sphaerospermopsis_kisseleviana_CS_549	372	+	+	125	1	372	10026	10397	WP_096566995.1#135	NZ_JAQMTI010000159.1	GCF_028329225.1
WP_096566995.1#135|Sphaerospermopsis_kisseleviana_CS_549	348	+	+	1	402	749	10427	10774	WP_096566997.1#135	NZ_JAQMTI010000159.1	GCF_028329225.1
WP_096566995.1#135|Sphaerospermopsis_kisseleviana_CS_549	450	+	-	0	794	1243	10819	11268	WP_096566999.1#135	NZ_JAQMTI010000159.1	GCF_028329225.1
WP_096566995.1#135|Sphaerospermopsis_kisseleviana_CS_549	1452	+	-	4	1371	2822	11396	12847	WP_096567001.1#135	NZ_JAQMTI010000159.1	GCF_028329225.1
WP_096566995.1#135|Sphaerospermopsis_kisseleviana_CS_549	174	+	-	0	3032	3205	13057	13230	WP_096567003.1#135	NZ_JAQMTI010000159.1	GCF_028329225.1



WP_152590040.1#17|Nostoc_sphaeroides_CCNUC1	306	-	-	0	-7722	-7417	5033207	5033512	WP_152590044.1#17	NZ_CP045226.1	GCF_009372195.1
WP_152590040.1#17|Nostoc_sphaeroides_CCNUC1	258	-	+	0	-7220	-6963	5032753	5033010	WP_152590043.1#17	NZ_CP045226.1	GCF_009372195.1
WP_152590040.1#17|Nostoc_sphaeroides_CCNUC1	3327	-	-	0	-6685	-3359	5029149	5032475	WP_152590042.1#17	NZ_CP045226.1	GCF_009372195.1
WP_152590040.1#17|Nostoc_sphaeroides_CCNUC1	2922	-	-	0	-3231	-310	5026100	5029021	WP_152590041.1#17	NZ_CP045226.1	GCF_009372195.1
WP_152590040.1#17|Nostoc_sphaeroides_CCNUC1	411	-	+	125	1	411	5025379	5025789	WP_152590040.1#17	NZ_CP045226.1	GCF_009372195.1
WP_152590040.1#17|Nostoc_sphaeroides_CCNUC1	348	-	+	1	408	755	5025035	5025382	WP_104908183.1#17	NZ_CP045226.1	GCF_009372195.1
WP_152590040.1#17|Nostoc_sphaeroides_CCNUC1	3603	-	-	10	885	4487	5021303	5024905	WP_225892245.1#17	NZ_CP045226.1	GCF_009372195.1
WP_152590040.1#17|Nostoc_sphaeroides_CCNUC1	522	-	-	0	4643	5164	5020626	5021147	WP_152590039.1#17	NZ_CP045226.1	GCF_009372195.1
WP_152590040.1#17|Nostoc_sphaeroides_CCNUC1	840	-	-	0	5166	6005	5019785	5020624	WP_152590038.1#17	NZ_CP045226.1	GCF_009372195.1



WP_105219366.1#156|Gloeocapsopsis_dulcis_AAB1___1H9	174	+	-	0	-3213	-3040	2806	2979	WP_155707509.1#156	NZ_CAWPEY010000095.1	GCF_963887075.1
WP_105219366.1#156|Gloeocapsopsis_dulcis_AAB1___1H9	219	+	-	0	-2943	-2725	3076	3294	WP_105219369.1#156	NZ_CAWPEY010000095.1	GCF_963887075.1
WP_105219366.1#156|Gloeocapsopsis_dulcis_AAB1___1H9	255	+	+	1	-2626	-2372	3393	3647	WP_105219368.1#156	NZ_CAWPEY010000095.1	GCF_963887075.1
WP_105219366.1#156|Gloeocapsopsis_dulcis_AAB1___1H9	1590	+	+	0	-2108	-519	3911	5500	WP_105219367.1#156	NZ_CAWPEY010000095.1	GCF_963887075.1
WP_105219366.1#156|Gloeocapsopsis_dulcis_AAB1___1H9	360	+	+	125	1	360	6020	6379	WP_105219366.1#156	NZ_CAWPEY010000095.1	GCF_963887075.1
WP_105219366.1#156|Gloeocapsopsis_dulcis_AAB1___1H9	375	+	+	1	357	731	6376	6750	WP_105219365.1#156	NZ_CAWPEY010000095.1	GCF_963887075.1
WP_105219366.1#156|Gloeocapsopsis_dulcis_AAB1___1H9	570	+	-	49	780	1349	6799	7368	WP_105219364.1#156	NZ_CAWPEY010000095.1	GCF_963887075.1
WP_105219366.1#156|Gloeocapsopsis_dulcis_AAB1___1H9	2712	+	-	10	1614	4325	7633	10344	WP_105219363.1#156	NZ_CAWPEY010000095.1	GCF_963887075.1



WP_015195713.1#153|Stanieria_cyanosphaera_PCC_7437	405	+	+	0	-1880	-1476	2203	2607	WP_015195710.1#153	NC_019750.1	GCF_000317575.1
WP_015195713.1#153|Stanieria_cyanosphaera_PCC_7437	324	+	+	0	-1356	-1033	2727	3050	WP_015195711.1#153	NC_019750.1	GCF_000317575.1
WP_015195713.1#153|Stanieria_cyanosphaera_PCC_7437	240	+	+	0	-940	-701	3143	3382	WP_015195712.1#153	NC_019750.1	GCF_000317575.1
WP_015195713.1#153|Stanieria_cyanosphaera_PCC_7437	156	+	+	0	-619	-464	3464	3619	WP_171815492.1#153	NC_019750.1	GCF_000317575.1
WP_015195713.1#153|Stanieria_cyanosphaera_PCC_7437	402	+	+	125	1	402	4084	4485	WP_015195713.1#153	NC_019750.1	GCF_000317575.1
WP_015195713.1#153|Stanieria_cyanosphaera_PCC_7437	354	+	+	1	402	755	4485	4838	WP_015195714.1#153	NC_019750.1	GCF_000317575.1
WP_015195713.1#153|Stanieria_cyanosphaera_PCC_7437	3777	+	+	67	1299	5075	5382	9158	WP_015195715.1#153	NC_019750.1	GCF_000317575.1
WP_015195713.1#153|Stanieria_cyanosphaera_PCC_7437	219	+	-	0	5334	5552	9417	9635	WP_041620661.1#153	NC_019750.1	GCF_000317575.1
WP_015195713.1#153|Stanieria_cyanosphaera_PCC_7437	510	+	-	0	5556	6065	9639	10148	WP_015195716.1#153	NC_019750.1	GCF_000317575.1



WP_320341819.1#106|Sulfurimonas_sp_	180	-	+	0	-3765	-3586	88994	89173	WP_320341823.1#106	NZ_JAVEUF010000002.1	GCF_034005705.1
WP_320341819.1#106|Sulfurimonas_sp_	972	-	+	3	-3571	-2600	88008	88979	WP_320341822.1#106	NZ_JAVEUF010000002.1	GCF_034005705.1
WP_320341819.1#106|Sulfurimonas_sp_	1476	-	+	0	-2515	-1040	86448	87923	WP_320341821.1#106	NZ_JAVEUF010000002.1	GCF_034005705.1
WP_320341819.1#106|Sulfurimonas_sp_	873	-	+	0	-930	-58	85466	86338	WP_320341820.1#106	NZ_JAVEUF010000002.1	GCF_034005705.1
WP_320341819.1#106|Sulfurimonas_sp_	342	-	+	125	1	342	85066	85407	WP_320341819.1#106	NZ_JAVEUF010000002.1	GCF_034005705.1
WP_320341819.1#106|Sulfurimonas_sp_	273	-	+	1	335	607	84801	85073	WP_105916250.1#106	NZ_JAVEUF010000002.1	GCF_034005705.1
WP_320341819.1#106|Sulfurimonas_sp_	201	-	+	0	910	1110	84298	84498	WP_320341818.1#106	NZ_JAVEUF010000002.1	GCF_034005705.1
WP_320341819.1#106|Sulfurimonas_sp_	810	-	+	0	1255	2064	83344	84153	WP_320341817.1#106	NZ_JAVEUF010000002.1	GCF_034005705.1
WP_320341819.1#106|Sulfurimonas_sp_	597	-	+	0	2077	2673	82735	83331	WP_320341816.1#106	NZ_JAVEUF010000002.1	GCF_034005705.1



WP_231021083.1#166|Thiomicrolovo_sulfuroxydans	168	+	+	0	-3471	-3304	1128758	1128925	WP_231021079.1#166	NZ_CP087998.1	GCF_021044585.1
WP_231021083.1#166|Thiomicrolovo_sulfuroxydans	414	+	+	0	-3297	-2884	1128932	1129345	WP_231021080.1#166	NZ_CP087998.1	GCF_021044585.1
WP_231021083.1#166|Thiomicrolovo_sulfuroxydans	846	+	-	68	-2233	-1388	1129996	1130841	WP_231021081.1#166	NZ_CP087998.1	GCF_021044585.1
WP_231021083.1#166|Thiomicrolovo_sulfuroxydans	660	+	+	0	-711	-52	1131518	1132177	WP_231021082.1#166	NZ_CP087998.1	GCF_021044585.1
WP_231021083.1#166|Thiomicrolovo_sulfuroxydans	339	+	+	125	1	339	1132230	1132568	WP_231021083.1#166	NZ_CP087998.1	GCF_021044585.1
WP_231021083.1#166|Thiomicrolovo_sulfuroxydans	273	+	+	1	336	608	1132565	1132837	WP_231021084.1#166	NZ_CP087998.1	GCF_021044585.1
WP_231021083.1#166|Thiomicrolovo_sulfuroxydans	195	+	+	0	614	808	1132843	1133037	WP_231021224.1#166	NZ_CP087998.1	GCF_021044585.1
WP_231021083.1#166|Thiomicrolovo_sulfuroxydans	2973	+	-	8	813	3785	1133042	1136014	WP_231021085.1#166	NZ_CP087998.1	GCF_021044585.1
WP_231021083.1#166|Thiomicrolovo_sulfuroxydans	1071	+	-	0	3778	4848	1136007	1137077	WP_231021086.1#166	NZ_CP087998.1	GCF_021044585.1



WP_175911336.1#41|Burkholderia_metallica	3105	+	-	15	-10081	-6977	3520	6624	WP_226243190.1#41	NZ_JAIZQJ010000010.1	GCF_020419265.1
WP_175911336.1#41|Burkholderia_metallica	3426	+	-	0	-6404	-2979	7197	10622	WP_226243320.1#41	NZ_JAIZQJ010000010.1	GCF_020419265.1
WP_175911336.1#41|Burkholderia_metallica	1557	+	-	0	-2915	-1359	10686	12242	WP_404822553.1#41	NZ_JAIZQJ010000010.1	GCF_020419265.1
WP_175911336.1#41|Burkholderia_metallica	633	+	+	0	-847	-215	12754	13386	WP_012365191.1#41	NZ_JAIZQJ010000010.1	GCF_020419265.1
WP_175911336.1#41|Burkholderia_metallica	342	+	+	125	1	342	13602	13943	WP_175911336.1#41	NZ_JAIZQJ010000010.1	GCF_020419265.1
WP_175911336.1#41|Burkholderia_metallica	288	+	+	1	329	616	13930	14217	WP_012365189.1#41	NZ_JAIZQJ010000010.1	GCF_020419265.1
WP_175911336.1#41|Burkholderia_metallica	570	+	-	0	828	1397	14429	14998	WP_226243191.1#41	NZ_JAIZQJ010000010.1	GCF_020419265.1
WP_175911336.1#41|Burkholderia_metallica	459	+	-	0	1617	2075	15218	15676	WP_006749370.1#41	NZ_JAIZQJ010000010.1	GCF_020419265.1
WP_175911336.1#41|Burkholderia_metallica	735	+	+	0	2200	2934	15801	16535	WP_011356490.1#41	NZ_JAIZQJ010000010.1	GCF_020419265.1



WP_012281107.1#143|Francisella_philomiragia	507	-	+	0	-593	-87	83644	84150	WP_012281108.1#143	NZ_JACVJY010000016.1	GCF_016600535.1
WP_012281107.1#143|Francisella_philomiragia	321	-	+	125	1	321	83236	83556	WP_012281107.1#143	NZ_JACVJY010000016.1	GCF_016600535.1
WP_012281107.1#143|Francisella_philomiragia	291	-	+	1	318	608	82949	83239	WP_012281106.1#143	NZ_JACVJY010000016.1	GCF_016600535.1
WP_012281107.1#143|Francisella_philomiragia	1197	-	-	0	623	1819	81738	82934	WP_012281105.1#143	NZ_JACVJY010000016.1	GCF_016600535.1
WP_012281107.1#143|Francisella_philomiragia	1926	-	-	0	1809	3734	79823	81748	WP_012281104.1#143	NZ_JACVJY010000016.1	GCF_016600535.1
WP_012281107.1#143|Francisella_philomiragia	996	-	-	0	3903	4898	78659	79654	WP_012281103.1#143	NZ_JACVJY010000016.1	GCF_016600535.1



WP_136630608.1#67|Marinobacter_sp_	1044	+	-	0	-3224	-2181	447356	448399	WP_291906362.1#67	NZ_JAEPNG010000002.1	GCF_017643545.1
WP_136630608.1#67|Marinobacter_sp_	996	+	-	0	-2153	-1158	448427	449422	WP_291906364.1#67	NZ_JAEPNG010000002.1	GCF_017643545.1
WP_136630608.1#67|Marinobacter_sp_	285	+	-	0	-893	-609	449687	449971	WP_291906365.1#67	NZ_JAEPNG010000002.1	GCF_017643545.1
WP_136630608.1#67|Marinobacter_sp_	168	+	+	0	-347	-180	450233	450400	WP_291906367.1#67	NZ_JAEPNG010000002.1	GCF_017643545.1
WP_136630608.1#67|Marinobacter_sp_	324	+	+	125	1	324	450581	450904	WP_136630608.1#67	NZ_JAEPNG010000002.1	GCF_017643545.1
WP_136630608.1#67|Marinobacter_sp_	291	+	+	1	321	611	450901	451191	WP_291906369.1#67	NZ_JAEPNG010000002.1	GCF_017643545.1
WP_136630608.1#67|Marinobacter_sp_	954	+	-	0	665	1618	451245	452198	WP_136630612.1#67	NZ_JAEPNG010000002.1	GCF_017643545.1
WP_136630608.1#67|Marinobacter_sp_	1011	+	-	0	1670	2680	452250	453260	WP_291906371.1#67	NZ_JAEPNG010000002.1	GCF_017643545.1
WP_136630608.1#67|Marinobacter_sp_	813	+	-	0	2727	3539	453307	454119	WP_291906373.1#67	NZ_JAEPNG010000002.1	GCF_017643545.1



WP_090943877.1#13|Pelosinus_propionicus_DSM_13327	357	+	+	0	-3012	-2656	11258	11614	WP_090943858.1#13	NZ_FOTS01000072.1	GCF_900114615.1
WP_090943877.1#13|Pelosinus_propionicus_DSM_13327	393	+	-	0	-2622	-2230	11648	12040	WP_090943862.1#13	NZ_FOTS01000072.1	GCF_900114615.1
WP_090943877.1#13|Pelosinus_propionicus_DSM_13327	255	+	+	0	-1846	-1592	12424	12678	WP_090943868.1#13	NZ_FOTS01000072.1	GCF_900114615.1
WP_090943877.1#13|Pelosinus_propionicus_DSM_13327	1035	+	+	0	-1424	-390	12846	13880	WP_090943874.1#13	NZ_FOTS01000072.1	GCF_900114615.1
WP_090943877.1#13|Pelosinus_propionicus_DSM_13327	393	+	+	125	1	393	14271	14663	WP_090943877.1#13	NZ_FOTS01000072.1	GCF_900114615.1
WP_090943877.1#13|Pelosinus_propionicus_DSM_13327	270	+	+	1	374	643	14644	14913	WP_217645142.1#13	NZ_FOTS01000072.1	GCF_900114615.1
WP_090943877.1#13|Pelosinus_propionicus_DSM_13327	297	+	+	0	785	1081	15055	15351	WP_090943879.1#13	NZ_FOTS01000072.1	GCF_900114615.1
WP_090943877.1#13|Pelosinus_propionicus_DSM_13327	291	+	+	0	1078	1368	15348	15638	WP_090943882.1#13	NZ_FOTS01000072.1	GCF_900114615.1
WP_090943877.1#13|Pelosinus_propionicus_DSM_13327	300	+	+	0	1373	1672	15643	15942	WP_090943885.1#13	NZ_FOTS01000072.1	GCF_900114615.1



WP_069875353.1#148|Fusibacter_sp__3D3	1626	-	-	0	-4422	-2797	15285	16910	WP_069875357.1#148	NZ_BDHH01000014.1	GCF_001748365.1
WP_069875353.1#148|Fusibacter_sp__3D3	459	-	-	0	-2657	-2199	14687	15145	WP_084389090.1#148	NZ_BDHH01000014.1	GCF_001748365.1
WP_069875353.1#148|Fusibacter_sp__3D3	1049	-	+	127	-2111	-1063	13551	14599	pseudogene_148.1*#148	NZ_BDHH01000014.1	GCF_001748365.1
WP_069875353.1#148|Fusibacter_sp__3D3	270	-	-	0	-559	-290	12778	13047	WP_069875354.1#148	NZ_BDHH01000014.1	GCF_001748365.1
WP_069875353.1#148|Fusibacter_sp__3D3	366	-	+	125	1	366	12122	12487	WP_069875353.1#148	NZ_BDHH01000014.1	GCF_001748365.1
WP_069875353.1#148|Fusibacter_sp__3D3	270	-	+	1	363	632	11856	12125	WP_069875352.1#148	NZ_BDHH01000014.1	GCF_001748365.1
WP_069875353.1#148|Fusibacter_sp__3D3	300	-	-	1	836	1135	11353	11652	WP_069875351.1#148	NZ_BDHH01000014.1	GCF_001748365.1
WP_069875353.1#148|Fusibacter_sp__3D3	324	-	-	0	1148	1471	11017	11340	WP_069875350.1#148	NZ_BDHH01000014.1	GCF_001748365.1
WP_069875353.1#148|Fusibacter_sp__3D3	510	-	-	127	2111	2620	9868	10377	pseudogene_148.4*#148	NZ_BDHH01000014.1	GCF_001748365.1



WP_053954678.1#64|Inediibacterium_massiliense	406	-	-	127	-3113	-2708	19907	20312	pseudogene_64.4*#64	NZ_LN876576.1	GCF_001282725.1
WP_053954678.1#64|Inediibacterium_massiliense	390	-	-	0	-2628	-2239	19438	19827	WP_053954681.1#64	NZ_LN876576.1	GCF_001282725.1
WP_053954678.1#64|Inediibacterium_massiliense	354	-	-	0	-1758	-1405	18604	18957	WP_053954680.1#64	NZ_LN876576.1	GCF_001282725.1
WP_053954678.1#64|Inediibacterium_massiliense	1068	-	-	70	-1415	-348	17547	18614	WP_053954679.1#64	NZ_LN876576.1	GCF_001282725.1
WP_053954678.1#64|Inediibacterium_massiliense	378	-	+	125	1	378	16821	17198	WP_053954678.1#64	NZ_LN876576.1	GCF_001282725.1
WP_053954678.1#64|Inediibacterium_massiliense	270	-	+	1	375	644	16555	16824	WP_053954677.1#64	NZ_LN876576.1	GCF_001282725.1
WP_053954678.1#64|Inediibacterium_massiliense	93	-	-	70	700	792	16407	16499	WP_242847886.1#64	NZ_LN876576.1	GCF_001282725.1
WP_053954678.1#64|Inediibacterium_massiliense	201	-	-	0	1389	1589	15610	15810	WP_053954676.1#64	NZ_LN876576.1	GCF_001282725.1
WP_053954678.1#64|Inediibacterium_massiliense	360	-	-	92	1723	2082	15117	15476	WP_053954675.1#64	NZ_LN876576.1	GCF_001282725.1



WP_253348714.1#179|Sebaldella_sp__S0638	1755	-	+	2	-7183	-5429	40001	41755	WP_253348718.1#179	NZ_JAMZGM010000028.1	GCF_024158605.1
WP_253348714.1#179|Sebaldella_sp__S0638	2058	-	+	2	-5429	-3372	37944	40001	WP_253348717.1#179	NZ_JAMZGM010000028.1	GCF_024158605.1
WP_253348714.1#179|Sebaldella_sp__S0638	1269	-	+	0	-2900	-1632	36204	37472	WP_253348716.1#179	NZ_JAMZGM010000028.1	GCF_024158605.1
WP_253348714.1#179|Sebaldella_sp__S0638	1344	-	+	72	-1472	-129	34701	36044	WP_253348715.1#179	NZ_JAMZGM010000028.1	GCF_024158605.1
WP_253348714.1#179|Sebaldella_sp__S0638	348	-	+	125	1	348	34224	34571	WP_253348714.1#179	NZ_JAMZGM010000028.1	GCF_024158605.1
WP_253348714.1#179|Sebaldella_sp__S0638	273	-	+	1	345	617	33955	34227	WP_253348713.1#179	NZ_JAMZGM010000028.1	GCF_024158605.1
WP_253348714.1#179|Sebaldella_sp__S0638	1443	-	+	0	954	2396	32176	33618	WP_253348712.1#179	NZ_JAMZGM010000028.1	GCF_024158605.1
WP_253348714.1#179|Sebaldella_sp__S0638	597	-	+	0	2415	3011	31561	32157	WP_253348711.1#179	NZ_JAMZGM010000028.1	GCF_024158605.1
WP_253348714.1#179|Sebaldella_sp__S0638	1122	-	+	0	3371	4492	30080	31201	WP_253348710.1#179	NZ_JAMZGM010000028.1	GCF_024158605.1



WP_279025471.1#182|Gemmiger_formicilis	510	+	+	0	-2552	-2043	13032	13541	WP_078784336.1#182	NZ_CEVQTG010000060.1	GCF_982343595.1
WP_279025471.1#182|Gemmiger_formicilis	222	+	+	0	-1893	-1672	13691	13912	WP_078784335.1#182	NZ_CEVQTG010000060.1	GCF_982343595.1
WP_279025471.1#182|Gemmiger_formicilis	561	+	+	0	-1549	-989	14035	14595	WP_147609310.1#182	NZ_CEVQTG010000060.1	GCF_982343595.1
WP_279025471.1#182|Gemmiger_formicilis	89	+	+	126	-533	-445	15051	15139	tRNA_182.0*#182	NZ_CEVQTG010000060.1	GCF_982343595.1
WP_279025471.1#182|Gemmiger_formicilis	384	+	+	125	1	384	15585	15968	WP_279025471.1#182	NZ_CEVQTG010000060.1	GCF_982343595.1
WP_279025471.1#182|Gemmiger_formicilis	273	+	+	1	550	822	16134	16406	WP_279025426.1#182	NZ_CEVQTG010000060.1	GCF_982343595.1
WP_279025471.1#182|Gemmiger_formicilis	218	+	-	3	880	1097	16464	16681	WP_476399872.1#182	NZ_CEVQTG010000060.1	GCF_982343595.1



WP_007047937.1#191|Subdoligranulum_variabile	273	+	-	45	-2164	-1892	1690296	1690568	WP_050764732.1#191	NZ_CP102293.1	GCF_025152575.1
WP_007047937.1#191|Subdoligranulum_variabile	582	+	+	1	-1659	-1078	1690801	1691382	WP_040918389.1#191	NZ_CP102293.1	GCF_025152575.1
WP_007047937.1#191|Subdoligranulum_variabile	312	+	-	1	-1010	-699	1691450	1691761	WP_007047939.1#191	NZ_CP102293.1	GCF_025152575.1
WP_007047937.1#191|Subdoligranulum_variabile	507	+	+	0	-567	-61	1691893	1692399	WP_007047938.1#191	NZ_CP102293.1	GCF_025152575.1
WP_007047937.1#191|Subdoligranulum_variabile	354	+	+	125	1	354	1692461	1692814	WP_007047937.1#191	NZ_CP102293.1	GCF_025152575.1
WP_007047937.1#191|Subdoligranulum_variabile	273	+	+	1	632	904	1693092	1693364	WP_007047935.1#191	NZ_CP102293.1	GCF_025152575.1
WP_007047937.1#191|Subdoligranulum_variabile	573	+	+	0	1338	1910	1693798	1694370	WP_007047934.1#191	NZ_CP102293.1	GCF_025152575.1
WP_007047937.1#191|Subdoligranulum_variabile	732	+	-	0	2241	2972	1694701	1695432	WP_007047933.1#191	NZ_CP102293.1	GCF_025152575.1
WP_007047937.1#191|Subdoligranulum_variabile	3090	+	-	8	2978	6067	1695438	1698527	WP_259951058.1#191	NZ_CP102293.1	GCF_025152575.1



WP_207599003.1#70|Proteiniclasticum_aestuarii	1545	+	+	22	-4604	-3060	199200	200744	WP_207598999.1#70	NZ_JAFNJU010000003.1	GCF_017368455.1
WP_207599003.1#70|Proteiniclasticum_aestuarii	1239	+	+	46	-3047	-1809	200757	201995	WP_207599000.1#70	NZ_JAFNJU010000003.1	GCF_017368455.1
WP_207599003.1#70|Proteiniclasticum_aestuarii	1092	+	+	0	-1768	-677	202036	203127	WP_207599001.1#70	NZ_JAFNJU010000003.1	GCF_017368455.1
WP_207599003.1#70|Proteiniclasticum_aestuarii	477	+	+	0	-664	-188	203140	203616	WP_207599002.1#70	NZ_JAFNJU010000003.1	GCF_017368455.1
WP_207599003.1#70|Proteiniclasticum_aestuarii	345	+	+	125	1	345	203805	204149	WP_207599003.1#70	NZ_JAFNJU010000003.1	GCF_017368455.1
WP_207599003.1#70|Proteiniclasticum_aestuarii	285	+	+	1	342	626	204146	204430	WP_207599004.1#70	NZ_JAFNJU010000003.1	GCF_017368455.1
WP_207599003.1#70|Proteiniclasticum_aestuarii	339	+	-	0	830	1168	204634	204972	WP_207599005.1#70	NZ_JAFNJU010000003.1	GCF_017368455.1
WP_207599003.1#70|Proteiniclasticum_aestuarii	246	+	+	0	1365	1610	205169	205414	WP_207599006.1#70	NZ_JAFNJU010000003.1	GCF_017368455.1
WP_207599003.1#70|Proteiniclasticum_aestuarii	561	+	+	3	3026	3586	206830	207390	WP_207599007.1#70	NZ_JAFNJU010000003.1	GCF_017368455.1



WP_207300866.1#20|Alkalibacter_rhizosphaerae	435	-	+	0	-2129	-1695	1139425	1139859	WP_207300870.1#20	NZ_CP071444.1	GCF_017352215.1
WP_207300866.1#20|Alkalibacter_rhizosphaerae	342	-	+	0	-1698	-1357	1139087	1139428	WP_207300869.1#20	NZ_CP071444.1	GCF_017352215.1
WP_207300866.1#20|Alkalibacter_rhizosphaerae	591	-	+	0	-1353	-763	1138493	1139083	WP_207300868.1#20	NZ_CP071444.1	GCF_017352215.1
WP_207300866.1#20|Alkalibacter_rhizosphaerae	399	-	+	0	-759	-361	1138091	1138489	WP_207300867.1#20	NZ_CP071444.1	GCF_017352215.1
WP_207300866.1#20|Alkalibacter_rhizosphaerae	366	-	+	125	1	366	1137364	1137729	WP_207300866.1#20	NZ_CP071444.1	GCF_017352215.1
WP_207300866.1#20|Alkalibacter_rhizosphaerae	297	-	+	1	359	655	1137075	1137371	WP_207300865.1#20	NZ_CP071444.1	GCF_017352215.1
WP_207300866.1#20|Alkalibacter_rhizosphaerae	2547	-	+	0	771	3317	1134413	1136959	WP_207300864.1#20	NZ_CP071444.1	GCF_017352215.1
WP_207300866.1#20|Alkalibacter_rhizosphaerae	852	-	+	0	3330	4181	1133549	1134400	WP_207300863.1#20	NZ_CP071444.1	GCF_017352215.1
WP_207300866.1#20|Alkalibacter_rhizosphaerae	1041	-	+	0	4183	5223	1132507	1133547	WP_207300862.1#20	NZ_CP071444.1	GCF_017352215.1



WP_160722943.1#164|Isachenkonia_alkalipeptolytica	579	-	+	38	-5049	-4471	29767	30345	WP_160722949.1#164	NZ_SUMG01000022.1	GCF_009910325.1
WP_160722943.1#164|Isachenkonia_alkalipeptolytica	852	-	+	0	-4455	-3604	28900	29751	WP_160722947.1#164	NZ_SUMG01000022.1	GCF_009910325.1
WP_160722943.1#164|Isachenkonia_alkalipeptolytica	135	-	-	98	-3231	-3097	28393	28527	WP_306770742.1#164	NZ_SUMG01000022.1	GCF_009910325.1
WP_160722943.1#164|Isachenkonia_alkalipeptolytica	2817	-	+	69	-2985	-169	25465	28281	WP_160722945.1#164	NZ_SUMG01000022.1	GCF_009910325.1
WP_160722943.1#164|Isachenkonia_alkalipeptolytica	366	-	+	125	1	366	24930	25295	WP_160722943.1#164	NZ_SUMG01000022.1	GCF_009910325.1
WP_160722943.1#164|Isachenkonia_alkalipeptolytica	306	-	+	1	359	664	24632	24937	WP_236660373.1#164	NZ_SUMG01000022.1	GCF_009910325.1
WP_160722943.1#164|Isachenkonia_alkalipeptolytica	267	-	-	98	813	1079	24217	24483	WP_160722941.1#164	NZ_SUMG01000022.1	GCF_009910325.1
WP_160722943.1#164|Isachenkonia_alkalipeptolytica	177	-	+	0	1849	2025	23271	23447	WP_160722939.1#164	NZ_SUMG01000022.1	GCF_009910325.1
WP_160722943.1#164|Isachenkonia_alkalipeptolytica	615	-	+	0	2058	2672	22624	23238	WP_160722937.1#164	NZ_SUMG01000022.1	GCF_009910325.1



WP_008423822.1#3|Clostridium_sp__LS	807	-	+	0	-4018	-3212	95259	96065	WP_008423813.1#3	NZ_AUUU01000046.1	GCF_002760435.1
WP_008423822.1#3|Clostridium_sp__LS	858	-	+	0	-3222	-2365	94412	95269	WP_008423815.1#3	NZ_AUUU01000046.1	GCF_002760435.1
WP_008423822.1#3|Clostridium_sp__LS	1365	-	+	0	-2365	-1001	93048	94412	WP_008423818.1#3	NZ_AUUU01000046.1	GCF_002760435.1
WP_008423822.1#3|Clostridium_sp__LS	930	-	+	0	-1004	-75	92122	93051	WP_008423820.1#3	NZ_AUUU01000046.1	GCF_002760435.1
WP_008423822.1#3|Clostridium_sp__LS	366	-	+	125	1	366	91681	92046	WP_008423822.1#3	NZ_AUUU01000046.1	GCF_002760435.1
WP_008423822.1#3|Clostridium_sp__LS	285	-	+	1	359	643	91404	91688	WP_008423823.1#3	NZ_AUUU01000046.1	GCF_002760435.1
WP_008423822.1#3|Clostridium_sp__LS	816	-	+	0	766	1581	90466	91281	WP_342590018.1#3	NZ_AUUU01000046.1	GCF_002760435.1
WP_008423822.1#3|Clostridium_sp__LS	408	-	+	0	1593	2000	90047	90454	WP_008423827.1#3	NZ_AUUU01000046.1	GCF_002760435.1
WP_008423822.1#3|Clostridium_sp__LS	555	-	+	0	1991	2545	89502	90056	WP_008423829.1#3	NZ_AUUU01000046.1	GCF_002760435.1



WP_005813400.1#1|Desulfitobacterium_hafniense_DP7	759	+	+	27	-3090	-2332	10994	11752	WP_035214220.1#1	NZ_JH414479.1	GCF_000238035.1
WP_005813400.1#1|Desulfitobacterium_hafniense_DP7	1200	+	+	0	-2120	-921	11964	13163	WP_035214222.1#1	NZ_JH414479.1	GCF_000238035.1
WP_005813400.1#1|Desulfitobacterium_hafniense_DP7	510	+	+	0	-855	-346	13229	13738	WP_035214224.1#1	NZ_JH414479.1	GCF_000238035.1
WP_005813400.1#1|Desulfitobacterium_hafniense_DP7	180	+	+	0	-315	-136	13769	13948	WP_005813398.1#1	NZ_JH414479.1	GCF_000238035.1
WP_005813400.1#1|Desulfitobacterium_hafniense_DP7	357	+	+	125	1	357	14085	14441	WP_005813400.1#1	NZ_JH414479.1	GCF_000238035.1
WP_005813400.1#1|Desulfitobacterium_hafniense_DP7	285	+	+	1	350	634	14434	14718	WP_005813402.1#1	NZ_JH414479.1	GCF_000238035.1
WP_005813400.1#1|Desulfitobacterium_hafniense_DP7	570	+	+	0	813	1382	14897	15466	WP_005813404.1#1	NZ_JH414479.1	GCF_000238035.1
WP_005813400.1#1|Desulfitobacterium_hafniense_DP7	1005	+	+	0	1401	2405	15485	16489	WP_005813406.1#1	NZ_JH414479.1	GCF_000238035.1
WP_005813400.1#1|Desulfitobacterium_hafniense_DP7	996	+	+	0	2446	3441	16530	17525	WP_005813407.1#1	NZ_JH414479.1	GCF_000238035.1



WP_298588239.1#27|uncultured_Selenomonas_sp_	1584	+	-	43	-5458	-3875	187	1770	WP_298588230.1#27	NZ_CALJVE010000083.1	GCF_937974725.1
WP_298588239.1#27|uncultured_Selenomonas_sp_	1128	+	+	0	-3595	-2468	2050	3177	WP_298588233.1#27	NZ_CALJVE010000083.1	GCF_937974725.1
WP_298588239.1#27|uncultured_Selenomonas_sp_	1194	+	+	0	-2462	-1269	3183	4376	WP_298588235.1#27	NZ_CALJVE010000083.1	GCF_937974725.1
WP_298588239.1#27|uncultured_Selenomonas_sp_	1089	+	+	0	-1200	-112	4445	5533	WP_298588237.1#27	NZ_CALJVE010000083.1	GCF_937974725.1
WP_298588239.1#27|uncultured_Selenomonas_sp_	363	+	+	125	1	363	5646	6008	WP_298588239.1#27	NZ_CALJVE010000083.1	GCF_937974725.1
WP_298588239.1#27|uncultured_Selenomonas_sp_	282	+	+	1	360	641	6005	6286	WP_009646139.1#27	NZ_CALJVE010000083.1	GCF_937974725.1
WP_298588239.1#27|uncultured_Selenomonas_sp_	1608	+	-	0	717	2324	6362	7969	WP_298588241.1#27	NZ_CALJVE010000083.1	GCF_937974725.1
WP_298588239.1#27|uncultured_Selenomonas_sp_	723	+	-	0	2340	3062	7985	8707	WP_298588243.1#27	NZ_CALJVE010000083.1	GCF_937974725.1
WP_298588239.1#27|uncultured_Selenomonas_sp_	3450	+	-	93	3137	6586	8782	12231	WP_298588246.1#27	NZ_CALJVE010000083.1	GCF_937974725.1



WP_315444073.1#105|uncultured_Selenomonas_sp_	237	+	-	0	-3195	-2959	44615	44851	WP_315444069.1#105	NZ_CAUVAK010000008.1	GCF_963550025.1
WP_315444073.1#105|uncultured_Selenomonas_sp_	174	+	-	108	-2924	-2751	44886	45059	WP_315444070.1#105	NZ_CAUVAK010000008.1	GCF_963550025.1
WP_315444073.1#105|uncultured_Selenomonas_sp_	963	+	+	43	-2651	-1689	45159	46121	WP_315444071.1#105	NZ_CAUVAK010000008.1	GCF_963550025.1
WP_315444073.1#105|uncultured_Selenomonas_sp_	1254	+	+	0	-1309	-56	46501	47754	WP_315444072.1#105	NZ_CAUVAK010000008.1	GCF_963550025.1
WP_315444073.1#105|uncultured_Selenomonas_sp_	375	+	+	125	1	375	47811	48185	WP_315444073.1#105	NZ_CAUVAK010000008.1	GCF_963550025.1
WP_315444073.1#105|uncultured_Selenomonas_sp_	282	+	+	1	359	640	48169	48450	WP_315444074.1#105	NZ_CAUVAK010000008.1	GCF_963550025.1
WP_315444073.1#105|uncultured_Selenomonas_sp_	4302	+	-	0	803	5104	48613	52914	WP_315444075.1#105	NZ_CAUVAK010000008.1	GCF_963550025.1
WP_315444073.1#105|uncultured_Selenomonas_sp_	702	+	+	0	5351	6052	53161	53862	WP_315444076.1#105	NZ_CAUVAK010000008.1	GCF_963550025.1
WP_315444073.1#105|uncultured_Selenomonas_sp_	1071	+	+	0	6250	7320	54060	55130	WP_315444077.1#105	NZ_CAUVAK010000008.1	GCF_963550025.1



WP_195985408.1#109|Clostridium_sp__D33t1_170424_F3	240	-	-	0	-2885	-2646	114183	114422	WP_195985411.1#109	NZ_JADPEG010000011.1	GCF_015667585.1
WP_195985408.1#109|Clostridium_sp__D33t1_170424_F3	1392	-	+	121	-2539	-1148	112685	114076	WP_195985410.1#109	NZ_JADPEG010000011.1	GCF_015667585.1
WP_195985408.1#109|Clostridium_sp__D33t1_170424_F3	126	-	+	127	-1135	-1010	112547	112672	pseudogene_109.0*#109	NZ_JADPEG010000011.1	GCF_015667585.1
WP_195985408.1#109|Clostridium_sp__D33t1_170424_F3	576	-	+	0	-923	-348	111885	112460	WP_195985409.1#109	NZ_JADPEG010000011.1	GCF_015667585.1
WP_195985408.1#109|Clostridium_sp__D33t1_170424_F3	366	-	+	125	1	366	111171	111536	WP_195985408.1#109	NZ_JADPEG010000011.1	GCF_015667585.1
WP_195985408.1#109|Clostridium_sp__D33t1_170424_F3	291	-	+	1	363	653	110884	111174	WP_195985407.1#109	NZ_JADPEG010000011.1	GCF_015667585.1
WP_195985408.1#109|Clostridium_sp__D33t1_170424_F3	903	-	+	0	889	1791	109746	110648	WP_195985406.1#109	NZ_JADPEG010000011.1	GCF_015667585.1
WP_195985408.1#109|Clostridium_sp__D33t1_170424_F3	192	-	+	0	1785	1976	109561	109752	WP_195985405.1#109	NZ_JADPEG010000011.1	GCF_015667585.1
WP_195985408.1#109|Clostridium_sp__D33t1_170424_F3	330	-	+	0	1989	2318	109219	109548	WP_195985404.1#109	NZ_JADPEG010000011.1	GCF_015667585.1



WP_330386763.1#62|Robinsoniella_peoriensis	1257	-	+	4	-2986	-1730	17915	19171	WP_044296607.1#62	NZ_CABMJZ010000074.1	GCF_902386795.1
WP_330386763.1#62|Robinsoniella_peoriensis	360	-	+	0	-1726	-1367	17552	17911	WP_027296916.1#62	NZ_CABMJZ010000074.1	GCF_902386795.1
WP_330386763.1#62|Robinsoniella_peoriensis	381	-	+	0	-1252	-872	17057	17437	WP_044296606.1#62	NZ_CABMJZ010000074.1	GCF_902386795.1
WP_330386763.1#62|Robinsoniella_peoriensis	516	-	+	0	-784	-269	16454	16969	WP_070041600.1#62	NZ_CABMJZ010000074.1	GCF_902386795.1
WP_330386763.1#62|Robinsoniella_peoriensis	372	-	+	125	1	372	15813	16184	WP_330386763.1#62	NZ_CABMJZ010000074.1	GCF_902386795.1
WP_330386763.1#62|Robinsoniella_peoriensis	288	-	+	1	362	649	15536	15823	WP_330386762.1#62	NZ_CABMJZ010000074.1	GCF_902386795.1
WP_330386763.1#62|Robinsoniella_peoriensis	1161	-	+	0	1097	2257	13928	15088	WP_027296919.1#62	NZ_CABMJZ010000074.1	GCF_902386795.1
WP_330386763.1#62|Robinsoniella_peoriensis	519	-	+	113	2291	2809	13376	13894	WP_070041598.1#62	NZ_CABMJZ010000074.1	GCF_902386795.1
WP_330386763.1#62|Robinsoniella_peoriensis	684	-	+	0	2872	3555	12630	13313	WP_027296921.1#62	NZ_CABMJZ010000074.1	GCF_902386795.1



WP_162369132.1#176|Anaerotalea_alkaliphila	300	+	-	65	-4981	-4682	73925	74224	WP_162369128.1#176	NZ_JAAEEH010000002.1	GCF_010179735.1
WP_162369132.1#176|Anaerotalea_alkaliphila	405	+	+	0	-4195	-3791	74711	75115	WP_425481800.1#176	NZ_JAAEEH010000002.1	GCF_010179735.1
WP_162369132.1#176|Anaerotalea_alkaliphila	1245	+	+	12	-3701	-2457	75205	76449	WP_162369130.1#176	NZ_JAAEEH010000002.1	GCF_010179735.1
WP_162369132.1#176|Anaerotalea_alkaliphila	570	+	+	0	-863	-294	78043	78612	WP_162369131.1#176	NZ_JAAEEH010000002.1	GCF_010179735.1
WP_162369132.1#176|Anaerotalea_alkaliphila	366	+	+	125	1	366	78907	79272	WP_162369132.1#176	NZ_JAAEEH010000002.1	GCF_010179735.1
WP_162369132.1#176|Anaerotalea_alkaliphila	303	+	+	1	341	643	79247	79549	WP_343032780.1#176	NZ_JAAEEH010000002.1	GCF_010179735.1
WP_162369132.1#176|Anaerotalea_alkaliphila	744	+	-	65	1060	1803	79966	80709	WP_162369133.1#176	NZ_JAAEEH010000002.1	GCF_010179735.1
WP_162369132.1#176|Anaerotalea_alkaliphila	906	+	+	0	1995	2900	80901	81806	WP_212505673.1#176	NZ_JAAEEH010000002.1	GCF_010179735.1
WP_162369132.1#176|Anaerotalea_alkaliphila	1185	+	+	0	2913	4097	81819	83003	WP_162369134.1#176	NZ_JAAEEH010000002.1	GCF_010179735.1



WP_291945217.1#124|Cetobacterium_sp_	363	-	+	125	1	363	3480	3842	WP_291945217.1#124	NZ_DXLI01000148.1	GCF_019414805.1
WP_291945217.1#124|Cetobacterium_sp_	282	-	+	1	353	634	3209	3490	WP_291945214.1#124	NZ_DXLI01000148.1	GCF_019414805.1
WP_291945217.1#124|Cetobacterium_sp_	315	-	+	0	1291	1605	2238	2552	WP_291945211.1#124	NZ_DXLI01000148.1	GCF_019414805.1
WP_291945217.1#124|Cetobacterium_sp_	750	-	+	0	1602	2351	1492	2241	WP_291945207.1#124	NZ_DXLI01000148.1	GCF_019414805.1
WP_291945217.1#124|Cetobacterium_sp_	273	-	+	48	2567	2839	1004	1276	WP_365864378.1#124	NZ_DXLI01000148.1	GCF_019414805.1



WP_273401452.1#113|Traorella_massiliensis	1272	-	+	0	-4166	-2895	24603	25874	WP_273401456.1#113	NZ_CALUXQ010000064.1	GCF_944324785.1
WP_273401452.1#113|Traorella_massiliensis	240	-	+	0	-2829	-2590	24298	24537	WP_071440862.1#113	NZ_CALUXQ010000064.1	GCF_944324785.1
WP_273401452.1#113|Traorella_massiliensis	276	-	+	0	-2590	-2315	24023	24298	WP_071440861.1#113	NZ_CALUXQ010000064.1	GCF_944324785.1
WP_273401452.1#113|Traorella_massiliensis	1884	-	+	4	-2318	-435	22143	24026	WP_273401454.1#113	NZ_CALUXQ010000064.1	GCF_944324785.1
WP_273401452.1#113|Traorella_massiliensis	354	-	+	125	1	354	21354	21707	WP_273401452.1#113	NZ_CALUXQ010000064.1	GCF_944324785.1
WP_273401452.1#113|Traorella_massiliensis	285	-	+	1	354	638	21070	21354	WP_273401450.1#113	NZ_CALUXQ010000064.1	GCF_944324785.1
WP_273401452.1#113|Traorella_massiliensis	468	-	+	0	833	1300	20408	20875	WP_071440857.1#113	NZ_CALUXQ010000064.1	GCF_944324785.1
WP_273401452.1#113|Traorella_massiliensis	867	-	+	0	1316	2182	19526	20392	WP_273401447.1#113	NZ_CALUXQ010000064.1	GCF_944324785.1
WP_273401452.1#113|Traorella_massiliensis	810	-	+	0	2324	3133	18575	19384	WP_273401446.1#113	NZ_CALUXQ010000064.1	GCF_944324785.1



WP_285049212.1#169|Fusobacterium_necrophorum	516	-	-	0	-1748	-1233	5351	5866	WP_285049217.1#169	NZ_JAMGTP010000026.1	GCF_030180865.1
WP_285049212.1#169|Fusobacterium_necrophorum	144	-	+	0	-739	-596	4714	4857	WP_285049216.1#169	NZ_JAMGTP010000026.1	GCF_030180865.1
WP_285049212.1#169|Fusobacterium_necrophorum	312	-	+	0	-596	-285	4403	4714	WP_285049214.1#169	NZ_JAMGTP010000026.1	GCF_030180865.1
WP_285049212.1#169|Fusobacterium_necrophorum	213	-	+	0	-253	-41	4159	4371	WP_285049754.1#169	NZ_JAMGTP010000026.1	GCF_030180865.1
WP_285049212.1#169|Fusobacterium_necrophorum	354	-	+	125	1	354	3764	4117	WP_285049212.1#169	NZ_JAMGTP010000026.1	GCF_030180865.1
WP_285049212.1#169|Fusobacterium_necrophorum	270	-	+	1	344	613	3505	3774	WP_285049210.1#169	NZ_JAMGTP010000026.1	GCF_030180865.1
WP_285049212.1#169|Fusobacterium_necrophorum	165	-	-	0	627	791	3327	3491	WP_276796241.1#169	NZ_JAMGTP010000026.1	GCF_030180865.1
WP_285049212.1#169|Fusobacterium_necrophorum	486	-	-	0	861	1346	2772	3257	WP_285049207.1#169	NZ_JAMGTP010000026.1	GCF_030180865.1
WP_285049212.1#169|Fusobacterium_necrophorum	354	-	-	0	1343	1696	2422	2775	WP_285049206.1#169	NZ_JAMGTP010000026.1	GCF_030180865.1



WP_294066595.1#57|uncultured_Fusobacterium_sp_	363	-	+	0	-1856	-1494	2299	2661	WP_294066607.1#57	NZ_CAMBZI010000108.1	GCF_945872525.1
WP_294066595.1#57|uncultured_Fusobacterium_sp_	297	-	+	0	-1427	-1131	1936	2232	WP_294066604.1#57	NZ_CAMBZI010000108.1	GCF_945872525.1
WP_294066595.1#57|uncultured_Fusobacterium_sp_	603	-	+	0	-1085	-483	1288	1890	WP_294066601.1#57	NZ_CAMBZI010000108.1	GCF_945872525.1
WP_294066595.1#57|uncultured_Fusobacterium_sp_	387	-	+	0	-466	-80	885	1271	WP_294066598.1#57	NZ_CAMBZI010000108.1	GCF_945872525.1
WP_294066595.1#57|uncultured_Fusobacterium_sp_	339	-	+	125	1	339	466	804	WP_294066595.1#57	NZ_CAMBZI010000108.1	GCF_945872525.1
WP_294066595.1#57|uncultured_Fusobacterium_sp_	273	-	+	1	341	613	192	464	WP_294066592.1#57	NZ_CAMBZI010000108.1	GCF_945872525.1



WP_293961857.1#170|uncultured_Fusobacterium_sp_	1068	-	+	0	-3209	-2142	2819	3886	WP_293961859.1#170	NZ_CALZLK010000202.1	GCF_945788255.1
WP_293961857.1#170|uncultured_Fusobacterium_sp_	723	-	-	20	-2023	-1301	1978	2700	WP_293961861.1#170	NZ_CALZLK010000202.1	GCF_945788255.1
WP_293961857.1#170|uncultured_Fusobacterium_sp_	189	-	-	127	-1276	-1088	1765	1953	pseudogene_170.3*#170	NZ_CALZLK010000202.1	GCF_945788255.1
WP_293961857.1#170|uncultured_Fusobacterium_sp_	339	-	+	125	1	339	338	676	WP_293961857.1#170	NZ_CALZLK010000202.1	GCF_945788255.1
WP_293961857.1#170|uncultured_Fusobacterium_sp_	270	-	+	1	341	610	67	336	WP_293961855.1#170	NZ_CALZLK010000202.1	GCF_945788255.1



WP_017895819.1#146|Clostridium_tyrobutyricum	2529	+	-	0	-3284	-756	62	2590	WP_195604453.1#146	NZ_JADPBD010000022.1	GCF_015670065.1
WP_017895819.1#146|Clostridium_tyrobutyricum	351	+	+	125	1	351	3347	3697	WP_017895819.1#146	NZ_JADPBD010000022.1	GCF_015670065.1
WP_017895819.1#146|Clostridium_tyrobutyricum	285	+	+	1	344	628	3690	3974	WP_017895818.1#146	NZ_JADPBD010000022.1	GCF_015670065.1
WP_017895819.1#146|Clostridium_tyrobutyricum	579	+	-	3	679	1257	4025	4603	WP_017895817.1#146	NZ_JADPBD010000022.1	GCF_015670065.1
WP_017895819.1#146|Clostridium_tyrobutyricum	411	+	-	17	1457	1867	4803	5213	WP_017895816.1#146	NZ_JADPBD010000022.1	GCF_015670065.1
WP_017895819.1#146|Clostridium_tyrobutyricum	1050	+	-	0	2126	3175	5472	6521	WP_017895815.1#146	NZ_JADPBD010000022.1	GCF_015670065.1



WP_326440870.1#52|Adlercreutzia_shanghongiae	1923	-	-	116	-3992	-2070	84164	86086	WP_326440878.1#52	NZ_JAYMFI010000019.1	GCF_035830635.1
WP_326440870.1#52|Adlercreutzia_shanghongiae	687	-	-	0	-2073	-1387	83481	84167	WP_326440876.1#52	NZ_JAYMFI010000019.1	GCF_035830635.1
WP_326440870.1#52|Adlercreutzia_shanghongiae	321	-	-	115	-729	-409	82503	82823	WP_326440874.1#52	NZ_JAYMFI010000019.1	GCF_035830635.1
WP_326440870.1#52|Adlercreutzia_shanghongiae	291	-	-	114	-395	-105	82199	82489	WP_326440872.1#52	NZ_JAYMFI010000019.1	GCF_035830635.1
WP_326440870.1#52|Adlercreutzia_shanghongiae	348	-	+	125	1	348	81746	82093	WP_326440870.1#52	NZ_JAYMFI010000019.1	GCF_035830635.1
WP_326440870.1#52|Adlercreutzia_shanghongiae	282	-	+	1	338	619	81475	81756	WP_326440868.1#52	NZ_JAYMFI010000019.1	GCF_035830635.1
WP_326440870.1#52|Adlercreutzia_shanghongiae	765	-	-	47	628	1392	80702	81466	WP_326440866.1#52	NZ_JAYMFI010000019.1	GCF_035830635.1
WP_326440870.1#52|Adlercreutzia_shanghongiae	792	-	-	47	1549	2340	79754	80545	WP_326440864.1#52	NZ_JAYMFI010000019.1	GCF_035830635.1
WP_326440870.1#52|Adlercreutzia_shanghongiae	702	-	-	0	2343	3044	79050	79751	WP_326440862.1#52	NZ_JAYMFI010000019.1	GCF_035830635.1



WP_288220464.1#183|uncultured_Adlercreutzia_sp_	885	+	-	25	-2969	-2085	19241	20125	WP_288220461.1#183	NZ_UQOD01000020.1	GCF_900542605.1
WP_288220464.1#183|uncultured_Adlercreutzia_sp_	960	+	+	0	-1895	-936	20315	21274	WP_288220462.1#183	NZ_UQOD01000020.1	GCF_900542605.1
WP_288220464.1#183|uncultured_Adlercreutzia_sp_	324	+	-	115	-729	-406	21481	21804	WP_288220463.1#183	NZ_UQOD01000020.1	GCF_900542605.1
WP_288220464.1#183|uncultured_Adlercreutzia_sp_	294	+	-	114	-397	-104	21813	22106	WP_114540494.1#183	NZ_UQOD01000020.1	GCF_900542605.1
WP_288220464.1#183|uncultured_Adlercreutzia_sp_	348	+	+	125	1	348	22211	22558	WP_288220464.1#183	NZ_UQOD01000020.1	GCF_900542605.1
WP_288220464.1#183|uncultured_Adlercreutzia_sp_	282	+	+	1	338	619	22548	22829	WP_288220465.1#183	NZ_UQOD01000020.1	GCF_900542605.1
WP_288220464.1#183|uncultured_Adlercreutzia_sp_	1356	+	-	0	632	1987	22842	24197	WP_288220466.1#183	NZ_UQOD01000020.1	GCF_900542605.1
WP_288220464.1#183|uncultured_Adlercreutzia_sp_	438	+	+	0	2160	2597	24370	24807	WP_288220467.1#183	NZ_UQOD01000020.1	GCF_900542605.1
WP_288220464.1#183|uncultured_Adlercreutzia_sp_	765	+	-	47	2641	3405	24851	25615	WP_114540498.1#183	NZ_UQOD01000020.1	GCF_900542605.1



WP_320864519.1#121|Dysosmobacter_sp_	1020	+	-	0	-3916	-2897	75789	76808	WP_320864515.1#121	NZ_JAXEMY010000009.1	GCF_034099605.1
WP_320864519.1#121|Dysosmobacter_sp_	204	+	+	45	-2678	-2475	77027	77230	WP_320864516.1#121	NZ_JAXEMY010000009.1	GCF_034099605.1
WP_320864519.1#121|Dysosmobacter_sp_	1110	+	+	0	-2485	-1376	77220	78329	WP_320864517.1#121	NZ_JAXEMY010000009.1	GCF_034099605.1
WP_320864519.1#121|Dysosmobacter_sp_	954	+	+	0	-1010	-57	78695	79648	WP_320864518.1#121	NZ_JAXEMY010000009.1	GCF_034099605.1
WP_320864519.1#121|Dysosmobacter_sp_	351	+	+	125	1	351	79706	80056	WP_320864519.1#121	NZ_JAXEMY010000009.1	GCF_034099605.1
WP_320864519.1#121|Dysosmobacter_sp_	273	+	+	1	344	616	80049	80321	WP_320864520.1#121	NZ_JAXEMY010000009.1	GCF_034099605.1
WP_320864519.1#121|Dysosmobacter_sp_	372	+	+	1	824	1195	80529	80900	WP_320864521.1#121	NZ_JAXEMY010000009.1	GCF_034099605.1
WP_320864519.1#121|Dysosmobacter_sp_	2010	+	+	22	1197	3206	80902	82911	WP_320864522.1#121	NZ_JAXEMY010000009.1	GCF_034099605.1
WP_320864519.1#121|Dysosmobacter_sp_	1422	+	+	46	3251	4672	82956	84377	WP_320864523.1#121	NZ_JAXEMY010000009.1	GCF_034099605.1



WP_296956088.1#171|uncultured_Dialister_sp_	591	-	+	0	-4351	-3761	19663	20253	WP_296956097.1#171	NZ_OMVW01000028.1	GCF_900314595.1
WP_296956088.1#171|uncultured_Dialister_sp_	555	-	+	36	-2929	-2375	18277	18831	WP_296956094.1#171	NZ_OMVW01000028.1	GCF_900314595.1
WP_296956088.1#171|uncultured_Dialister_sp_	531	-	+	0	-2172	-1642	17544	18074	WP_296956092.1#171	NZ_OMVW01000028.1	GCF_900314595.1
WP_296956088.1#171|uncultured_Dialister_sp_	912	-	-	0	-1456	-545	16447	17358	WP_296956091.1#171	NZ_OMVW01000028.1	GCF_900314595.1
WP_296956088.1#171|uncultured_Dialister_sp_	351	-	+	125	1	351	15551	15901	WP_296956088.1#171	NZ_OMVW01000028.1	GCF_900314595.1
WP_296956088.1#171|uncultured_Dialister_sp_	273	-	+	1	344	616	15286	15558	WP_296956085.1#171	NZ_OMVW01000028.1	GCF_900314595.1
WP_296956088.1#171|uncultured_Dialister_sp_	771	-	+	0	809	1579	14323	15093	WP_296956083.1#171	NZ_OMVW01000028.1	GCF_900314595.1
WP_296956088.1#171|uncultured_Dialister_sp_	858	-	-	0	1910	2767	13135	13992	WP_296956080.1#171	NZ_OMVW01000028.1	GCF_900314595.1
WP_296956088.1#171|uncultured_Dialister_sp_	882	-	-	0	3597	4478	11424	12305	WP_296956078.1#171	NZ_OMVW01000028.1	GCF_900314595.1



WP_320867406.1#107|Phascolarctobacterium_sp_	636	-	-	0	-3369	-2734	4024	4659	WP_320867410.1#107	NZ_JAXFBP010000013.1	GCF_034118385.1
WP_320867406.1#107|Phascolarctobacterium_sp_	597	-	-	112	-2377	-1781	3071	3667	WP_320867409.1#107	NZ_JAXFBP010000013.1	GCF_034118385.1
WP_320867406.1#107|Phascolarctobacterium_sp_	378	-	+	1	-1555	-1178	2468	2845	WP_320867408.1#107	NZ_JAXFBP010000013.1	GCF_034118385.1
WP_320867406.1#107|Phascolarctobacterium_sp_	504	-	+	0	-1001	-498	1788	2291	WP_320867407.1#107	NZ_JAXFBP010000013.1	GCF_034118385.1
WP_320867406.1#107|Phascolarctobacterium_sp_	345	-	+	125	1	345	945	1289	WP_320867406.1#107	NZ_JAXFBP010000013.1	GCF_034118385.1
WP_320867406.1#107|Phascolarctobacterium_sp_	273	-	+	1	360	632	658	930	WP_320867405.1#107	NZ_JAXFBP010000013.1	GCF_034118385.1
WP_320867406.1#107|Phascolarctobacterium_sp_	450	-	+	111	634	1083	207	656	WP_320867404.1#107	NZ_JAXFBP010000013.1	GCF_034118385.1



WP_300065919.1#128|Anaeromusa_sp_	687	+	+	2	-4733	-4047	10399	11085	WP_300065909.1#128	NZ_JAYFRO010000088.1	GCF_034925685.1
WP_300065919.1#128|Anaeromusa_sp_	888	+	+	0	-4057	-3170	11075	11962	WP_300065912.1#128	NZ_JAYFRO010000088.1	GCF_034925685.1
WP_300065919.1#128|Anaeromusa_sp_	1116	+	+	18	-3140	-2025	11992	13107	WP_300065915.1#128	NZ_JAYFRO010000088.1	GCF_034925685.1
WP_300065919.1#128|Anaeromusa_sp_	1146	+	+	0	-1612	-467	13520	14665	WP_323441302.1#128	NZ_JAYFRO010000088.1	GCF_034925685.1
WP_300065919.1#128|Anaeromusa_sp_	348	+	+	125	1	348	15133	15480	WP_300065919.1#128	NZ_JAYFRO010000088.1	GCF_034925685.1
WP_300065919.1#128|Anaeromusa_sp_	270	+	+	1	345	614	15477	15746	WP_300065922.1#128	NZ_JAYFRO010000088.1	GCF_034925685.1
WP_300065919.1#128|Anaeromusa_sp_	1233	+	+	0	746	1978	15878	17110	WP_323441303.1#128	NZ_JAYFRO010000088.1	GCF_034925685.1
WP_300065919.1#128|Anaeromusa_sp_	2049	+	+	10	2586	4634	17718	19766	WP_323441313.1#128	NZ_JAYFRO010000088.1	GCF_034925685.1
WP_300065919.1#128|Anaeromusa_sp_	2787	+	+	2	5013	7799	20145	22931	WP_416232886.1#128	NZ_JAYFRO010000088.1	GCF_034925685.1



WP_279441899.1#56|Actinobacillus_equuli_subsp__haemolyticus	534	-	-	0	-5562	-5029	346045	346578	WP_279445490.1#56	NZ_CP103824.1	GCF_029773975.1
WP_279441899.1#56|Actinobacillus_equuli_subsp__haemolyticus	1665	-	-	86	-4806	-3142	344158	345822	WP_279455120.1#56	NZ_CP103824.1	GCF_029773975.1
WP_279441899.1#56|Actinobacillus_equuli_subsp__haemolyticus	1167	-	-	4	-2944	-1778	342794	343960	WP_279455119.1#56	NZ_CP103824.1	GCF_029773975.1
WP_279441899.1#56|Actinobacillus_equuli_subsp__haemolyticus	1527	-	+	0	-1572	-46	341062	342588	WP_279455118.1#56	NZ_CP103824.1	GCF_029773975.1
WP_279441899.1#56|Actinobacillus_equuli_subsp__haemolyticus	363	-	+	125	1	363	340653	341015	WP_279441899.1#56	NZ_CP103824.1	GCF_029773975.1
WP_279441899.1#56|Actinobacillus_equuli_subsp__haemolyticus	273	-	+	1	366	638	340378	340650	WP_279441900.1#56	NZ_CP103824.1	GCF_029773975.1
WP_279441899.1#56|Actinobacillus_equuli_subsp__haemolyticus	768	-	-	85	618	1385	339631	340398	WP_279441901.1#56	NZ_CP103824.1	GCF_029773975.1
WP_279441899.1#56|Actinobacillus_equuli_subsp__haemolyticus	1707	-	-	0	1385	3091	337925	339631	WP_279443095.1#56	NZ_CP103824.1	GCF_029773975.1
WP_279441899.1#56|Actinobacillus_equuli_subsp__haemolyticus	594	-	+	0	3354	3947	337069	337662	WP_039198262.1#56	NZ_CP103824.1	GCF_029773975.1



WP_123956906.1#65|Frederiksenia_canicola	852	-	+	0	-3857	-3006	185480	186331	WP_236941017.1#65	NZ_RKQT01000002.1	GCF_003814575.1
WP_123956906.1#65|Frederiksenia_canicola	192	-	+	0	-3013	-2822	185296	185487	WP_123956909.1#65	NZ_RKQT01000002.1	GCF_003814575.1
WP_123956906.1#65|Frederiksenia_canicola	201	-	+	0	-2829	-2629	185103	185303	WP_123956908.1#65	NZ_RKQT01000002.1	GCF_003814575.1
WP_123956906.1#65|Frederiksenia_canicola	2223	-	+	0	-2618	-396	182870	185092	WP_123956907.1#65	NZ_RKQT01000002.1	GCF_003814575.1
WP_123956906.1#65|Frederiksenia_canicola	366	-	+	125	1	366	182108	182473	WP_123956906.1#65	NZ_RKQT01000002.1	GCF_003814575.1
WP_123956906.1#65|Frederiksenia_canicola	270	-	+	1	363	632	181842	182111	WP_123956905.1#65	NZ_RKQT01000002.1	GCF_003814575.1
WP_123956906.1#65|Frederiksenia_canicola	177	-	+	0	1234	1410	181064	181240	WP_165894240.1#65	NZ_RKQT01000002.1	GCF_003814575.1
WP_123956906.1#65|Frederiksenia_canicola	765	-	+	0	1846	2610	179864	180628	WP_123956904.1#65	NZ_RKQT01000002.1	GCF_003814575.1
WP_123956906.1#65|Frederiksenia_canicola	1833	-	+	0	2672	4504	177970	179802	WP_123956903.1#65	NZ_RKQT01000002.1	GCF_003814575.1



WP_162856608.1#122|Actinobacillus_indolicus	1218	+	-	0	-4175	-2958	1144652	1145869	WP_162856604.1#122	NZ_CP038145.1	GCF_004519515.1
WP_162856608.1#122|Actinobacillus_indolicus	1419	+	-	0	-2840	-1422	1145987	1147405	WP_162856605.1#122	NZ_CP038145.1	GCF_004519515.1
WP_162856608.1#122|Actinobacillus_indolicus	87	+	-	0	-1354	-1268	1147473	1147559	WP_373767434.1#122	NZ_CP038145.1	GCF_004519515.1
WP_162856608.1#122|Actinobacillus_indolicus	843	+	-	27	-1036	-194	1147791	1148633	WP_162856607.1#122	NZ_CP038145.1	GCF_004519515.1
WP_162856608.1#122|Actinobacillus_indolicus	363	+	+	125	1	363	1148828	1149190	WP_162856608.1#122	NZ_CP038145.1	GCF_004519515.1
WP_162856608.1#122|Actinobacillus_indolicus	270	+	+	1	344	613	1149171	1149440	WP_162856609.1#122	NZ_CP038145.1	GCF_004519515.1
WP_162856608.1#122|Actinobacillus_indolicus	1665	+	-	86	675	2339	1149502	1151166	WP_162856610.1#122	NZ_CP038145.1	GCF_004519515.1
WP_162856608.1#122|Actinobacillus_indolicus	444	+	-	0	2349	2792	1151176	1151619	WP_162856611.1#122	NZ_CP038145.1	GCF_004519515.1
WP_162856608.1#122|Actinobacillus_indolicus	528	+	+	0	2878	3405	1151705	1152232	WP_162856612.1#122	NZ_CP038145.1	GCF_004519515.1



WP_317485026.1#185|Exercitatus_varius	516	-	-	0	-4079	-3564	64188	64703	WP_317484401.1#185	NZ_JARQTZ010000006.1	GCF_029577715.1
WP_317485026.1#185|Exercitatus_varius	1044	-	+	0	-3339	-2296	62920	63963	WP_317485028.1#185	NZ_JARQTZ010000006.1	GCF_029577715.1
WP_317485026.1#185|Exercitatus_varius	765	-	+	44	-2285	-1521	62145	62909	WP_317485027.1#185	NZ_JARQTZ010000006.1	GCF_029577715.1
WP_317485026.1#185|Exercitatus_varius	1350	-	+	109	-1509	-160	60784	62133	WP_317481784.1#185	NZ_JARQTZ010000006.1	GCF_029577715.1
WP_317485026.1#185|Exercitatus_varius	348	-	+	125	1	348	60276	60623	WP_317485026.1#185	NZ_JARQTZ010000006.1	GCF_029577715.1
WP_317485026.1#185|Exercitatus_varius	270	-	+	1	345	614	60010	60279	WP_317484405.1#185	NZ_JARQTZ010000006.1	GCF_029577715.1
WP_317485026.1#185|Exercitatus_varius	432	-	+	0	785	1216	59408	59839	WP_317481783.1#185	NZ_JARQTZ010000006.1	GCF_029577715.1
WP_317485026.1#185|Exercitatus_varius	594	-	-	0	1325	1918	58706	59299	WP_317481782.1#185	NZ_JARQTZ010000006.1	GCF_029577715.1
WP_317485026.1#185|Exercitatus_varius	3915	-	-	110	1949	5863	54761	58675	WP_317485025.1#185	NZ_JARQTZ010000006.1	GCF_029577715.1



WP_065294868.1#79|Aggregatibacter_aphrophilus	684	-	+	2	-3238	-2555	46244	46927	WP_050693530.1#79	NZ_MAQE01000002.1	GCF_001680805.1
WP_065294868.1#79|Aggregatibacter_aphrophilus	504	-	+	32	-2574	-2071	45760	46263	WP_065294870.1#79	NZ_MAQE01000002.1	GCF_001680805.1
WP_065294868.1#79|Aggregatibacter_aphrophilus	312	-	+	0	-2059	-1748	45437	45748	WP_005700252.1#79	NZ_MAQE01000002.1	GCF_001680805.1
WP_065294868.1#79|Aggregatibacter_aphrophilus	645	-	+	21	-1549	-905	44594	45238	WP_065294869.1#79	NZ_MAQE01000002.1	GCF_001680805.1
WP_065294868.1#79|Aggregatibacter_aphrophilus	348	-	+	125	1	348	43341	43688	WP_065294868.1#79	NZ_MAQE01000002.1	GCF_001680805.1
WP_065294868.1#79|Aggregatibacter_aphrophilus	270	-	+	1	345	614	43075	43344	WP_065294867.1#79	NZ_MAQE01000002.1	GCF_001680805.1
WP_065294868.1#79|Aggregatibacter_aphrophilus	81	-	+	127	788	868	42821	42901	pseudogene_79.0*#79	NZ_MAQE01000002.1	GCF_001680805.1
WP_065294868.1#79|Aggregatibacter_aphrophilus	678	-	-	0	1322	1999	41690	42367	WP_065294866.1#79	NZ_MAQE01000002.1	GCF_001680805.1
WP_065294868.1#79|Aggregatibacter_aphrophilus	4002	-	-	110	2018	6019	37670	41671	WP_065294865.1#79	NZ_MAQE01000002.1	GCF_001680805.1



WP_242162888.1#167|Adlercreutzia_faecimuris	1524	-	-	0	-7282	-5759	504080	505603	WP_242162897.1#167	NZ_JAJMLW010000001.1	GCF_022669055.1
WP_242162888.1#167|Adlercreutzia_faecimuris	2820	-	-	0	-5473	-2654	500975	503794	WP_242162895.1#167	NZ_JAJMLW010000001.1	GCF_022669055.1
WP_242162888.1#167|Adlercreutzia_faecimuris	840	-	-	0	-2639	-1800	500121	500960	WP_242162893.1#167	NZ_JAJMLW010000001.1	GCF_022669055.1
WP_242162888.1#167|Adlercreutzia_faecimuris	1059	-	-	85	-1316	-258	498579	499637	WP_242162891.1#167	NZ_JAJMLW010000001.1	GCF_022669055.1
WP_242162888.1#167|Adlercreutzia_faecimuris	354	-	+	125	1	354	497967	498320	WP_242162888.1#167	NZ_JAJMLW010000001.1	GCF_022669055.1
WP_242162888.1#167|Adlercreutzia_faecimuris	273	-	+	1	351	623	497698	497970	WP_242162885.1#167	NZ_JAJMLW010000001.1	GCF_022669055.1
WP_242162888.1#167|Adlercreutzia_faecimuris	1482	-	-	7	985	2466	495855	497336	WP_242162883.1#167	NZ_JAJMLW010000001.1	GCF_022669055.1
WP_242162888.1#167|Adlercreutzia_faecimuris	414	-	+	7	2867	3280	495041	495454	WP_242162880.1#167	NZ_JAJMLW010000001.1	GCF_022669055.1
WP_242162888.1#167|Adlercreutzia_faecimuris	1239	-	-	0	3347	4585	493736	494974	WP_242162878.1#167	NZ_JAJMLW010000001.1	GCF_022669055.1



WP_326454919.1#74|Adlercreutzia_shanghongiae	285	+	-	0	-4470	-4186	122314	122598	WP_326454915.1#74	NZ_JAYMFH010000012.1	GCF_035830715.1
WP_326454919.1#74|Adlercreutzia_shanghongiae	1254	+	+	117	-3595	-2342	123189	124442	WP_326454916.1#74	NZ_JAYMFH010000012.1	GCF_035830715.1
WP_326454919.1#74|Adlercreutzia_shanghongiae	720	+	-	0	-2276	-1557	124508	125227	WP_326454917.1#74	NZ_JAYMFH010000012.1	GCF_035830715.1
WP_326454919.1#74|Adlercreutzia_shanghongiae	237	+	-	118	-512	-276	126272	126508	WP_326454918.1#74	NZ_JAYMFH010000012.1	GCF_035830715.1
WP_326454919.1#74|Adlercreutzia_shanghongiae	348	+	+	125	1	348	126785	127132	WP_326454919.1#74	NZ_JAYMFH010000012.1	GCF_035830715.1
WP_326454919.1#74|Adlercreutzia_shanghongiae	273	+	+	1	350	622	127134	127406	WP_326454920.1#74	NZ_JAYMFH010000012.1	GCF_035830715.1
WP_326454919.1#74|Adlercreutzia_shanghongiae	609	+	-	23	786	1394	127570	128178	WP_326440316.1#74	NZ_JAYMFH010000012.1	GCF_035830715.1
WP_326454919.1#74|Adlercreutzia_shanghongiae	1440	+	+	0	1675	3114	128459	129898	WP_326454921.1#74	NZ_JAYMFH010000012.1	GCF_035830715.1
WP_326454919.1#74|Adlercreutzia_shanghongiae	1416	+	-	0	3290	4705	130074	131489	WP_326454922.1#74	NZ_JAYMFH010000012.1	GCF_035830715.1



WP_295999007.1#119|uncultured_Adlercreutzia_sp_	1518	-	-	0	-3695	-2178	6971	8488	WP_295999017.1#119	NZ_CAJUFS010000071.1	GCF_910585575.1
WP_295999007.1#119|uncultured_Adlercreutzia_sp_	654	-	-	1	-2027	-1374	6167	6820	WP_295999013.1#119	NZ_CAJUFS010000071.1	GCF_910585575.1
WP_295999007.1#119|uncultured_Adlercreutzia_sp_	687	-	-	89	-1374	-688	5481	6167	WP_295999009.1#119	NZ_CAJUFS010000071.1	GCF_910585575.1
WP_295999007.1#119|uncultured_Adlercreutzia_sp_	261	-	-	118	-613	-353	5146	5406	WP_295999008.1#119	NZ_CAJUFS010000071.1	GCF_910585575.1
WP_295999007.1#119|uncultured_Adlercreutzia_sp_	357	-	+	125	1	357	4436	4792	WP_295999007.1#119	NZ_CAJUFS010000071.1	GCF_910585575.1
WP_295999007.1#119|uncultured_Adlercreutzia_sp_	273	-	+	1	350	622	4171	4443	WP_275206235.1#119	NZ_CAJUFS010000071.1	GCF_910585575.1
WP_295999007.1#119|uncultured_Adlercreutzia_sp_	798	-	-	44	729	1526	3267	4064	WP_295999004.1#119	NZ_CAJUFS010000071.1	GCF_910585575.1
WP_295999007.1#119|uncultured_Adlercreutzia_sp_	756	-	-	0	1758	2513	2280	3035	WP_275206233.1#119	NZ_CAJUFS010000071.1	GCF_910585575.1
WP_295999007.1#119|uncultured_Adlercreutzia_sp_	771	-	-	44	2586	3356	1437	2207	WP_275206232.1#119	NZ_CAJUFS010000071.1	GCF_910585575.1



WP_080798517.1#155|Arabiibacter_massiliensis	801	-	+	64	-4007	-3207	1153051	1153851	WP_080798528.1#155	NZ_LR698996.1	GCF_902386925.1
WP_080798517.1#155|Arabiibacter_massiliensis	1563	-	+	5	-3214	-1652	1151496	1153058	WP_080803768.1#155	NZ_LR698996.1	GCF_902386925.1
WP_080798517.1#155|Arabiibacter_massiliensis	663	-	+	5	-1655	-993	1150837	1151499	WP_080798525.1#155	NZ_LR698996.1	GCF_902386925.1
WP_080798517.1#155|Arabiibacter_massiliensis	474	-	-	63	-936	-463	1150307	1150780	WP_080798521.1#155	NZ_LR698996.1	GCF_902386925.1
WP_080798517.1#155|Arabiibacter_massiliensis	357	-	+	125	1	357	1149487	1149843	WP_080798517.1#155	NZ_LR698996.1	GCF_902386925.1
WP_080798517.1#155|Arabiibacter_massiliensis	273	-	+	1	350	622	1149222	1149494	WP_080798515.1#155	NZ_LR698996.1	GCF_902386925.1
WP_080798517.1#155|Arabiibacter_massiliensis	2526	-	+	9	816	3341	1146503	1149028	WP_080798512.1#155	NZ_LR698996.1	GCF_902386925.1
WP_080798517.1#155|Arabiibacter_massiliensis	1155	-	+	0	3426	4580	1145264	1146418	WP_080798509.1#155	NZ_LR698996.1	GCF_902386925.1
WP_080798517.1#155|Arabiibacter_massiliensis	798	-	+	14	4584	5381	1144463	1145260	WP_087881534.1#155	NZ_LR698996.1	GCF_902386925.1



WP_160943021.1#93|Eggerthella_guodeyinii	825	+	+	64	-4434	-3610	1428807	1429631	WP_160943025.1#93	NZ_CP063310.1	GCF_009834925.2
WP_160943021.1#93|Eggerthella_guodeyinii	1707	+	+	5	-3617	-1911	1429624	1431330	WP_160943024.1#93	NZ_CP063310.1	GCF_009834925.2
WP_160943021.1#93|Eggerthella_guodeyinii	663	+	+	5	-1911	-1249	1431330	1431992	WP_160943023.1#93	NZ_CP063310.1	GCF_009834925.2
WP_160943021.1#93|Eggerthella_guodeyinii	468	+	-	63	-958	-491	1432283	1432750	WP_160943022.1#93	NZ_CP063310.1	GCF_009834925.2
WP_160943021.1#93|Eggerthella_guodeyinii	351	+	+	125	1	351	1433242	1433592	WP_160943021.1#93	NZ_CP063310.1	GCF_009834925.2
WP_160943021.1#93|Eggerthella_guodeyinii	273	+	+	1	348	620	1433589	1433861	WP_160943020.1#93	NZ_CP063310.1	GCF_009834925.2
WP_160943021.1#93|Eggerthella_guodeyinii	1881	+	-	4	715	2595	1433956	1435836	WP_160943019.1#93	NZ_CP063310.1	GCF_009834925.2
WP_160943021.1#93|Eggerthella_guodeyinii	1380	+	+	7	2988	4367	1436229	1437608	WP_244977722.1#93	NZ_CP063310.1	GCF_009834925.2
WP_160943021.1#93|Eggerthella_guodeyinii	2508	+	+	9	4626	7133	1437867	1440374	WP_160943017.1#93	NZ_CP063310.1	GCF_009834925.2



WP_277178089.1#100|Bifidobacterium_sp__ESL0790	240	+	+	0	-5688	-5449	281655	281894	WP_277178085.1#100	NZ_CP113915.1	GCF_029395435.1
WP_277178089.1#100|Bifidobacterium_sp__ESL0790	939	+	-	0	-5233	-4295	282110	283048	WP_277178086.1#100	NZ_CP113915.1	GCF_029395435.1
WP_277178089.1#100|Bifidobacterium_sp__ESL0790	1632	+	-	0	-4305	-2674	283038	284669	WP_277178087.1#100	NZ_CP113915.1	GCF_029395435.1
WP_277178089.1#100|Bifidobacterium_sp__ESL0790	2232	+	-	82	-2504	-273	284839	287070	WP_277178088.1#100	NZ_CP113915.1	GCF_029395435.1
WP_277178089.1#100|Bifidobacterium_sp__ESL0790	351	+	+	125	1	351	287344	287694	WP_277178089.1#100	NZ_CP113915.1	GCF_029395435.1
WP_277178089.1#100|Bifidobacterium_sp__ESL0790	276	+	+	1	355	630	287698	287973	WP_277178090.1#100	NZ_CP113915.1	GCF_029395435.1
WP_277178089.1#100|Bifidobacterium_sp__ESL0790	1491	+	+	0	1106	2596	288449	289939	WP_277178091.1#100	NZ_CP113915.1	GCF_029395435.1
WP_277178089.1#100|Bifidobacterium_sp__ESL0790	2931	+	+	9	2777	5707	290120	293050	WP_277178092.1#100	NZ_CP113915.1	GCF_029395435.1
WP_277178089.1#100|Bifidobacterium_sp__ESL0790	669	+	+	0	5916	6584	293259	293927	WP_277178093.1#100	NZ_CP113915.1	GCF_029395435.1



WP_296240828.1#127|uncultured_Faecalicoccus_sp_	1278	+	-	90	-2888	-1611	29565	30842	WP_296240823.1#127	NZ_CALVBG010000004.1	GCF_944325745.1
WP_296240828.1#127|uncultured_Faecalicoccus_sp_	363	+	+	0	-1444	-1082	31009	31371	WP_296240824.1#127	NZ_CALVBG010000004.1	GCF_944325745.1
WP_296240828.1#127|uncultured_Faecalicoccus_sp_	74	+	+	126	-992	-919	31461	31534	tRNA_127.9*#127	NZ_CALVBG010000004.1	GCF_944325745.1
WP_296240828.1#127|uncultured_Faecalicoccus_sp_	312	+	+	48	-375	-64	32078	32389	WP_296240827.1#127	NZ_CALVBG010000004.1	GCF_944325745.1
WP_296240828.1#127|uncultured_Faecalicoccus_sp_	363	+	+	125	1	363	32454	32816	WP_296240828.1#127	NZ_CALVBG010000004.1	GCF_944325745.1
WP_296240828.1#127|uncultured_Faecalicoccus_sp_	282	+	+	1	368	649	32821	33102	WP_296240829.1#127	NZ_CALVBG010000004.1	GCF_944325745.1
WP_296240828.1#127|uncultured_Faecalicoccus_sp_	405	+	+	0	1141	1545	33594	33998	WP_366937040.1#127	NZ_CALVBG010000004.1	GCF_944325745.1
WP_296240828.1#127|uncultured_Faecalicoccus_sp_	303	+	+	0	1565	1867	34018	34320	WP_296240830.1#127	NZ_CALVBG010000004.1	GCF_944325745.1
WP_296240828.1#127|uncultured_Faecalicoccus_sp_	363	+	-	0	1916	2278	34369	34731	WP_296240831.1#127	NZ_CALVBG010000004.1	GCF_944325745.1



WP_100769003.1#136|Leptospira_neocaledonica	1395	+	+	0	-1626	-232	341	1735	WP_100769002.1#136	NZ_NPEA01000007.1	GCF_002812205.1
WP_100769003.1#136|Leptospira_neocaledonica	342	+	+	125	1	342	1968	2309	WP_100769003.1#136	NZ_NPEA01000007.1	GCF_002812205.1
WP_100769003.1#136|Leptospira_neocaledonica	300	+	+	1	332	631	2299	2598	WP_100769004.1#136	NZ_NPEA01000007.1	GCF_002812205.1
WP_100769003.1#136|Leptospira_neocaledonica	465	+	+	0	830	1294	2797	3261	WP_165782608.1#136	NZ_NPEA01000007.1	GCF_002812205.1
WP_100769003.1#136|Leptospira_neocaledonica	216	+	+	0	1644	1859	3611	3826	WP_100769005.1#136	NZ_NPEA01000007.1	GCF_002812205.1
WP_100769003.1#136|Leptospira_neocaledonica	396	+	+	0	1856	2251	3823	4218	WP_100769006.1#136	NZ_NPEA01000007.1	GCF_002812205.1



WP_019893724.1#154|Allobaculum_stercoricanis_DSM_13633	579	-	+	0	-3810	-3232	1805714	1806292	WP_026472860.1#154	NZ_KB913034.1	GCF_000384195.1
WP_019893724.1#154|Allobaculum_stercoricanis_DSM_13633	849	-	+	0	-3232	-2384	1804866	1805714	WP_019893726.1#154	NZ_KB913034.1	GCF_000384195.1
WP_019893724.1#154|Allobaculum_stercoricanis_DSM_13633	1308	-	+	26	-2118	-811	1803293	1804600	WP_019893725.1#154	NZ_KB913034.1	GCF_000384195.1
WP_019893724.1#154|Allobaculum_stercoricanis_DSM_13633	228	-	+	0	-729	-502	1802984	1803211	WP_245553769.1#154	NZ_KB913034.1	GCF_000384195.1
WP_019893724.1#154|Allobaculum_stercoricanis_DSM_13633	354	-	+	125	1	354	1802128	1802481	WP_019893724.1#154	NZ_KB913034.1	GCF_000384195.1
WP_019893724.1#154|Allobaculum_stercoricanis_DSM_13633	306	-	+	1	347	652	1801830	1802135	WP_019893723.1#154	NZ_KB913034.1	GCF_000384195.1
WP_019893724.1#154|Allobaculum_stercoricanis_DSM_13633	1503	-	+	22	1485	2987	1799495	1800997	WP_019893721.1#154	NZ_KB913034.1	GCF_000384195.1
WP_019893724.1#154|Allobaculum_stercoricanis_DSM_13633	1137	-	+	0	3036	4172	1798310	1799446	WP_019893720.1#154	NZ_KB913034.1	GCF_000384195.1
WP_019893724.1#154|Allobaculum_stercoricanis_DSM_13633	462	-	+	89	4189	4650	1797832	1798293	WP_019893719.1#154	NZ_KB913034.1	GCF_000384195.1



WP_297571348.1#49|uncultured_Anaerovibrio_sp_	201	+	+	0	-1829	-1629	153	353	WP_297571344.1#49	NZ_CAMVFT010000165.1	GCF_947166825.1
WP_297571348.1#49|uncultured_Anaerovibrio_sp_	366	+	+	0	-1552	-1187	430	795	WP_297571345.1#49	NZ_CAMVFT010000165.1	GCF_947166825.1
WP_297571348.1#49|uncultured_Anaerovibrio_sp_	846	+	+	3	-1196	-351	786	1631	WP_297571347.1#49	NZ_CAMVFT010000165.1	GCF_947166825.1
WP_297571348.1#49|uncultured_Anaerovibrio_sp_	363	+	+	125	1	363	1983	2345	WP_297571348.1#49	NZ_CAMVFT010000165.1	GCF_947166825.1
WP_297571348.1#49|uncultured_Anaerovibrio_sp_	285	+	+	1	360	644	2342	2626	WP_297571350.1#49	NZ_CAMVFT010000165.1	GCF_947166825.1
WP_297571348.1#49|uncultured_Anaerovibrio_sp_	243	+	+	111	771	1013	2753	2995	WP_297571351.1#49	NZ_CAMVFT010000165.1	GCF_947166825.1



WP_028130317.1#6|Selenomonas_sp__AE3005	447	+	-	127	-2276	-1830	13887	14333	pseudogene_6.0*#6	NZ_KK366040.1	GCF_000686945.1
WP_028130317.1#6|Selenomonas_sp__AE3005	300	+	-	4	-1926	-1627	14237	14536	WP_197020754.1#6	NZ_KK366040.1	GCF_000686945.1
WP_028130317.1#6|Selenomonas_sp__AE3005	576	+	-	100	-1625	-1050	14538	15113	WP_028130315.1#6	NZ_KK366040.1	GCF_000686945.1
WP_028130317.1#6|Selenomonas_sp__AE3005	924	+	-	0	-1024	-101	15139	16062	WP_028130316.1#6	NZ_KK366040.1	GCF_000686945.1
WP_028130317.1#6|Selenomonas_sp__AE3005	351	+	+	125	1	351	16164	16514	WP_028130317.1#6	NZ_KK366040.1	GCF_000686945.1
WP_028130317.1#6|Selenomonas_sp__AE3005	288	+	+	1	344	631	16507	16794	WP_028130318.1#6	NZ_KK366040.1	GCF_000686945.1
WP_028130317.1#6|Selenomonas_sp__AE3005	1062	+	-	0	641	1702	16804	17865	WP_028130319.1#6	NZ_KK366040.1	GCF_000686945.1
WP_028130317.1#6|Selenomonas_sp__AE3005	783	+	-	0	1699	2481	17862	18644	WP_028130320.1#6	NZ_KK366040.1	GCF_000686945.1
WP_028130317.1#6|Selenomonas_sp__AE3005	1047	+	-	59	2478	3524	18641	19687	WP_028130321.1#6	NZ_KK366040.1	GCF_000686945.1



WP_231999844.1#21|Intestinibaculum_porci	489	+	+	0	-3582	-3094	505717	506205	WP_125118482.1#21	NZ_AP019309.1	GCF_003925875.1
WP_231999844.1#21|Intestinibaculum_porci	576	+	+	6	-3078	-2503	506221	506796	WP_125118483.1#21	NZ_AP019309.1	GCF_003925875.1
WP_231999844.1#21|Intestinibaculum_porci	858	+	+	0	-2335	-1478	506964	507821	WP_125118484.1#21	NZ_AP019309.1	GCF_003925875.1
WP_231999844.1#21|Intestinibaculum_porci	810	+	+	0	-1476	-667	507823	508632	WP_125118485.1#21	NZ_AP019309.1	GCF_003925875.1
WP_231999844.1#21|Intestinibaculum_porci	633	+	+	125	1	633	509300	509932	WP_231999844.1#21	NZ_AP019309.1	GCF_003925875.1
WP_231999844.1#21|Intestinibaculum_porci	264	+	-	0	1388	1651	510687	510950	WP_125118486.1#21	NZ_AP019309.1	GCF_003925875.1
WP_231999844.1#21|Intestinibaculum_porci	696	+	-	0	2418	3113	511717	512412	WP_125118487.1#21	NZ_AP019309.1	GCF_003925875.1
WP_231999844.1#21|Intestinibaculum_porci	2391	+	-	0	3055	5445	512354	514744	WP_125118488.1#21	NZ_AP019309.1	GCF_003925875.1
WP_231999844.1#21|Intestinibaculum_porci	1572	+	-	0	5449	7020	514748	516319	WP_125118489.1#21	NZ_AP019309.1	GCF_003925875.1



WP_194611721.1#42|Clostridium_vitabionis	534	-	-	1	-4809	-4276	24040	24573	WP_194611763.1#42	NZ_JADKQA010000008.1	GCF_015351765.1
WP_194611721.1#42|Clostridium_vitabionis	1059	-	+	0	-4022	-2964	22728	23786	WP_194611724.1#42	NZ_JADKQA010000008.1	GCF_015351765.1
WP_194611721.1#42|Clostridium_vitabionis	1107	-	+	0	-2854	-1748	21512	22618	WP_194611723.1#42	NZ_JADKQA010000008.1	GCF_015351765.1
WP_194611721.1#42|Clostridium_vitabionis	1476	-	+	37	-1761	-286	20050	21525	WP_194611722.1#42	NZ_JADKQA010000008.1	GCF_015351765.1
WP_194611721.1#42|Clostridium_vitabionis	348	-	+	125	1	348	19416	19763	WP_194611721.1#42	NZ_JADKQA010000008.1	GCF_015351765.1
WP_194611721.1#42|Clostridium_vitabionis	300	-	+	1	345	644	19120	19419	WP_194611720.1#42	NZ_JADKQA010000008.1	GCF_015351765.1
WP_194611721.1#42|Clostridium_vitabionis	261	-	+	0	857	1117	18647	18907	WP_194611719.1#42	NZ_JADKQA010000008.1	GCF_015351765.1
WP_194611721.1#42|Clostridium_vitabionis	291	-	+	38	1223	1513	18251	18541	WP_207727455.1#42	NZ_JADKQA010000008.1	GCF_015351765.1
WP_194611721.1#42|Clostridium_vitabionis	1428	-	+	0	1643	3070	16694	18121	WP_194608004.1#42	NZ_JADKQA010000008.1	GCF_015351765.1



WP_055299297.1#9|Anaerobutyricum_hallii	285	+	+	0	-1995	-1711	15232	15516	WP_055299305.1#9	NZ_BLYK01000073.1	GCF_016586395.1
WP_055299297.1#9|Anaerobutyricum_hallii	189	+	+	0	-1414	-1226	15813	16001	WP_055299303.1#9	NZ_BLYK01000073.1	GCF_016586395.1
WP_055299297.1#9|Anaerobutyricum_hallii	300	+	+	0	-1208	-909	16019	16318	WP_055299301.1#9	NZ_BLYK01000073.1	GCF_016586395.1
WP_055299297.1#9|Anaerobutyricum_hallii	639	+	+	0	-848	-210	16379	17017	WP_055299299.1#9	NZ_BLYK01000073.1	GCF_016586395.1
WP_055299297.1#9|Anaerobutyricum_hallii	348	+	+	125	1	348	17228	17575	WP_055299297.1#9	NZ_BLYK01000073.1	GCF_016586395.1
WP_055299297.1#9|Anaerobutyricum_hallii	291	+	+	1	345	635	17572	17862	WP_055299295.1#9	NZ_BLYK01000073.1	GCF_016586395.1
WP_055299297.1#9|Anaerobutyricum_hallii	156	+	+	1	807	962	18034	18189	WP_156329751.1#9	NZ_BLYK01000073.1	GCF_016586395.1



WP_085875734.1#12|Peptoniphilus_vaginalis	477	-	-	0	-6828	-6352	700837	701313	WP_085875738.1#12	NZ_FXLP01000004.1	GCF_900176605.1
WP_085875734.1#12|Peptoniphilus_vaginalis	741	-	-	0	-6338	-5598	700083	700823	WP_085875737.1#12	NZ_FXLP01000004.1	GCF_900176605.1
WP_085875734.1#12|Peptoniphilus_vaginalis	894	-	-	0	-4457	-3564	698049	698942	WP_085875736.1#12	NZ_FXLP01000004.1	GCF_900176605.1
WP_085875734.1#12|Peptoniphilus_vaginalis	2484	-	-	0	-3453	-970	695455	697938	WP_085875735.1#12	NZ_FXLP01000004.1	GCF_900176605.1
WP_085875734.1#12|Peptoniphilus_vaginalis	345	-	+	125	1	345	694140	694484	WP_085875734.1#12	NZ_FXLP01000004.1	GCF_900176605.1
WP_085875734.1#12|Peptoniphilus_vaginalis	276	-	+	1	342	617	693868	694143	WP_209019201.1#12	NZ_FXLP01000004.1	GCF_900176605.1
WP_085875734.1#12|Peptoniphilus_vaginalis	1122	-	-	0	829	1950	692535	693656	WP_085875732.1#12	NZ_FXLP01000004.1	GCF_900176605.1
WP_085875734.1#12|Peptoniphilus_vaginalis	606	-	-	0	2111	2716	691769	692374	WP_085875731.1#12	NZ_FXLP01000004.1	GCF_900176605.1
WP_085875734.1#12|Peptoniphilus_vaginalis	1431	-	-	0	3331	4761	689724	691154	WP_085875730.1#12	NZ_FXLP01000004.1	GCF_900176605.1



WP_295995694.1#58|uncultured_Veillonella_sp_	756	-	+	0	-4982	-4227	122330	123085	WP_295995706.1#58	NZ_CAKQAR010000001.1	GCF_934215925.1
WP_295995694.1#58|uncultured_Veillonella_sp_	405	-	-	0	-4087	-3683	121786	122190	WP_295995703.1#58	NZ_CAKQAR010000001.1	GCF_934215925.1
WP_295995694.1#58|uncultured_Veillonella_sp_	1296	-	+	94	-3379	-2084	120187	121482	WP_295995700.1#58	NZ_CAKQAR010000001.1	GCF_934215925.1
WP_295995694.1#58|uncultured_Veillonella_sp_	1152	-	+	0	-1520	-369	118472	119623	WP_295995697.1#58	NZ_CAKQAR010000001.1	GCF_934215925.1
WP_295995694.1#58|uncultured_Veillonella_sp_	351	-	+	125	1	351	117752	118102	WP_295995694.1#58	NZ_CAKQAR010000001.1	GCF_934215925.1
WP_295995694.1#58|uncultured_Veillonella_sp_	273	-	+	1	353	625	117478	117750	WP_295995690.1#58	NZ_CAKQAR010000001.1	GCF_934215925.1
WP_295995694.1#58|uncultured_Veillonella_sp_	1284	-	+	90	711	1994	116109	117392	WP_295995687.1#58	NZ_CAKQAR010000001.1	GCF_934215925.1
WP_295995694.1#58|uncultured_Veillonella_sp_	345	-	+	17	2238	2582	115521	115865	WP_156931794.1#58	NZ_CAKQAR010000001.1	GCF_934215925.1
WP_295995694.1#58|uncultured_Veillonella_sp_	1299	-	+	0	2585	3883	114220	115518	WP_295995684.1#58	NZ_CAKQAR010000001.1	GCF_934215925.1



WP_055039833.1#147|Roseburia_inulinivorans	840	-	-	5	-4706	-3867	32689	33528	WP_055039846.1#147	NZ_CVRS01000078.1	GCF_001406855.1
WP_055039833.1#147|Roseburia_inulinivorans	1017	-	-	5	-3805	-2789	31611	32627	WP_314733928.1#147	NZ_CVRS01000078.1	GCF_001406855.1
WP_055039833.1#147|Roseburia_inulinivorans	2289	-	-	0	-2805	-517	29339	31627	WP_055039835.1#147	NZ_CVRS01000078.1	GCF_001406855.1
WP_055039833.1#147|Roseburia_inulinivorans	195	-	+	0	-252	-58	28880	29074	WP_055039834.1#147	NZ_CVRS01000078.1	GCF_001406855.1
WP_055039833.1#147|Roseburia_inulinivorans	357	-	+	125	1	357	28465	28821	WP_055039833.1#147	NZ_CVRS01000078.1	GCF_001406855.1
WP_055039833.1#147|Roseburia_inulinivorans	288	-	+	1	344	631	28191	28478	WP_197279148.1#147	NZ_CVRS01000078.1	GCF_001406855.1
WP_055039833.1#147|Roseburia_inulinivorans	675	-	+	6	729	1403	27419	28093	WP_055039832.1#147	NZ_CVRS01000078.1	GCF_001406855.1
WP_055039833.1#147|Roseburia_inulinivorans	1326	-	+	15	1536	2861	25961	27286	WP_055039831.1#147	NZ_CVRS01000078.1	GCF_001406855.1
WP_055039833.1#147|Roseburia_inulinivorans	2508	-	-	0	2908	5415	23407	25914	WP_055039830.1#147	NZ_CVRS01000078.1	GCF_001406855.1



WP_305153330.1#30|uncultured_Dubosiella_sp_	708	+	-	0	-3790	-3083	12361	13068	WP_297054731.1#30	NZ_CAQRVO010000014.1	GCF_948874055.1
WP_305153330.1#30|uncultured_Dubosiella_sp_	1173	+	-	0	-3054	-1882	13097	14269	WP_297054733.1#30	NZ_CAQRVO010000014.1	GCF_948874055.1
WP_305153330.1#30|uncultured_Dubosiella_sp_	675	+	-	0	-1839	-1165	14312	14986	WP_297054735.1#30	NZ_CAQRVO010000014.1	GCF_948874055.1
WP_305153330.1#30|uncultured_Dubosiella_sp_	879	+	+	37	-1024	-146	15127	16005	WP_297054737.1#30	NZ_CAQRVO010000014.1	GCF_948874055.1
WP_305153330.1#30|uncultured_Dubosiella_sp_	366	+	+	125	1	366	16152	16517	WP_305153330.1#30	NZ_CAQRVO010000014.1	GCF_948874055.1
WP_305153330.1#30|uncultured_Dubosiella_sp_	297	+	+	1	344	640	16495	16791	WP_297054740.1#30	NZ_CAQRVO010000014.1	GCF_948874055.1
WP_305153330.1#30|uncultured_Dubosiella_sp_	975	+	-	91	779	1753	16930	17904	WP_297054741.1#30	NZ_CAQRVO010000014.1	GCF_948874055.1
WP_305153330.1#30|uncultured_Dubosiella_sp_	699	+	+	0	1915	2613	18066	18764	WP_300747555.1#30	NZ_CAQRVO010000014.1	GCF_948874055.1
WP_305153330.1#30|uncultured_Dubosiella_sp_	954	+	+	0	2610	3563	18761	19714	WP_300747556.1#30	NZ_CAQRVO010000014.1	GCF_948874055.1



WP_076340530.1#133|Dubosiella_newyorkensis	780	+	+	0	-2074	-1295	242	1021	WP_076340533.1#133	NZ_CAQUOT010000090.1	GCF_948894955.1
WP_076340530.1#133|Dubosiella_newyorkensis	576	+	+	0	-1187	-612	1129	1704	WP_076340532.1#133	NZ_CAQUOT010000090.1	GCF_948894955.1
WP_076340530.1#133|Dubosiella_newyorkensis	210	+	+	1	-612	-403	1704	1913	WP_076340531.1#133	NZ_CAQUOT010000090.1	GCF_948894955.1
WP_076340530.1#133|Dubosiella_newyorkensis	351	+	+	125	1	351	2317	2667	WP_076340530.1#133	NZ_CAQUOT010000090.1	GCF_948894955.1
WP_076340530.1#133|Dubosiella_newyorkensis	324	+	+	1	344	667	2660	2983	WP_233120269.1#133	NZ_CAQUOT010000090.1	GCF_948894955.1
WP_076340530.1#133|Dubosiella_newyorkensis	218	+	-	0	654	871	2970	3187	WP_305179802.1#133	NZ_CAQUOT010000090.1	GCF_948894955.1



WP_129737220.1#15|Massilimicrobiota_timonensis	180	+	-	0	-4271	-4092	57609	57788	WP_129737214.1#15	NZ_UYXN01000007.1	GCF_900624845.1
WP_129737220.1#15|Massilimicrobiota_timonensis	351	+	+	0	-3836	-3486	58044	58394	WP_087243741.1#15	NZ_UYXN01000007.1	GCF_900624845.1
WP_129737220.1#15|Massilimicrobiota_timonensis	594	+	+	0	-3478	-2885	58402	58995	WP_129737216.1#15	NZ_UYXN01000007.1	GCF_900624845.1
WP_129737220.1#15|Massilimicrobiota_timonensis	2649	+	-	0	-2801	-153	59079	61727	WP_129737218.1#15	NZ_UYXN01000007.1	GCF_900624845.1
WP_129737220.1#15|Massilimicrobiota_timonensis	351	+	+	125	1	351	61881	62231	WP_129737220.1#15	NZ_UYXN01000007.1	GCF_900624845.1
WP_129737220.1#15|Massilimicrobiota_timonensis	279	+	+	1	365	643	62245	62523	WP_129737222.1#15	NZ_UYXN01000007.1	GCF_900624845.1
WP_129737220.1#15|Massilimicrobiota_timonensis	678	+	-	0	667	1344	62547	63224	WP_129737224.1#15	NZ_UYXN01000007.1	GCF_900624845.1
WP_129737220.1#15|Massilimicrobiota_timonensis	315	+	-	0	1532	1846	63412	63726	WP_129737226.1#15	NZ_UYXN01000007.1	GCF_900624845.1
WP_129737220.1#15|Massilimicrobiota_timonensis	2193	+	-	0	1959	4151	63839	66031	WP_129737232.1#15	NZ_UYXN01000007.1	GCF_900624845.1



WP_066085148.1#10|Anaerotignum_neopropionicum	240	+	+	0	-4163	-3924	196591	196830	WP_066085138.1#10	NZ_LRVM01000002.1	GCF_001571775.1
WP_066085148.1#10|Anaerotignum_neopropionicum	657	+	+	0	-3919	-3263	196835	197491	WP_066085142.1#10	NZ_LRVM01000002.1	GCF_001571775.1
WP_066085148.1#10|Anaerotignum_neopropionicum	2073	+	+	9	-3259	-1187	197495	199567	WP_066085144.1#10	NZ_LRVM01000002.1	GCF_001571775.1
WP_066085148.1#10|Anaerotignum_neopropionicum	1107	+	+	0	-1183	-77	199571	200677	WP_066085147.1#10	NZ_LRVM01000002.1	GCF_001571775.1
WP_066085148.1#10|Anaerotignum_neopropionicum	360	+	+	125	1	360	200755	201114	WP_066085148.1#10	NZ_LRVM01000002.1	GCF_001571775.1
WP_066085148.1#10|Anaerotignum_neopropionicum	300	+	+	1	363	662	201117	201416	WP_066085150.1#10	NZ_LRVM01000002.1	GCF_001571775.1
WP_066085148.1#10|Anaerotignum_neopropionicum	204	+	-	0	712	915	201466	201669	WP_066085153.1#10	NZ_LRVM01000002.1	GCF_001571775.1
WP_066085148.1#10|Anaerotignum_neopropionicum	276	+	+	0	987	1262	201741	202016	WP_278276616.1#10	NZ_LRVM01000002.1	GCF_001571775.1
WP_066085148.1#10|Anaerotignum_neopropionicum	5523	+	+	0	1601	7123	202355	207877	WP_066085158.1#10	NZ_LRVM01000002.1	GCF_001571775.1



WP_113991796.1#82|Faecalibacterium_prausnitzii	459	-	-	0	-5172	-4714	88163	88621	WP_015537193.1#82	NZ_JBWJAH010000004.1	GCF_056339395.1
WP_113991796.1#82|Faecalibacterium_prausnitzii	963	-	-	0	-4685	-3723	87172	88134	WP_005921643.1#82	NZ_JBWJAH010000004.1	GCF_056339395.1
WP_113991796.1#82|Faecalibacterium_prausnitzii	1254	-	-	0	-3686	-2433	85882	87135	WP_113991798.1#82	NZ_JBWJAH010000004.1	GCF_056339395.1
WP_113991796.1#82|Faecalibacterium_prausnitzii	1800	-	+	0	-1984	-185	83634	85433	WP_113991797.1#82	NZ_JBWJAH010000004.1	GCF_056339395.1
WP_113991796.1#82|Faecalibacterium_prausnitzii	360	-	+	125	1	360	83089	83448	WP_113991796.1#82	NZ_JBWJAH010000004.1	GCF_056339395.1
WP_113991796.1#82|Faecalibacterium_prausnitzii	291	-	+	1	357	647	82802	83092	WP_112091669.1#82	NZ_JBWJAH010000004.1	GCF_056339395.1
WP_113991796.1#82|Faecalibacterium_prausnitzii	720	-	+	0	729	1448	82001	82720	WP_113991795.1#82	NZ_JBWJAH010000004.1	GCF_056339395.1
WP_113991796.1#82|Faecalibacterium_prausnitzii	1023	-	-	59	1499	2521	80928	81950	WP_113991794.1#82	NZ_JBWJAH010000004.1	GCF_056339395.1
WP_113991796.1#82|Faecalibacterium_prausnitzii	651	-	-	0	2626	3276	80173	80823	WP_005921630.1#82	NZ_JBWJAH010000004.1	GCF_056339395.1



WP_298564406.1#59|uncultured_Phascolarctobacterium_sp_	315	+	+	92	-1494	-1180	55914	56228	WP_298564402.1#59	NZ_CATWDQ010000009.1	GCF_958349595.1
WP_298564406.1#59|uncultured_Phascolarctobacterium_sp_	174	+	+	0	-1164	-991	56244	56417	WP_298564403.1#59	NZ_CATWDQ010000009.1	GCF_958349595.1
WP_298564406.1#59|uncultured_Phascolarctobacterium_sp_	432	+	+	0	-886	-455	56522	56953	WP_298564404.1#59	NZ_CATWDQ010000009.1	GCF_958349595.1
WP_298564406.1#59|uncultured_Phascolarctobacterium_sp_	240	+	+	0	-335	-96	57073	57312	WP_298564405.1#59	NZ_CATWDQ010000009.1	GCF_958349595.1
WP_298564406.1#59|uncultured_Phascolarctobacterium_sp_	354	+	+	125	1	354	57409	57762	WP_298564406.1#59	NZ_CATWDQ010000009.1	GCF_958349595.1
WP_298564406.1#59|uncultured_Phascolarctobacterium_sp_	276	+	+	1	358	633	57766	58041	WP_298564407.1#59	NZ_CATWDQ010000009.1	GCF_958349595.1
WP_298564406.1#59|uncultured_Phascolarctobacterium_sp_	555	+	+	0	806	1360	58214	58768	WP_298564408.1#59	NZ_CATWDQ010000009.1	GCF_958349595.1
WP_298564406.1#59|uncultured_Phascolarctobacterium_sp_	633	+	+	0	1509	2141	58917	59549	WP_298564409.1#59	NZ_CATWDQ010000009.1	GCF_958349595.1
WP_298564406.1#59|uncultured_Phascolarctobacterium_sp_	420	+	+	0	2218	2637	59626	60045	WP_298564410.1#59	NZ_CATWDQ010000009.1	GCF_958349595.1



WP_147644219.1#16|Porcipelethomonas_sp_	393	-	-	9	-1267	-875	1747	2139	WP_337402140.1#16	NZ_JAXXBB010000034.1	GCF_037241755.1
WP_147644219.1#16|Porcipelethomonas_sp_	660	-	+	0	-761	-102	974	1633	WP_337402139.1#16	NZ_JAXXBB010000034.1	GCF_037241755.1
WP_147644219.1#16|Porcipelethomonas_sp_	360	-	+	125	1	360	512	871	WP_147644219.1#16	NZ_JAXXBB010000034.1	GCF_037241755.1
WP_147644219.1#16|Porcipelethomonas_sp_	285	-	+	1	357	641	231	515	WP_147644220.1#16	NZ_JAXXBB010000034.1	GCF_037241755.1
WP_147644219.1#16|Porcipelethomonas_sp_	197	-	-	0	675	871	1	197	WP_337402137.1#16	NZ_JAXXBB010000034.1	GCF_037241755.1



WP_277210021.1#25|Ruminococcus_callidus	399	+	+	0	-2754	-2356	23901	24299	WP_046435168.1#25	NZ_CAKWOI010000027.1	GCF_934842105.1
WP_277210021.1#25|Ruminococcus_callidus	987	+	+	0	-2218	-1232	24437	25423	WP_277210018.1#25	NZ_CAKWOI010000027.1	GCF_934842105.1
WP_277210021.1#25|Ruminococcus_callidus	504	+	+	0	-1208	-705	25447	25950	WP_276692484.1#25	NZ_CAKWOI010000027.1	GCF_934842105.1
WP_277210021.1#25|Ruminococcus_callidus	285	+	-	0	-684	-400	25971	26255	WP_226944327.1#25	NZ_CAKWOI010000027.1	GCF_934842105.1
WP_277210021.1#25|Ruminococcus_callidus	363	+	+	125	1	363	26656	27018	WP_277210021.1#25	NZ_CAKWOI010000027.1	GCF_934842105.1
WP_277210021.1#25|Ruminococcus_callidus	273	+	+	1	360	632	27015	27287	WP_277210019.1#25	NZ_CAKWOI010000027.1	GCF_934842105.1
WP_277210021.1#25|Ruminococcus_callidus	495	+	-	3	948	1442	27603	28097	WP_277210020.1#25	NZ_CAKWOI010000027.1	GCF_934842105.1
WP_277210021.1#25|Ruminococcus_callidus	580	+	+	83	1536	2115	28191	28770	WP_277214454.1#25	NZ_CAKWOI010000027.1	GCF_934842105.1



WP_279011299.1#181|Synergistes_jonesii	516	+	-	0	-1838	-1323	4588	5103	WP_037977055.1#181	NZ_CAMETI010000068.1	GCF_945937075.1
WP_279011299.1#181|Synergistes_jonesii	86	+	+	126	-1183	-1098	5243	5328	tRNA_181.6*#181	NZ_CAMETI010000068.1	GCF_945937075.1
WP_279011299.1#181|Synergistes_jonesii	123	+	+	0	-900	-778	5526	5648	WP_279011295.1#181	NZ_CAMETI010000068.1	GCF_945937075.1
WP_279011299.1#181|Synergistes_jonesii	654	+	+	0	-717	-64	5709	6362	WP_279011297.1#181	NZ_CAMETI010000068.1	GCF_945937075.1
WP_279011299.1#181|Synergistes_jonesii	360	+	+	125	1	360	6427	6786	WP_279011299.1#181	NZ_CAMETI010000068.1	GCF_945937075.1
WP_279011299.1#181|Synergistes_jonesii	279	+	+	1	357	635	6783	7061	WP_279011301.1#181	NZ_CAMETI010000068.1	GCF_945937075.1



WP_009657432.1#150|Selenomonas_sp__FOBRC9	432	-	+	0	-2265	-1834	7090	7521	WP_009657445.1#150	NZ_ALJR01000004.1	GCF_000287655.1
WP_009657432.1#150|Selenomonas_sp__FOBRC9	930	-	+	4	-1624	-695	5951	6880	WP_037351003.1#150	NZ_ALJR01000004.1	GCF_000287655.1
WP_009657432.1#150|Selenomonas_sp__FOBRC9	231	-	+	51	-652	-422	5678	5908	WP_009657442.1#150	NZ_ALJR01000004.1	GCF_000287655.1
WP_009657432.1#150|Selenomonas_sp__FOBRC9	237	-	+	51	-408	-172	5428	5664	WP_009657444.1#150	NZ_ALJR01000004.1	GCF_000287655.1
WP_009657432.1#150|Selenomonas_sp__FOBRC9	387	-	+	125	1	387	4869	5255	WP_009657432.1#150	NZ_ALJR01000004.1	GCF_000287655.1
WP_009657432.1#150|Selenomonas_sp__FOBRC9	285	-	+	1	384	668	4588	4872	WP_009657434.1#150	NZ_ALJR01000004.1	GCF_000287655.1
WP_009657432.1#150|Selenomonas_sp__FOBRC9	1392	-	+	109	767	2158	3098	4489	WP_009657433.1#150	NZ_ALJR01000004.1	GCF_000287655.1
WP_009657432.1#150|Selenomonas_sp__FOBRC9	570	-	+	0	2249	2818	2438	3007	WP_009657447.1#150	NZ_ALJR01000004.1	GCF_000287655.1
WP_009657432.1#150|Selenomonas_sp__FOBRC9	381	-	+	127	3039	3419	1837	2217	pseudogene_150.1*#150	NZ_ALJR01000004.1	GCF_000287655.1



WP_278967477.1#73|Megasphaera_elsdenii	336	+	+	0	-2006	-1671	34265	34600	WP_278967472.1#73	NZ_CAMDYL010000012.1	GCF_945910515.1
WP_278967477.1#73|Megasphaera_elsdenii	186	+	+	0	-1405	-1220	34866	35051	WP_278967473.1#73	NZ_CAMDYL010000012.1	GCF_945910515.1
WP_278967477.1#73|Megasphaera_elsdenii	696	+	+	0	-1190	-495	35081	35776	WP_278967474.1#73	NZ_CAMDYL010000012.1	GCF_945910515.1
WP_278967477.1#73|Megasphaera_elsdenii	165	+	-	36	-187	-23	36084	36248	WP_278967475.1#73	NZ_CAMDYL010000012.1	GCF_945910515.1
WP_278967477.1#73|Megasphaera_elsdenii	357	+	+	125	1	357	36272	36628	WP_278967477.1#73	NZ_CAMDYL010000012.1	GCF_945910515.1
WP_278967477.1#73|Megasphaera_elsdenii	276	+	+	1	354	629	36625	36900	WP_278967479.1#73	NZ_CAMDYL010000012.1	GCF_945910515.1
WP_278967477.1#73|Megasphaera_elsdenii	501	+	-	36	693	1193	36964	37464	WP_278967481.1#73	NZ_CAMDYL010000012.1	GCF_945910515.1
WP_278967477.1#73|Megasphaera_elsdenii	501	+	+	84	1500	2000	37771	38271	WP_278967484.1#73	NZ_CAMDYL010000012.1	GCF_945910515.1
WP_278967477.1#73|Megasphaera_elsdenii	432	+	+	84	2153	2584	38424	38855	WP_278967485.1#73	NZ_CAMDYL010000012.1	GCF_945910515.1



WP_232294930.1#84|Selenomonas_sp__oral_taxon_136	2004	+	-	0	-5394	-3391	1125544	1127547	WP_061945380.1#84	NZ_CP014239.1	GCF_001554015.1
WP_232294930.1#84|Selenomonas_sp__oral_taxon_136	777	+	-	0	-3310	-2534	1127628	1128404	WP_335338509.1#84	NZ_CP014239.1	GCF_001554015.1
WP_232294930.1#84|Selenomonas_sp__oral_taxon_136	1782	+	-	54	-2167	-386	1128771	1130552	WP_061945382.1#84	NZ_CP014239.1	GCF_001554015.1
WP_232294930.1#84|Selenomonas_sp__oral_taxon_136	201	+	+	0	-256	-56	1130682	1130882	WP_061945384.1#84	NZ_CP014239.1	GCF_001554015.1
WP_232294930.1#84|Selenomonas_sp__oral_taxon_136	402	+	+	125	1	402	1130939	1131340	WP_232294930.1#84	NZ_CP014239.1	GCF_001554015.1
WP_232294930.1#84|Selenomonas_sp__oral_taxon_136	306	+	+	1	386	691	1131324	1131629	WP_061945394.1#84	NZ_CP014239.1	GCF_001554015.1
WP_232294930.1#84|Selenomonas_sp__oral_taxon_136	276	+	+	0	1015	1290	1131953	1132228	WP_039981208.1#84	NZ_CP014239.1	GCF_001554015.1
WP_232294930.1#84|Selenomonas_sp__oral_taxon_136	684	+	+	0	1424	2107	1132362	1133045	WP_061945396.1#84	NZ_CP014239.1	GCF_001554015.1
WP_232294930.1#84|Selenomonas_sp__oral_taxon_136	666	+	+	0	2816	3481	1133754	1134419	WP_061945398.1#84	NZ_CP014239.1	GCF_001554015.1



WP_208429568.1#71|Catonella_massiliensis	534	-	-	0	-5470	-4937	2282958	2283491	WP_208429570.1#71	NZ_JAEPRJ010000001.1	GCF_016651435.1
WP_208429568.1#71|Catonella_massiliensis	1902	-	+	116	-4759	-2858	2280879	2282780	WP_236013763.1#71	NZ_JAEPRJ010000001.1	GCF_016651435.1
WP_208429568.1#71|Catonella_massiliensis	840	-	+	40	-2841	-2002	2280023	2280862	WP_236013762.1#71	NZ_JAEPRJ010000001.1	GCF_016651435.1
WP_208429568.1#71|Catonella_massiliensis	1491	-	+	0	-1829	-339	2278360	2279850	WP_208429569.1#71	NZ_JAEPRJ010000001.1	GCF_016651435.1
WP_208429568.1#71|Catonella_massiliensis	351	-	+	125	1	351	2277670	2278020	WP_208429568.1#71	NZ_JAEPRJ010000001.1	GCF_016651435.1
WP_208429568.1#71|Catonella_massiliensis	291	-	+	1	353	643	2277378	2277668	WP_208429567.1#71	NZ_JAEPRJ010000001.1	GCF_016651435.1
WP_208429568.1#71|Catonella_massiliensis	552	-	+	24	817	1368	2276653	2277204	WP_208429566.1#71	NZ_JAEPRJ010000001.1	GCF_016651435.1
WP_208429568.1#71|Catonella_massiliensis	684	-	-	0	1437	2120	2275901	2276584	WP_208429565.1#71	NZ_JAEPRJ010000001.1	GCF_016651435.1
WP_208429568.1#71|Catonella_massiliensis	1374	-	-	0	2296	3669	2274352	2275725	WP_208429564.1#71	NZ_JAEPRJ010000001.1	GCF_016651435.1



WP_007155981.1#77|Oribacterium_sinus_F0268	3339	+	+	8	-12084	-8746	243326	246664	WP_007155972.1#77	NZ_GG668533.1	GCF_000160635.1
WP_007155981.1#77|Oribacterium_sinus_F0268	1583	+	+	0	-7346	-5764	248064	249646	WP_007155975.1#77	NZ_GG668533.1	GCF_000160635.1
WP_007155981.1#77|Oribacterium_sinus_F0268	1908	+	+	0	-5776	-3869	249634	251541	WP_007155976.1#77	NZ_GG668533.1	GCF_000160635.1
WP_007155981.1#77|Oribacterium_sinus_F0268	2321	+	+	0	-3600	-1280	251810	254130	WP_040648277.1#77	NZ_GG668533.1	GCF_000160635.1
WP_007155981.1#77|Oribacterium_sinus_F0268	360	+	+	125	1	360	255411	255770	WP_007155981.1#77	NZ_GG668533.1	GCF_000160635.1
WP_007155981.1#77|Oribacterium_sinus_F0268	300	+	+	1	353	652	255763	256062	WP_007155982.1#77	NZ_GG668533.1	GCF_000160635.1
WP_007155981.1#77|Oribacterium_sinus_F0268	280	+	+	127	1185	1464	256595	256874	pseudogene_77.2*#77	NZ_GG668533.1	GCF_000160635.1
WP_007155981.1#77|Oribacterium_sinus_F0268	1455	+	+	34	1865	3319	257275	258729	WP_007155984.1#77	NZ_GG668533.1	GCF_000160635.1
WP_007155981.1#77|Oribacterium_sinus_F0268	1998	+	+	0	3735	5732	259145	261142	WP_007155986.1#77	NZ_GG668533.1	GCF_000160635.1



WP_091647341.1#174|Megasphaera_paucivorans	1125	+	-	0	-3642	-2518	178938	180062	WP_091647335.1#174	NZ_FNHQ01000001.1	GCF_900103535.1
WP_091647341.1#174|Megasphaera_paucivorans	456	+	-	0	-2506	-2051	180074	180529	WP_091647337.1#174	NZ_FNHQ01000001.1	GCF_900103535.1
WP_091647341.1#174|Megasphaera_paucivorans	1467	+	-	0	-2054	-588	180526	181992	WP_176762813.1#174	NZ_FNHQ01000001.1	GCF_900103535.1
WP_091647341.1#174|Megasphaera_paucivorans	600	+	-	0	-697	-98	181883	182482	WP_091647340.1#174	NZ_FNHQ01000001.1	GCF_900103535.1
WP_091647341.1#174|Megasphaera_paucivorans	357	+	+	125	1	357	182581	182937	WP_091647341.1#174	NZ_FNHQ01000001.1	GCF_900103535.1
WP_091647341.1#174|Megasphaera_paucivorans	285	+	+	1	357	641	182937	183221	WP_218118679.1#174	NZ_FNHQ01000001.1	GCF_900103535.1
WP_091647341.1#174|Megasphaera_paucivorans	342	+	-	0	707	1048	183287	183628	WP_091647344.1#174	NZ_FNHQ01000001.1	GCF_900103535.1
WP_091647341.1#174|Megasphaera_paucivorans	591	+	-	0	1085	1675	183665	184255	WP_176762814.1#174	NZ_FNHQ01000001.1	GCF_900103535.1
WP_091647341.1#174|Megasphaera_paucivorans	282	+	-	0	1694	1975	184274	184555	WP_091647347.1#174	NZ_FNHQ01000001.1	GCF_900103535.1



WP_308547419.1#31|uncultured_Selenomonas_sp_	345	+	-	0	-3179	-2835	167318	167662	WP_308547412.1#31	NZ_CABTNU010000020.1	GCF_902486285.1
WP_308547419.1#31|uncultured_Selenomonas_sp_	549	+	-	0	-2694	-2146	167803	168351	WP_308547413.1#31	NZ_CABTNU010000020.1	GCF_902486285.1
WP_308547419.1#31|uncultured_Selenomonas_sp_	1278	+	-	2	-2144	-867	168353	169630	WP_308547415.1#31	NZ_CABTNU010000020.1	GCF_902486285.1
WP_308547419.1#31|uncultured_Selenomonas_sp_	567	+	-	100	-750	-184	169747	170313	WP_308547417.1#31	NZ_CABTNU010000020.1	GCF_902486285.1
WP_308547419.1#31|uncultured_Selenomonas_sp_	357	+	+	125	1	357	170498	170854	WP_308547419.1#31	NZ_CABTNU010000020.1	GCF_902486285.1
WP_308547419.1#31|uncultured_Selenomonas_sp_	279	+	+	1	354	632	170851	171129	WP_308547421.1#31	NZ_CABTNU010000020.1	GCF_902486285.1
WP_308547419.1#31|uncultured_Selenomonas_sp_	1371	+	-	0	822	2192	171319	172689	WP_308547423.1#31	NZ_CABTNU010000020.1	GCF_902486285.1
WP_308547419.1#31|uncultured_Selenomonas_sp_	756	+	-	0	2189	2944	172686	173441	WP_308547425.1#31	NZ_CABTNU010000020.1	GCF_902486285.1
WP_308547419.1#31|uncultured_Selenomonas_sp_	810	+	-	0	3049	3858	173546	174355	WP_308547427.1#31	NZ_CABTNU010000020.1	GCF_902486285.1



WP_289052279.1#116|Mitsuokella_jalaludinii	610	+	-	0	-1772	-1163	1	610	WP_337411271.1#116	NZ_JAXWUX010000091.1	GCF_037244945.1
WP_289052279.1#116|Mitsuokella_jalaludinii	696	+	-	0	-901	-206	872	1567	WP_055162832.1#116	NZ_JAXWUX010000091.1	GCF_037244945.1
WP_289052279.1#116|Mitsuokella_jalaludinii	357	+	+	125	1	357	1774	2130	WP_289052279.1#116	NZ_JAXWUX010000091.1	GCF_037244945.1
WP_289052279.1#116|Mitsuokella_jalaludinii	279	+	+	1	354	632	2127	2405	WP_226868507.1#116	NZ_JAXWUX010000091.1	GCF_037244945.1
WP_289052279.1#116|Mitsuokella_jalaludinii	477	+	-	0	1091	1567	2864	3340	WP_417082876.1#116	NZ_JAXWUX010000091.1	GCF_037244945.1
WP_289052279.1#116|Mitsuokella_jalaludinii	789	+	-	0	1652	2440	3425	4213	WP_226868510.1#116	NZ_JAXWUX010000091.1	GCF_037244945.1
WP_289052279.1#116|Mitsuokella_jalaludinii	225	+	+	0	2750	2974	4523	4747	WP_226868511.1#116	NZ_JAXWUX010000091.1	GCF_037244945.1



WP_037324898.1#130|Anaerovibrio_sp__RM50	2430	+	+	39	-6375	-3946	28188	30617	WP_027405835.1#130	NZ_JHWV01000005.1	GCF_000622005.1
WP_037324898.1#130|Anaerovibrio_sp__RM50	450	+	-	53	-3813	-3364	30750	31199	WP_051533344.1#130	NZ_JHWV01000005.1	GCF_000622005.1
WP_037324898.1#130|Anaerovibrio_sp__RM50	1254	+	+	21	-3082	-1829	31481	32734	WP_027405836.1#130	NZ_JHWV01000005.1	GCF_000622005.1
WP_037324898.1#130|Anaerovibrio_sp__RM50	1266	+	+	122	-1511	-246	33052	34317	WP_369751927.1#130	NZ_JHWV01000005.1	GCF_000622005.1
WP_037324898.1#130|Anaerovibrio_sp__RM50	360	+	+	125	1	360	34564	34923	WP_037324898.1#130	NZ_JHWV01000005.1	GCF_000622005.1
WP_037324898.1#130|Anaerovibrio_sp__RM50	273	+	+	1	353	625	34916	35188	WP_027405839.1#130	NZ_JHWV01000005.1	GCF_000622005.1
WP_037324898.1#130|Anaerovibrio_sp__RM50	1014	+	-	0	680	1693	35243	36256	WP_084276826.1#130	NZ_JHWV01000005.1	GCF_000622005.1
WP_037324898.1#130|Anaerovibrio_sp__RM50	939	+	+	0	1912	2850	36475	37413	WP_027405841.1#130	NZ_JHWV01000005.1	GCF_000622005.1
WP_037324898.1#130|Anaerovibrio_sp__RM50	1773	+	-	54	2952	4724	37515	39287	WP_027405842.1#130	NZ_JHWV01000005.1	GCF_000622005.1



WP_294343097.1#26|uncultured_Selenomonas_sp_	323	+	+	0	-5098	-4776	1	323	WP_294343087.1#26	NZ_CAKAQH010000117.1	GCF_916720145.1
WP_294343097.1#26|uncultured_Selenomonas_sp_	1161	+	+	34	-4565	-3405	534	1694	WP_294343095.1#26	NZ_CAKAQH010000117.1	GCF_916720145.1
WP_294343097.1#26|uncultured_Selenomonas_sp_	3057	+	+	8	-3212	-156	1887	4943	WP_294343089.1#26	NZ_CAKAQH010000117.1	GCF_916720145.1
WP_294343097.1#26|uncultured_Selenomonas_sp_	366	+	+	125	1	366	5100	5465	WP_294343097.1#26	NZ_CAKAQH010000117.1	GCF_916720145.1
WP_294343097.1#26|uncultured_Selenomonas_sp_	273	+	+	1	359	631	5458	5730	WP_294343091.1#26	NZ_CAKAQH010000117.1	GCF_916720145.1
WP_294343097.1#26|uncultured_Selenomonas_sp_	606	+	-	0	707	1312	5806	6411	WP_294343092.1#26	NZ_CAKAQH010000117.1	GCF_916720145.1



WP_281072177.1#115|Succinivibrio_dextrinosolvens	1098	-	+	87	-3884	-2787	14049	15146	WP_031492082.1#115	NZ_CAJOGJ010000022.1	GCF_905234035.1
WP_281072177.1#115|Succinivibrio_dextrinosolvens	879	-	-	33	-2736	-1858	13120	13998	WP_031492081.1#115	NZ_CAJOGJ010000022.1	GCF_905234035.1
WP_281072177.1#115|Succinivibrio_dextrinosolvens	1068	-	+	87	-1455	-388	11650	12717	WP_281072179.1#115	NZ_CAJOGJ010000022.1	GCF_905234035.1
WP_281072177.1#115|Succinivibrio_dextrinosolvens	87	-	+	126	-259	-173	11435	11521	tRNA_115.6*#115	NZ_CAJOGJ010000022.1	GCF_905234035.1
WP_281072177.1#115|Succinivibrio_dextrinosolvens	333	-	+	125	1	333	10929	11261	WP_281072177.1#115	NZ_CAJOGJ010000022.1	GCF_905234035.1
WP_281072177.1#115|Succinivibrio_dextrinosolvens	312	-	+	1	330	641	10621	10932	WP_281072176.1#115	NZ_CAJOGJ010000022.1	GCF_905234035.1
WP_281072177.1#115|Succinivibrio_dextrinosolvens	255	-	-	0	841	1095	10167	10421	WP_281072174.1#115	NZ_CAJOGJ010000022.1	GCF_905234035.1
WP_281072177.1#115|Succinivibrio_dextrinosolvens	645	-	-	14	1104	1748	9514	10158	WP_031492360.1#115	NZ_CAJOGJ010000022.1	GCF_905234035.1
WP_281072177.1#115|Succinivibrio_dextrinosolvens	1023	-	+	0	1980	3002	8260	9282	WP_051639572.1#115	NZ_CAJOGJ010000022.1	GCF_905234035.1



WP_278514932.1#48|Succinivibrio_dextrinosolvens	1914	+	+	0	-6821	-4908	28963	30876	WP_278514928.1#48	NZ_SUVD01000005.1	GCF_015062185.1
WP_278514932.1#48|Succinivibrio_dextrinosolvens	2247	+	+	0	-4542	-2296	31242	33488	WP_278514929.1#48	NZ_SUVD01000005.1	GCF_015062185.1
WP_278514932.1#48|Succinivibrio_dextrinosolvens	738	+	+	0	-2210	-1473	33574	34311	WP_031491758.1#48	NZ_SUVD01000005.1	GCF_015062185.1
WP_278514932.1#48|Succinivibrio_dextrinosolvens	1227	+	-	117	-1427	-201	34357	35583	WP_278514931.1#48	NZ_SUVD01000005.1	GCF_015062185.1
WP_278514932.1#48|Succinivibrio_dextrinosolvens	366	+	+	125	1	366	35785	36150	WP_278514932.1#48	NZ_SUVD01000005.1	GCF_015062185.1
WP_278514932.1#48|Succinivibrio_dextrinosolvens	273	+	+	1	359	631	36143	36415	WP_031492738.1#48	NZ_SUVD01000005.1	GCF_015062185.1
WP_278514932.1#48|Succinivibrio_dextrinosolvens	2076	+	-	93	708	2783	36492	38567	WP_278514933.1#48	NZ_SUVD01000005.1	GCF_015062185.1
WP_278514932.1#48|Succinivibrio_dextrinosolvens	1848	+	+	0	2892	4739	38676	40523	WP_278514934.1#48	NZ_SUVD01000005.1	GCF_015062185.1
WP_278514932.1#48|Succinivibrio_dextrinosolvens	1479	+	+	0	4866	6344	40650	42128	WP_078929092.1#48	NZ_SUVD01000005.1	GCF_015062185.1



WP_075580645.1#141|Acidaminococcus_massiliensis	537	-	+	112	-7255	-6719	2291930	2292466	WP_187119205.1#141	NZ_LT608315.1	GCF_900095825.1
WP_075580645.1#141|Acidaminococcus_massiliensis	1608	-	+	22	-6351	-4744	2289955	2291562	WP_075580647.1#141	NZ_LT608315.1	GCF_900095825.1
WP_075580645.1#141|Acidaminococcus_massiliensis	1224	-	+	46	-4734	-3511	2288722	2289945	WP_143224883.1#141	NZ_LT608315.1	GCF_900095825.1
WP_075580645.1#141|Acidaminococcus_massiliensis	3072	-	+	8	-3498	-427	2285638	2288709	WP_075580646.1#141	NZ_LT608315.1	GCF_900095825.1
WP_075580645.1#141|Acidaminococcus_massiliensis	345	-	+	125	1	345	2284866	2285210	WP_075580645.1#141	NZ_LT608315.1	GCF_900095825.1
WP_075580645.1#141|Acidaminococcus_massiliensis	273	-	+	1	359	631	2284580	2284852	WP_075580644.1#141	NZ_LT608315.1	GCF_900095825.1
WP_075580645.1#141|Acidaminococcus_massiliensis	1170	-	+	13	999	2168	2283043	2284212	WP_075580209.1#141	NZ_LT608315.1	GCF_900095825.1
WP_075580645.1#141|Acidaminococcus_massiliensis	5010	-	+	0	2268	7277	2277934	2282943	WP_143224882.1#141	NZ_LT608315.1	GCF_900095825.1
WP_075580645.1#141|Acidaminococcus_massiliensis	942	-	+	0	7520	8461	2276750	2277691	WP_075580642.1#141	NZ_LT608315.1	GCF_900095825.1



WP_168059615.1#68|uncultured_Megasphaera_sp_	627	+	+	0	-3456	-2830	37257	37883	WP_300623879.1#68	NZ_CASFJZ010000007.1	GCF_949295145.1
WP_168059615.1#68|uncultured_Megasphaera_sp_	552	+	+	0	-2807	-2256	37906	38457	WP_206081447.1#68	NZ_CASFJZ010000007.1	GCF_949295145.1
WP_168059615.1#68|uncultured_Megasphaera_sp_	858	+	+	0	-2144	-1287	38569	39426	WP_300623882.1#68	NZ_CASFJZ010000007.1	GCF_949295145.1
WP_168059615.1#68|uncultured_Megasphaera_sp_	903	+	-	0	-1158	-256	39555	40457	WP_300623884.1#68	NZ_CASFJZ010000007.1	GCF_949295145.1
WP_168059615.1#68|uncultured_Megasphaera_sp_	366	+	+	125	1	366	40714	41079	WP_168059615.1#68	NZ_CASFJZ010000007.1	GCF_949295145.1
WP_168059615.1#68|uncultured_Megasphaera_sp_	309	+	+	1	363	671	41076	41384	WP_300623888.1#68	NZ_CASFJZ010000007.1	GCF_949295145.1
WP_168059615.1#68|uncultured_Megasphaera_sp_	1689	+	+	0	895	2583	41608	43296	WP_300623890.1#68	NZ_CASFJZ010000007.1	GCF_949295145.1
WP_168059615.1#68|uncultured_Megasphaera_sp_	273	+	+	0	2758	3030	43471	43743	WP_095628886.1#68	NZ_CASFJZ010000007.1	GCF_949295145.1
WP_168059615.1#68|uncultured_Megasphaera_sp_	561	+	+	0	3045	3605	43758	44318	WP_300623893.1#68	NZ_CASFJZ010000007.1	GCF_949295145.1



WP_050341321.1#160|Olsenella_sp__oral_taxon_807	279	-	-	0	-5005	-4727	2484617	2484895	WP_050341327.1#160	NZ_CP012069.2	GCF_001189515.2
WP_050341321.1#160|Olsenella_sp__oral_taxon_807	1587	-	-	12	-4730	-3144	2483034	2484620	WP_050341325.1#160	NZ_CP012069.2	GCF_001189515.2
WP_050341321.1#160|Olsenella_sp__oral_taxon_807	333	-	+	0	-3093	-2761	2482651	2482983	WP_083443969.1#160	NZ_CP012069.2	GCF_001189515.2
WP_050341321.1#160|Olsenella_sp__oral_taxon_807	1161	-	-	0	-2527	-1367	2481257	2482417	WP_172674494.1#160	NZ_CP012069.2	GCF_001189515.2
WP_050341321.1#160|Olsenella_sp__oral_taxon_807	345	-	+	125	1	345	2479545	2479889	WP_050341321.1#160	NZ_CP012069.2	GCF_001189515.2
WP_050341321.1#160|Olsenella_sp__oral_taxon_807	273	-	+	1	338	610	2479280	2479552	WP_050341319.1#160	NZ_CP012069.2	GCF_001189515.2
WP_050341321.1#160|Olsenella_sp__oral_taxon_807	1824	-	+	2	1714	3537	2476353	2478176	WP_050341315.1#160	NZ_CP012069.2	GCF_001189515.2
WP_050341321.1#160|Olsenella_sp__oral_taxon_807	1518	-	+	0	3998	5515	2474375	2475892	WP_172674493.1#160	NZ_CP012069.2	GCF_001189515.2
WP_050341321.1#160|Olsenella_sp__oral_taxon_807	819	-	+	0	5599	6417	2473473	2474291	WP_050341313.1#160	NZ_CP012069.2	GCF_001189515.2



WP_117678919.1#14|Collinsella_tanakaei	873	+	+	0	-3959	-3087	227015	227887	WP_270480495.1#14	NZ_JAQCWE010000004.1	GCF_027684525.1
WP_117678919.1#14|Collinsella_tanakaei	567	+	-	0	-3039	-2473	227935	228501	WP_270480496.1#14	NZ_JAQCWE010000004.1	GCF_027684525.1
WP_117678919.1#14|Collinsella_tanakaei	669	+	+	17	-2340	-1672	228634	229302	WP_270480497.1#14	NZ_JAQCWE010000004.1	GCF_027684525.1
WP_117678919.1#14|Collinsella_tanakaei	1383	+	+	0	-1518	-136	229456	230838	WP_270480498.1#14	NZ_JAQCWE010000004.1	GCF_027684525.1
WP_117678919.1#14|Collinsella_tanakaei	342	+	+	125	1	342	230975	231316	WP_117678919.1#14	NZ_JAQCWE010000004.1	GCF_027684525.1
WP_117678919.1#14|Collinsella_tanakaei	273	+	+	1	335	607	231309	231581	WP_117678918.1#14	NZ_JAQCWE010000004.1	GCF_027684525.1
WP_117678919.1#14|Collinsella_tanakaei	984	+	-	26	1133	2116	232107	233090	WP_009141578.1#14	NZ_JAQCWE010000004.1	GCF_027684525.1
WP_117678919.1#14|Collinsella_tanakaei	528	+	-	0	2276	2803	233250	233777	WP_117678917.1#14	NZ_JAQCWE010000004.1	GCF_027684525.1
WP_117678919.1#14|Collinsella_tanakaei	561	+	+	23	3149	3709	234123	234683	WP_009141576.1#14	NZ_JAQCWE010000004.1	GCF_027684525.1



WP_006723908.1#76|Collinsella_intestinalis	477	+	-	0	-3690	-3214	31868	32344	WP_118271928.1#76	NZ_JAQECP010000011.1	GCF_027669905.1
WP_006723908.1#76|Collinsella_intestinalis	294	+	+	0	-3046	-2753	32512	32805	WP_118271927.1#76	NZ_JAQECP010000011.1	GCF_027669905.1
WP_006723908.1#76|Collinsella_intestinalis	699	+	+	17	-2648	-1950	32910	33608	WP_270256063.1#76	NZ_JAQECP010000011.1	GCF_027669905.1
WP_006723908.1#76|Collinsella_intestinalis	1521	+	+	2	-1700	-180	33858	35378	WP_270256064.1#76	NZ_JAQECP010000011.1	GCF_027669905.1
WP_006723908.1#76|Collinsella_intestinalis	354	+	+	125	1	354	35559	35912	WP_006723908.1#76	NZ_JAQECP010000011.1	GCF_027669905.1
WP_006723908.1#76|Collinsella_intestinalis	273	+	+	1	341	613	35899	36171	WP_006723909.1#76	NZ_JAQECP010000011.1	GCF_027669905.1
WP_006723908.1#76|Collinsella_intestinalis	984	+	-	26	1008	1991	36566	37549	WP_118271923.1#76	NZ_JAQECP010000011.1	GCF_027669905.1
WP_006723908.1#76|Collinsella_intestinalis	900	+	+	0	2152	3051	37710	38609	WP_270256068.1#76	NZ_JAQECP010000011.1	GCF_027669905.1
WP_006723908.1#76|Collinsella_intestinalis	1389	+	+	76	3058	4446	38616	40004	WP_270256069.1#76	NZ_JAQECP010000011.1	GCF_027669905.1



WP_302397075.1#103|Eggerthella_sinensis	462	-	+	0	-3316	-2855	118428	118889	WP_302397082.1#103	NZ_CATYLB010000006.1	GCF_958408635.1
WP_302397075.1#103|Eggerthella_sinensis	1167	-	-	0	-2843	-1677	117250	118416	WP_302397081.1#103	NZ_CATYLB010000006.1	GCF_958408635.1
WP_302397075.1#103|Eggerthella_sinensis	777	-	-	2	-1684	-908	116481	117257	WP_302397079.1#103	NZ_CATYLB010000006.1	GCF_958408635.1
WP_302397075.1#103|Eggerthella_sinensis	609	-	+	38	-789	-181	115754	116362	WP_302397077.1#103	NZ_CATYLB010000006.1	GCF_958408635.1
WP_302397075.1#103|Eggerthella_sinensis	360	-	+	125	1	360	115213	115572	WP_302397075.1#103	NZ_CATYLB010000006.1	GCF_958408635.1
WP_302397075.1#103|Eggerthella_sinensis	288	-	+	1	353	640	114933	115220	WP_302397074.1#103	NZ_CATYLB010000006.1	GCF_958408635.1
WP_302397075.1#103|Eggerthella_sinensis	435	-	-	0	680	1114	114459	114893	WP_302397073.1#103	NZ_CATYLB010000006.1	GCF_958408635.1
WP_302397075.1#103|Eggerthella_sinensis	654	-	+	0	1183	1836	113737	114390	WP_302397072.1#103	NZ_CATYLB010000006.1	GCF_958408635.1
WP_302397075.1#103|Eggerthella_sinensis	840	-	+	96	1961	2800	112773	113612	WP_302397071.1#103	NZ_CATYLB010000006.1	GCF_958408635.1



WP_084636178.1#196|Adlercreutzia_mucosicola_DSM_19490	1428	+	+	0	-2630	-1203	149249	150676	WP_235715455.1#196	NZ_AUGK01000003.1	GCF_000422625.1
WP_084636178.1#196|Adlercreutzia_mucosicola_DSM_19490	360	+	+	0	-1175	-816	150704	151063	WP_156891842.1#196	NZ_AUGK01000003.1	GCF_000422625.1
WP_084636178.1#196|Adlercreutzia_mucosicola_DSM_19490	249	+	+	0	-715	-467	151164	151412	WP_156891843.1#196	NZ_AUGK01000003.1	GCF_000422625.1
WP_084636178.1#196|Adlercreutzia_mucosicola_DSM_19490	88	+	-	126	-368	-281	151511	151598	tRNA_196.8*#196	NZ_AUGK01000003.1	GCF_000422625.1
WP_084636178.1#196|Adlercreutzia_mucosicola_DSM_19490	372	+	+	125	1	372	151880	152251	WP_084636178.1#196	NZ_AUGK01000003.1	GCF_000422625.1
WP_084636178.1#196|Adlercreutzia_mucosicola_DSM_19490	288	+	+	1	350	637	152229	152516	WP_028026066.1#196	NZ_AUGK01000003.1	GCF_000422625.1
WP_084636178.1#196|Adlercreutzia_mucosicola_DSM_19490	114	+	-	7	691	804	152570	152683	WP_156891866.1#196	NZ_AUGK01000003.1	GCF_000422625.1
WP_084636178.1#196|Adlercreutzia_mucosicola_DSM_19490	1146	+	-	0	820	1965	152699	153844	WP_028026067.1#196	NZ_AUGK01000003.1	GCF_000422625.1
WP_084636178.1#196|Adlercreutzia_mucosicola_DSM_19490	285	+	-	42	2051	2335	153930	154214	WP_084636179.1#196	NZ_AUGK01000003.1	GCF_000422625.1



WP_246599914.1#44|Gordonibacter_massiliensis__ex_Traore_et_al__2017_	1026	+	+	2	-3609	-2584	109473	110498	WP_246599913.1#44	NZ_JAASIO010000007.1	GCF_019731765.1
WP_246599914.1#44|Gordonibacter_massiliensis__ex_Traore_et_al__2017_	747	+	+	102	-2582	-1836	110500	111246	WP_221689289.1#44	NZ_JAASIO010000007.1	GCF_019731765.1
WP_246599914.1#44|Gordonibacter_massiliensis__ex_Traore_et_al__2017_	309	+	+	0	-1597	-1289	111485	111793	WP_221689290.1#44	NZ_JAASIO010000007.1	GCF_019731765.1
WP_246599914.1#44|Gordonibacter_massiliensis__ex_Traore_et_al__2017_	837	+	+	96	-1101	-265	111981	112817	WP_221689291.1#44	NZ_JAASIO010000007.1	GCF_019731765.1
WP_246599914.1#44|Gordonibacter_massiliensis__ex_Traore_et_al__2017_	348	+	+	125	1	348	113083	113430	WP_246599914.1#44	NZ_JAASIO010000007.1	GCF_019731765.1
WP_246599914.1#44|Gordonibacter_massiliensis__ex_Traore_et_al__2017_	288	+	+	1	354	641	113436	113723	WP_221689293.1#44	NZ_JAASIO010000007.1	GCF_019731765.1
WP_246599914.1#44|Gordonibacter_massiliensis__ex_Traore_et_al__2017_	2946	+	-	71	755	3700	113837	116782	WP_246599915.1#44	NZ_JAASIO010000007.1	GCF_019731765.1
WP_246599914.1#44|Gordonibacter_massiliensis__ex_Traore_et_al__2017_	76	+	-	126	3941	4016	117023	117098	tRNA_44.3*#44	NZ_JAASIO010000007.1	GCF_019731765.1
WP_246599914.1#44|Gordonibacter_massiliensis__ex_Traore_et_al__2017_	1494	+	-	7	4058	5551	117140	118633	WP_221689294.1#44	NZ_JAASIO010000007.1	GCF_019731765.1



WP_039969094.1#7|Selenomonas_artemidis_F0399	1392	-	+	0	-5961	-4570	128753	130144	WP_009349281.1#7	NZ_GL638130.1	GCF_000187125.1
WP_039969094.1#7|Selenomonas_artemidis_F0399	378	-	+	0	-4308	-3931	128114	128491	WP_009349280.1#7	NZ_GL638130.1	GCF_000187125.1
WP_039969094.1#7|Selenomonas_artemidis_F0399	2046	-	+	0	-3759	-1714	125897	127942	WP_009349279.1#7	NZ_GL638130.1	GCF_000187125.1
WP_039969094.1#7|Selenomonas_artemidis_F0399	1344	-	+	0	-1444	-101	124284	125627	WP_039969096.1#7	NZ_GL638130.1	GCF_000187125.1
WP_039969094.1#7|Selenomonas_artemidis_F0399	345	-	+	125	1	345	123838	124182	WP_039969094.1#7	NZ_GL638130.1	GCF_000187125.1
WP_039969094.1#7|Selenomonas_artemidis_F0399	192	-	+	1	345	536	123647	123838	WP_009349275.1#7	NZ_GL638130.1	GCF_000187125.1
WP_039969094.1#7|Selenomonas_artemidis_F0399	897	-	-	25	614	1510	122673	123569	WP_009349274.1#7	NZ_GL638130.1	GCF_000187125.1
WP_039969094.1#7|Selenomonas_artemidis_F0399	792	-	+	0	1753	2544	121639	122430	WP_026762147.1#7	NZ_GL638130.1	GCF_000187125.1
WP_039969094.1#7|Selenomonas_artemidis_F0399	933	-	+	68	2546	3478	120705	121637	WP_009349272.1#7	NZ_GL638130.1	GCF_000187125.1



WP_006191912.1#75|Selenomonas_sputigena_ATCC_35185	1374	+	-	16	-7132	-5759	1560851	1562224	WP_006191924.1#75	NC_015437.1	GCF_000208405.1
WP_006191912.1#75|Selenomonas_sputigena_ATCC_35185	1173	+	-	75	-5668	-4496	1562315	1563487	WP_155813665.1#75	NC_015437.1	GCF_000208405.1
WP_006191912.1#75|Selenomonas_sputigena_ATCC_35185	1275	+	-	16	-4317	-3043	1563666	1564940	WP_071585609.1#75	NC_015437.1	GCF_000208405.1
WP_006191912.1#75|Selenomonas_sputigena_ATCC_35185	2574	+	-	35	-2794	-221	1565189	1567762	WP_006191917.1#75	NC_015437.1	GCF_000208405.1
WP_006191912.1#75|Selenomonas_sputigena_ATCC_35185	369	+	+	125	1	369	1567984	1568352	WP_006191912.1#75	NC_015437.1	GCF_000208405.1
WP_006191912.1#75|Selenomonas_sputigena_ATCC_35185	189	+	+	1	363	551	1568346	1568534	WP_006191911.1#75	NC_015437.1	GCF_000208405.1
WP_006191912.1#75|Selenomonas_sputigena_ATCC_35185	393	+	+	74	576	968	1568559	1568951	WP_006191910.1#75	NC_015437.1	GCF_000208405.1
WP_006191912.1#75|Selenomonas_sputigena_ATCC_35185	999	+	-	50	1037	2035	1569020	1570018	WP_006191909.1#75	NC_015437.1	GCF_000208405.1
WP_006191912.1#75|Selenomonas_sputigena_ATCC_35185	2625	+	-	31	2828	5452	1570811	1573435	WP_006191906.1#75	NC_015437.1	GCF_000208405.1



WP_106626169.1#161|Selenomonas_massiliensis	3696	+	+	106	-6402	-2707	412531	416226	WP_106626165.1#161	NZ_LT985754.1	GCF_900290285.1
WP_106626169.1#161|Selenomonas_massiliensis	1422	+	+	105	-2717	-1296	416216	417637	WP_106626166.1#161	NZ_LT985754.1	GCF_900290285.1
WP_106626169.1#161|Selenomonas_massiliensis	531	+	+	107	-1296	-766	417637	418167	WP_106626167.1#161	NZ_LT985754.1	GCF_900290285.1
WP_106626169.1#161|Selenomonas_massiliensis	666	+	+	101	-766	-101	418167	418832	WP_106626168.1#161	NZ_LT985754.1	GCF_900290285.1
WP_106626169.1#161|Selenomonas_massiliensis	345	+	+	125	1	345	418934	419278	WP_106626169.1#161	NZ_LT985754.1	GCF_900290285.1
WP_106626169.1#161|Selenomonas_massiliensis	189	+	+	1	342	530	419275	419463	WP_199820978.1#161	NZ_LT985754.1	GCF_900290285.1
WP_106626169.1#161|Selenomonas_massiliensis	294	+	+	11	560	853	419493	419786	WP_106626170.1#161	NZ_LT985754.1	GCF_900290285.1
WP_106626169.1#161|Selenomonas_massiliensis	1404	+	+	0	900	2303	419833	421236	WP_106626171.1#161	NZ_LT985754.1	GCF_900290285.1
WP_106626169.1#161|Selenomonas_massiliensis	1278	+	+	124	2752	4029	421685	422962	WP_106626172.1#161	NZ_LT985754.1	GCF_900290285.1



WP_314535993.1#50|uncultured_Selenomonas_sp_	210	-	+	106	-3019	-2810	4621	4830	WP_315440337.1#50	NZ_CAUUSR010000111.1	GCF_963547855.1
WP_314535993.1#50|uncultured_Selenomonas_sp_	1419	-	+	105	-2820	-1402	3213	4631	WP_315440336.1#50	NZ_CAUUSR010000111.1	GCF_963547855.1
WP_314535993.1#50|uncultured_Selenomonas_sp_	534	-	+	107	-1399	-866	2677	3210	WP_315440339.1#50	NZ_CAUUSR010000111.1	GCF_963547855.1
WP_314535993.1#50|uncultured_Selenomonas_sp_	666	-	+	101	-869	-204	2015	2680	WP_314535991.1#50	NZ_CAUUSR010000111.1	GCF_963547855.1
WP_314535993.1#50|uncultured_Selenomonas_sp_	345	-	+	125	1	345	1466	1810	WP_314535993.1#50	NZ_CAUUSR010000111.1	GCF_963547855.1
WP_314535993.1#50|uncultured_Selenomonas_sp_	177	-	+	1	342	518	1293	1469	WP_157064409.1#50	NZ_CAUUSR010000111.1	GCF_963547855.1
WP_314535993.1#50|uncultured_Selenomonas_sp_	294	-	+	11	612	905	906	1199	WP_050342483.1#50	NZ_CAUUSR010000111.1	GCF_963547855.1
WP_314535993.1#50|uncultured_Selenomonas_sp_	156	-	+	108	1087	1242	569	724	WP_315440338.1#50	NZ_CAUUSR010000111.1	GCF_963547855.1
WP_314535993.1#50|uncultured_Selenomonas_sp_	565	-	+	0	1246	1810	1	565	WP_315440335.1#50	NZ_CAUUSR010000111.1	GCF_963547855.1



WP_013740562.1#187|Selenomonas_sputigena	2520	-	-	0	-5100	-2581	11491	14010	WP_315275851.1#187	NZ_CAURDU010000017.1	GCF_963523825.1
WP_013740562.1#187|Selenomonas_sputigena	1068	-	-	0	-2466	-1399	10309	11376	WP_315275849.1#187	NZ_CAURDU010000017.1	GCF_963523825.1
WP_013740562.1#187|Selenomonas_sputigena	633	-	-	0	-1399	-767	9677	10309	WP_315275848.1#187	NZ_CAURDU010000017.1	GCF_963523825.1
WP_013740562.1#187|Selenomonas_sputigena	450	-	-	0	-754	-305	9215	9664	WP_315275846.1#187	NZ_CAURDU010000017.1	GCF_963523825.1
WP_013740562.1#187|Selenomonas_sputigena	345	-	+	125	1	345	8565	8909	WP_013740562.1#187	NZ_CAURDU010000017.1	GCF_963523825.1
WP_013740562.1#187|Selenomonas_sputigena	177	-	+	1	342	518	8392	8568	WP_155813700.1#187	NZ_CAURDU010000017.1	GCF_963523825.1
WP_013740562.1#187|Selenomonas_sputigena	945	-	-	0	671	1615	7295	8239	WP_315275835.1#187	NZ_CAURDU010000017.1	GCF_963523825.1
WP_013740562.1#187|Selenomonas_sputigena	76	-	-	126	1741	1816	7094	7169	tRNA_187.2*#187	NZ_CAURDU010000017.1	GCF_963523825.1
WP_013740562.1#187|Selenomonas_sputigena	513	-	+	0	2307	2819	6091	6603	WP_315275831.1#187	NZ_CAURDU010000017.1	GCF_963523825.1



WP_265071457.1#23|Selenomonas_sputigena	1386	-	-	16	-7131	-5746	847544	848929	WP_009646061.1#23	NZ_CP110383.1	GCF_026015965.1
WP_265071457.1#23|Selenomonas_sputigena	1173	-	-	75	-5649	-4477	846275	847447	WP_265071460.1#23	NZ_CP110383.1	GCF_026015965.1
WP_265071457.1#23|Selenomonas_sputigena	1317	-	-	16	-4304	-2988	844786	846102	WP_265071459.1#23	NZ_CP110383.1	GCF_026015965.1
WP_265071457.1#23|Selenomonas_sputigena	2574	-	-	35	-2811	-238	842036	844609	WP_265071458.1#23	NZ_CP110383.1	GCF_026015965.1
WP_265071457.1#23|Selenomonas_sputigena	342	-	+	125	1	342	841456	841797	WP_265071457.1#23	NZ_CP110383.1	GCF_026015965.1
WP_265071457.1#23|Selenomonas_sputigena	189	-	+	1	342	530	841268	841456	WP_009646066.1#23	NZ_CP110383.1	GCF_026015965.1
WP_265071457.1#23|Selenomonas_sputigena	393	-	+	74	555	947	840851	841243	WP_265071456.1#23	NZ_CP110383.1	GCF_026015965.1
WP_265071457.1#23|Selenomonas_sputigena	999	-	-	50	1068	2066	839732	840730	WP_009646039.1#23	NZ_CP110383.1	GCF_026015965.1
WP_265071457.1#23|Selenomonas_sputigena	954	-	-	0	2755	3708	838090	839043	WP_265071455.1#23	NZ_CP110383.1	GCF_026015965.1



WP_304987834.1#120|Selenomonas_dianae	645	-	+	5	-1967	-1323	275826	276470	WP_304987838.1#120	NZ_BAAACR010000002.1	GCF_039521605.1
WP_304987834.1#120|Selenomonas_dianae	783	-	+	2	-1342	-560	275063	275845	WP_304987837.1#120	NZ_BAAACR010000002.1	GCF_039521605.1
WP_304987834.1#120|Selenomonas_dianae	243	-	+	0	-490	-248	274751	274993	WP_304987836.1#120	NZ_BAAACR010000002.1	GCF_039521605.1
WP_304987834.1#120|Selenomonas_dianae	177	-	+	0	-229	-53	274556	274732	WP_304987835.1#120	NZ_BAAACR010000002.1	GCF_039521605.1
WP_304987834.1#120|Selenomonas_dianae	345	-	+	125	1	345	274158	274502	WP_304987834.1#120	NZ_BAAACR010000002.1	GCF_039521605.1
WP_304987834.1#120|Selenomonas_dianae	183	-	+	1	342	524	273979	274161	WP_304987833.1#120	NZ_BAAACR010000002.1	GCF_039521605.1
WP_304987834.1#120|Selenomonas_dianae	1158	-	-	0	599	1756	272747	273904	WP_304987832.1#120	NZ_BAAACR010000002.1	GCF_039521605.1
WP_304987834.1#120|Selenomonas_dianae	2202	-	-	21	1793	3994	270509	272710	WP_304987831.1#120	NZ_BAAACR010000002.1	GCF_039521605.1
WP_304987834.1#120|Selenomonas_dianae	1116	-	-	0	4162	5277	269226	270341	WP_304987830.1#120	NZ_BAAACR010000002.1	GCF_039521605.1



WP_071441725.1#132|Traorella_massiliensis	264	-	+	56	-1340	-1077	424511	424774	WP_071440553.1#132	NZ_LT629968.1	GCF_900104665.1
WP_071441725.1#132|Traorella_massiliensis	187	-	-	0	-1080	-894	424328	424514	WP_235858745.1#132	NZ_LT629968.1	GCF_900104665.1
WP_071441725.1#132|Traorella_massiliensis	195	-	+	0	-792	-598	424032	424226	WP_235858744.1#132	NZ_LT629968.1	GCF_900104665.1
WP_071441725.1#132|Traorella_massiliensis	258	-	+	0	-308	-51	423485	423742	WP_071441726.1#132	NZ_LT629968.1	GCF_900104665.1
WP_071441725.1#132|Traorella_massiliensis	363	-	+	125	1	363	423071	423433	WP_071441725.1#132	NZ_LT629968.1	GCF_900104665.1
WP_071441725.1#132|Traorella_massiliensis	288	-	+	1	360	647	422787	423074	WP_071441724.1#132	NZ_LT629968.1	GCF_900104665.1
WP_071441725.1#132|Traorella_massiliensis	267	-	+	41	925	1191	422243	422509	WP_071441723.1#132	NZ_LT629968.1	GCF_900104665.1
WP_071441725.1#132|Traorella_massiliensis	261	-	+	56	1192	1452	421982	422242	WP_071441722.1#132	NZ_LT629968.1	GCF_900104665.1
WP_071441725.1#132|Traorella_massiliensis	741	-	+	0	1827	2567	420867	421607	WP_071441721.1#132	NZ_LT629968.1	GCF_900104665.1



WP_289547883.1#117|Megamonas_hypermegale	1152	+	-	0	-11839	-10688	2436740	2437891	WP_346687794.1#117	NZ_OZ006974.1	GCF_963931125.1
WP_289547883.1#117|Megamonas_hypermegale	990	+	-	0	-10675	-9686	2437904	2438893	WP_304155376.1#117	NZ_OZ006974.1	GCF_963931125.1
WP_289547883.1#117|Megamonas_hypermegale	336	+	-	0	-9483	-9148	2439096	2439431	WP_346687795.1#117	NZ_OZ006974.1	GCF_963931125.1
WP_289547883.1#117|Megamonas_hypermegale	7650	+	-	120	-8959	-1310	2439620	2447269	WP_346687797.1#117	NZ_OZ006974.1	GCF_963931125.1
WP_289547883.1#117|Megamonas_hypermegale	357	+	+	125	1	357	2448580	2448936	WP_289547883.1#117	NZ_OZ006974.1	GCF_963931125.1
WP_289547883.1#117|Megamonas_hypermegale	279	+	+	1	357	635	2448936	2449214	WP_289547884.1#117	NZ_OZ006974.1	GCF_963931125.1
WP_289547883.1#117|Megamonas_hypermegale	594	+	+	24	708	1301	2449287	2449880	WP_346687799.1#117	NZ_OZ006974.1	GCF_963931125.1
WP_289547883.1#117|Megamonas_hypermegale	648	+	-	0	1415	2062	2449994	2450641	WP_289547886.1#117	NZ_OZ006974.1	GCF_963931125.1
WP_289547883.1#117|Megamonas_hypermegale	735	+	-	0	2162	2896	2450741	2451475	WP_289547887.1#117	NZ_OZ006974.1	GCF_963931125.1



WP_006439006.1#149|Peptacetobacter_hiranonis_DSM_13275	711	-	-	0	-3683	-2973	100346	101056	WP_006439010.1#149	NZ_DS995354.1	GCF_000156055.1
WP_006439006.1#149|Peptacetobacter_hiranonis_DSM_13275	1239	-	-	15	-2790	-1552	98925	100163	WP_006439009.1#149	NZ_DS995354.1	GCF_000156055.1
WP_006439006.1#149|Peptacetobacter_hiranonis_DSM_13275	687	-	-	6	-1534	-848	98221	98907	WP_040410179.1#149	NZ_DS995354.1	GCF_000156055.1
WP_006439006.1#149|Peptacetobacter_hiranonis_DSM_13275	588	-	-	0	-782	-195	97568	98155	WP_006439007.1#149	NZ_DS995354.1	GCF_000156055.1
WP_006439006.1#149|Peptacetobacter_hiranonis_DSM_13275	354	-	+	125	1	354	97019	97372	WP_006439006.1#149	NZ_DS995354.1	GCF_000156055.1
WP_006439006.1#149|Peptacetobacter_hiranonis_DSM_13275	217	-	+	1	709	925	96448	96664	WP_006439005.1#149	NZ_DS995354.1	GCF_000156055.1
WP_006439006.1#149|Peptacetobacter_hiranonis_DSM_13275	1614	-	-	0	973	2586	94787	96400	WP_006439004.1#149	NZ_DS995354.1	GCF_000156055.1
WP_006439006.1#149|Peptacetobacter_hiranonis_DSM_13275	636	-	-	0	2639	3274	94099	94734	WP_006439003.1#149	NZ_DS995354.1	GCF_000156055.1
WP_006439006.1#149|Peptacetobacter_hiranonis_DSM_13275	552	-	+	0	3499	4050	93323	93874	WP_006439002.1#149	NZ_DS995354.1	GCF_000156055.1



WP_122791382.1#175|Intestinibacillus_sp__Marseille_P6563	615	-	-	127	-19663	-19049	81198	81812	pseudogene_175.2*#175	NZ_UWOD01000003.1	GCF_900604335.1
WP_122791382.1#175|Intestinibacillus_sp__Marseille_P6563	3171	-	-	127	-18679	-15509	77658	80828	pseudogene_175.1*#175	NZ_UWOD01000003.1	GCF_900604335.1
WP_122791382.1#175|Intestinibacillus_sp__Marseille_P6563	243	-	-	0	-13453	-13211	75360	75602	WP_164706828.1#175	NZ_UWOD01000003.1	GCF_900604335.1
WP_122791382.1#175|Intestinibacillus_sp__Marseille_P6563	13068	-	-	0	-13208	-141	62290	75357	WP_122791383.1#175	NZ_UWOD01000003.1	GCF_900604335.1
WP_122791382.1#175|Intestinibacillus_sp__Marseille_P6563	351	-	+	125	1	351	61798	62148	WP_122791382.1#175	NZ_UWOD01000003.1	GCF_900604335.1
WP_122791382.1#175|Intestinibacillus_sp__Marseille_P6563	285	-	+	1	357	641	61508	61792	WP_122791381.1#175	NZ_UWOD01000003.1	GCF_900604335.1
WP_122791382.1#175|Intestinibacillus_sp__Marseille_P6563	969	-	-	0	742	1710	60439	61407	WP_122791380.1#175	NZ_UWOD01000003.1	GCF_900604335.1
WP_122791382.1#175|Intestinibacillus_sp__Marseille_P6563	831	-	-	20	1707	2537	59612	60442	WP_122791379.1#175	NZ_UWOD01000003.1	GCF_900604335.1
WP_122791382.1#175|Intestinibacillus_sp__Marseille_P6563	402	-	-	0	2595	2996	59153	59554	WP_122791370.1#175	NZ_UWOD01000003.1	GCF_900604335.1



WP_315275128.1#51|Selenomonas_sputigena	1089	-	+	0	-3417	-2329	74224	75312	WP_315275147.1#51	NZ_CAURDU010000009.1	GCF_963523825.1
WP_315275128.1#51|Selenomonas_sputigena	1425	-	+	104	-2308	-884	72779	74203	WP_315275131.1#51	NZ_CAURDU010000009.1	GCF_963523825.1
WP_315275128.1#51|Selenomonas_sputigena	276	-	-	42	-750	-475	72370	72645	WP_315275130.1#51	NZ_CAURDU010000009.1	GCF_963523825.1
WP_315275128.1#51|Selenomonas_sputigena	267	-	-	41	-478	-212	72107	72373	WP_315275129.1#51	NZ_CAURDU010000009.1	GCF_963523825.1
WP_315275128.1#51|Selenomonas_sputigena	342	-	+	125	1	342	71553	71894	WP_315275128.1#51	NZ_CAURDU010000009.1	GCF_963523825.1
WP_315275128.1#51|Selenomonas_sputigena	297	-	+	1	339	635	71260	71556	WP_315275126.1#51	NZ_CAURDU010000009.1	GCF_963523825.1
WP_315275128.1#51|Selenomonas_sputigena	201	-	+	0	844	1044	70851	71051	WP_390901144.1#51	NZ_CAURDU010000009.1	GCF_963523825.1
WP_315275128.1#51|Selenomonas_sputigena	798	-	+	0	1132	1929	69966	70763	WP_315275125.1#51	NZ_CAURDU010000009.1	GCF_963523825.1
WP_315275128.1#51|Selenomonas_sputigena	1257	-	+	104	1926	3182	68713	69969	WP_315275123.1#51	NZ_CAURDU010000009.1	GCF_963523825.1



WP_066126906.1#189|Globicatella_sanguinis	189	-	+	0	-3471	-3283	1215707	1215895	WP_284630833.1#189	NZ_CP126962.1	GCF_002847845.2
WP_066126906.1#189|Globicatella_sanguinis	978	-	+	0	-3252	-2275	1214699	1215676	WP_284628878.1#189	NZ_CP126962.1	GCF_002847845.2
WP_066126906.1#189|Globicatella_sanguinis	840	-	+	0	-1954	-1115	1213539	1214378	WP_284630832.1#189	NZ_CP126962.1	GCF_002847845.2
WP_066126906.1#189|Globicatella_sanguinis	828	-	+	0	-987	-160	1212584	1213411	WP_284630831.1#189	NZ_CP126962.1	GCF_002847845.2
WP_066126906.1#189|Globicatella_sanguinis	354	-	+	125	1	354	1212070	1212423	WP_066126906.1#189	NZ_CP126962.1	GCF_002847845.2
WP_066126906.1#189|Globicatella_sanguinis	432	-	+	1	356	787	1211637	1212068	WP_101813741.1#189	NZ_CP126962.1	GCF_002847845.2
WP_066126906.1#189|Globicatella_sanguinis	717	-	+	0	1694	2410	1210014	1210730	WP_066125372.1#189	NZ_CP126962.1	GCF_002847845.2
WP_066126906.1#189|Globicatella_sanguinis	945	-	+	32	2431	3375	1209049	1209993	WP_284630830.1#189	NZ_CP126962.1	GCF_002847845.2
WP_066126906.1#189|Globicatella_sanguinis	1050	-	+	123	3520	4569	1207855	1208904	WP_431606505.1#189	NZ_CP126962.1	GCF_002847845.2



WP_301012215.1#129|Ruminococcus_sp_	1923	+	-	0	-3972	-2050	11654	13576	WP_301012211.1#129	NZ_JAQYLK010000027.1	GCF_028720085.1
WP_301012215.1#129|Ruminococcus_sp_	234	+	-	0	-2046	-1813	13580	13813	WP_301012212.1#129	NZ_JAQYLK010000027.1	GCF_028720085.1
WP_301012215.1#129|Ruminococcus_sp_	174	+	+	0	-1701	-1528	13925	14098	WP_301012213.1#129	NZ_JAQYLK010000027.1	GCF_028720085.1
WP_301012215.1#129|Ruminococcus_sp_	1053	+	-	3	-1452	-400	14174	15226	WP_301012214.1#129	NZ_JAQYLK010000027.1	GCF_028720085.1
WP_301012215.1#129|Ruminococcus_sp_	357	+	+	125	1	357	15627	15983	WP_301012215.1#129	NZ_JAQYLK010000027.1	GCF_028720085.1
WP_301012215.1#129|Ruminococcus_sp_	276	+	+	1	360	635	15986	16261	WP_301012216.1#129	NZ_JAQYLK010000027.1	GCF_028720085.1
WP_301012215.1#129|Ruminococcus_sp_	774	+	+	0	909	1682	16535	17308	WP_301012217.1#129	NZ_JAQYLK010000027.1	GCF_028720085.1
WP_301012215.1#129|Ruminococcus_sp_	1047	+	+	113	1688	2734	17314	18360	WP_321074758.1#129	NZ_JAQYLK010000027.1	GCF_028720085.1
WP_301012215.1#129|Ruminococcus_sp_	636	+	-	95	2781	3416	18407	19042	WP_301012218.1#129	NZ_JAQYLK010000027.1	GCF_028720085.1



WP_302487997.1#28|uncultured_Ruminococcus_sp_	567	-	-	0	-4116	-3550	32425	32991	WP_302488000.1#28	NZ_CAUCIZ010000023.1	GCF_958442975.1
WP_302487997.1#28|uncultured_Ruminococcus_sp_	1137	-	-	0	-3417	-2281	31156	32292	WP_302487999.1#28	NZ_CAUCIZ010000023.1	GCF_958442975.1
WP_302487997.1#28|uncultured_Ruminococcus_sp_	537	-	-	23	-1787	-1251	30126	30662	WP_022234739.1#28	NZ_CAUCIZ010000023.1	GCF_958442975.1
WP_302487997.1#28|uncultured_Ruminococcus_sp_	726	-	+	0	-1002	-277	29152	29877	WP_302487998.1#28	NZ_CAUCIZ010000023.1	GCF_958442975.1
WP_302487997.1#28|uncultured_Ruminococcus_sp_	351	-	+	125	1	351	28524	28874	WP_302487997.1#28	NZ_CAUCIZ010000023.1	GCF_958442975.1
WP_302487997.1#28|uncultured_Ruminococcus_sp_	276	-	+	1	354	629	28246	28521	WP_022234741.1#28	NZ_CAUCIZ010000023.1	GCF_958442975.1
WP_302487997.1#28|uncultured_Ruminococcus_sp_	573	-	-	0	695	1267	27608	28180	WP_302487996.1#28	NZ_CAUCIZ010000023.1	GCF_958442975.1
WP_302487997.1#28|uncultured_Ruminococcus_sp_	693	-	-	0	1280	1972	26903	27595	WP_252558706.1#28	NZ_CAUCIZ010000023.1	GCF_958442975.1
WP_302487997.1#28|uncultured_Ruminococcus_sp_	2541	-	-	39	2237	4777	24098	26638	WP_302487995.1#28	NZ_CAUCIZ010000023.1	GCF_958442975.1



WP_291293796.1#101|Eubacterium_sp_	384	+	+	88	-5100	-4717	8789	9172	WP_291293792.1#101	NZ_JALEVT010000008.1	GCF_022787945.1
WP_291293796.1#101|Eubacterium_sp_	726	+	-	33	-4685	-3960	9204	9929	WP_291293793.1#101	NZ_JALEVT010000008.1	GCF_022787945.1
WP_291293796.1#101|Eubacterium_sp_	2457	+	-	0	-3910	-1454	9979	12435	WP_291293794.1#101	NZ_JALEVT010000008.1	GCF_022787945.1
WP_291293796.1#101|Eubacterium_sp_	1128	+	+	0	-1220	-93	12669	13796	WP_291293795.1#101	NZ_JALEVT010000008.1	GCF_022787945.1
WP_291293796.1#101|Eubacterium_sp_	339	+	+	125	1	339	13890	14228	WP_291293796.1#101	NZ_JALEVT010000008.1	GCF_022787945.1
WP_291293796.1#101|Eubacterium_sp_	288	+	+	1	425	712	14314	14601	WP_291293797.1#101	NZ_JALEVT010000008.1	GCF_022787945.1
WP_291293796.1#101|Eubacterium_sp_	450	+	+	0	1066	1515	14955	15404	WP_291293798.1#101	NZ_JALEVT010000008.1	GCF_022787945.1
WP_291293796.1#101|Eubacterium_sp_	1095	+	+	0	1535	2629	15424	16518	WP_291293799.1#101	NZ_JALEVT010000008.1	GCF_022787945.1
WP_291293796.1#101|Eubacterium_sp_	942	+	+	0	2626	3567	16515	17456	WP_291293800.1#101	NZ_JALEVT010000008.1	GCF_022787945.1



WP_304181432.1#29|Leptotrichia_trevisanii	723	+	+	0	-2512	-1790	3880	4602	WP_304181425.1#29	NZ_CALIIQ010000309.1	GCF_938018025.1
WP_304181432.1#29|Leptotrichia_trevisanii	648	+	+	0	-1725	-1078	4667	5314	WP_304181427.1#29	NZ_CALIIQ010000309.1	GCF_938018025.1
WP_304181432.1#29|Leptotrichia_trevisanii	360	+	+	97	-842	-483	5550	5909	WP_304181429.1#29	NZ_CALIIQ010000309.1	GCF_938018025.1
WP_304181432.1#29|Leptotrichia_trevisanii	276	+	+	1	-490	-215	5902	6177	WP_178934539.1#29	NZ_CALIIQ010000309.1	GCF_938018025.1
WP_304181432.1#29|Leptotrichia_trevisanii	366	+	+	125	1	366	6393	6758	WP_304181432.1#29	NZ_CALIIQ010000309.1	GCF_938018025.1
WP_304181432.1#29|Leptotrichia_trevisanii	276	+	+	1	359	634	6751	7026	WP_146998752.1#29	NZ_CALIIQ010000309.1	GCF_938018025.1
WP_304181432.1#29|Leptotrichia_trevisanii	246	+	+	0	773	1018	7165	7410	WP_304181434.1#29	NZ_CALIIQ010000309.1	GCF_938018025.1
WP_304181432.1#29|Leptotrichia_trevisanii	1749	+	+	0	1064	2812	7456	9204	WP_304181436.1#29	NZ_CALIIQ010000309.1	GCF_938018025.1
WP_304181432.1#29|Leptotrichia_trevisanii	765	+	+	20	3027	3791	9419	10183	WP_304181437.1#29	NZ_CALIIQ010000309.1	GCF_938018025.1



WP_118603962.1#162|Oscillibacter_sp__MSJ_31	1302	-	-	0	-3551	-2250	369483	370784	WP_216494505.1#162	NZ_JAHLPT010000001.1	GCF_018918025.1
WP_118603962.1#162|Oscillibacter_sp__MSJ_31	498	-	-	0	-2237	-1740	368973	369470	WP_216494503.1#162	NZ_JAHLPT010000001.1	GCF_018918025.1
WP_118603962.1#162|Oscillibacter_sp__MSJ_31	249	-	-	1	-1505	-1257	368490	368738	WP_216494501.1#162	NZ_JAHLPT010000001.1	GCF_018918025.1
WP_118603962.1#162|Oscillibacter_sp__MSJ_31	1137	-	-	0	-1223	-87	367320	368456	WP_216494500.1#162	NZ_JAHLPT010000001.1	GCF_018918025.1
WP_118603962.1#162|Oscillibacter_sp__MSJ_31	351	-	+	125	1	351	366882	367232	WP_118603962.1#162	NZ_JAHLPT010000001.1	GCF_018918025.1
WP_118603962.1#162|Oscillibacter_sp__MSJ_31	294	-	+	1	355	648	366585	366878	WP_118603959.1#162	NZ_JAHLPT010000001.1	GCF_018918025.1
WP_118603962.1#162|Oscillibacter_sp__MSJ_31	1602	-	-	0	691	2292	364941	366542	WP_253285617.1#162	NZ_JAHLPT010000001.1	GCF_018918025.1
WP_118603962.1#162|Oscillibacter_sp__MSJ_31	447	-	-	0	2274	2720	364513	364959	WP_216494498.1#162	NZ_JAHLPT010000001.1	GCF_018918025.1
WP_118603962.1#162|Oscillibacter_sp__MSJ_31	303	-	-	0	2897	3199	364034	364336	WP_216494497.1#162	NZ_JAHLPT010000001.1	GCF_018918025.1



WP_160636363.1#40|Pseudoflavonifractor_sp__60	600	+	-	14	-3224	-2625	2431	3030	WP_160636361.1#40	NZ_QWKI01000087.1	GCF_009911645.1
WP_160636363.1#40|Pseudoflavonifractor_sp__60	477	+	-	0	-2622	-2146	3033	3509	WP_347565181.1#40	NZ_QWKI01000087.1	GCF_009911645.1
WP_160636363.1#40|Pseudoflavonifractor_sp__60	387	+	-	88	-1996	-1610	3659	4045	WP_160636362.1#40	NZ_QWKI01000087.1	GCF_009911645.1
WP_160636363.1#40|Pseudoflavonifractor_sp__60	1107	+	+	121	-1340	-234	4315	5421	WP_347565182.1#40	NZ_QWKI01000087.1	GCF_009911645.1
WP_160636363.1#40|Pseudoflavonifractor_sp__60	360	+	+	125	1	360	5656	6015	WP_160636363.1#40	NZ_QWKI01000087.1	GCF_009911645.1
WP_160636363.1#40|Pseudoflavonifractor_sp__60	297	+	+	1	364	660	6019	6315	WP_160636364.1#40	NZ_QWKI01000087.1	GCF_009911645.1
WP_160636363.1#40|Pseudoflavonifractor_sp__60	288	+	-	3	1173	1460	6828	7115	WP_347565185.1#40	NZ_QWKI01000087.1	GCF_009911645.1
WP_160636363.1#40|Pseudoflavonifractor_sp__60	426	+	-	0	1464	1889	7119	7544	WP_347565183.1#40	NZ_QWKI01000087.1	GCF_009911645.1
WP_160636363.1#40|Pseudoflavonifractor_sp__60	624	+	-	127	1847	2470	7502	8125	pseudogene_40.9*#40	NZ_QWKI01000087.1	GCF_009911645.1



WP_091792374.1#134|Peptococcus_niger	2253	-	-	0	-7758	-5506	9838	12090	WP_091792378.1#134	NZ_FNAF01000017.1	GCF_900101835.1
WP_091792374.1#134|Peptococcus_niger	1464	-	+	0	-4947	-3484	7816	9279	WP_091792377.1#134	NZ_FNAF01000017.1	GCF_900101835.1
WP_091792374.1#134|Peptococcus_niger	228	-	-	0	-2938	-2711	7043	7270	WP_091792376.1#134	NZ_FNAF01000017.1	GCF_900101835.1
WP_091792374.1#134|Peptococcus_niger	1992	-	-	0	-2320	-329	4661	6652	WP_091792375.1#134	NZ_FNAF01000017.1	GCF_900101835.1
WP_091792374.1#134|Peptococcus_niger	360	-	+	125	1	360	3972	4331	WP_091792374.1#134	NZ_FNAF01000017.1	GCF_900101835.1
WP_091792374.1#134|Peptococcus_niger	285	-	+	1	353	637	3695	3979	WP_091792373.1#134	NZ_FNAF01000017.1	GCF_900101835.1
WP_091792374.1#134|Peptococcus_niger	921	-	-	0	831	1751	2581	3501	WP_144019690.1#134	NZ_FNAF01000017.1	GCF_900101835.1
WP_091792374.1#134|Peptococcus_niger	1410	-	-	0	2255	3664	668	2077	WP_091792371.1#134	NZ_FNAF01000017.1	GCF_900101835.1
WP_091792374.1#134|Peptococcus_niger	234	-	-	0	4098	4331	1	234	WP_200781912.1#134	NZ_FNAF01000017.1	GCF_900101835.1



WP_010245415.1#4|uncultured_Anaerococcus_sp_	291	+	+	0	-2792	-2502	170185	170475	WP_071126398.1#4	NZ_CAMYBZ010000002.1	GCF_947254235.1
WP_010245415.1#4|uncultured_Anaerococcus_sp_	984	+	+	0	-2416	-1433	170561	171544	WP_071126399.1#4	NZ_CAMYBZ010000002.1	GCF_947254235.1
WP_010245415.1#4|uncultured_Anaerococcus_sp_	858	+	+	0	-1418	-561	171559	172416	WP_071126400.1#4	NZ_CAMYBZ010000002.1	GCF_947254235.1
WP_010245415.1#4|uncultured_Anaerococcus_sp_	492	+	+	0	-546	-55	172431	172922	WP_071126401.1#4	NZ_CAMYBZ010000002.1	GCF_947254235.1
WP_010245415.1#4|uncultured_Anaerococcus_sp_	360	+	+	125	1	360	172978	173337	WP_010245415.1#4	NZ_CAMYBZ010000002.1	GCF_947254235.1
WP_010245415.1#4|uncultured_Anaerococcus_sp_	285	+	+	1	353	637	173330	173614	WP_010245412.1#4	NZ_CAMYBZ010000002.1	GCF_947254235.1
WP_010245415.1#4|uncultured_Anaerococcus_sp_	198	+	+	0	655	852	173632	173829	WP_044564905.1#4	NZ_CAMYBZ010000002.1	GCF_947254235.1
WP_010245415.1#4|uncultured_Anaerococcus_sp_	1773	+	+	55	923	2695	173900	175672	WP_071126402.1#4	NZ_CAMYBZ010000002.1	GCF_947254235.1
WP_010245415.1#4|uncultured_Anaerococcus_sp_	348	+	+	0	2844	3191	175821	176168	WP_071126403.1#4	NZ_CAMYBZ010000002.1	GCF_947254235.1



WP_238723683.1#97|Diplocloster_agilis	1245	+	+	0	-5276	-4032	158943	160187	WP_158343956.1#97	NZ_JAHQCY010000002.1	GCF_019042235.1
WP_238723683.1#97|Diplocloster_agilis	1788	+	+	0	-3928	-2141	160291	162078	WP_238723680.1#97	NZ_JAHQCY010000002.1	GCF_019042235.1
WP_238723683.1#97|Diplocloster_agilis	303	+	-	0	-2095	-1793	162124	162426	WP_238723681.1#97	NZ_JAHQCY010000002.1	GCF_019042235.1
WP_238723683.1#97|Diplocloster_agilis	1242	+	+	0	-1625	-384	162594	163835	WP_238723682.1#97	NZ_JAHQCY010000002.1	GCF_019042235.1
WP_238723683.1#97|Diplocloster_agilis	369	+	+	125	1	369	164220	164588	WP_238723683.1#97	NZ_JAHQCY010000002.1	GCF_019042235.1
WP_238723683.1#97|Diplocloster_agilis	291	+	+	1	356	646	164575	164865	WP_158343967.1#97	NZ_JAHQCY010000002.1	GCF_019042235.1
WP_238723683.1#97|Diplocloster_agilis	726	+	+	0	840	1565	165059	165784	WP_238720182.1#97	NZ_JAHQCY010000002.1	GCF_019042235.1
WP_238723683.1#97|Diplocloster_agilis	735	+	+	2	1899	2633	166118	166852	WP_238720181.1#97	NZ_JAHQCY010000002.1	GCF_019042235.1
WP_238723683.1#97|Diplocloster_agilis	1557	+	+	0	2620	4176	166839	168395	WP_238723684.1#97	NZ_JAHQCY010000002.1	GCF_019042235.1



WP_295100354.1#125|Selenomonas_sp_	693	+	+	0	-748	-56	65	757	WP_295100353.1#125	NZ_JAFOUI010000213.1	GCF_017426545.1
WP_295100354.1#125|Selenomonas_sp_	363	+	+	125	1	363	814	1176	WP_295100354.1#125	NZ_JAFOUI010000213.1	GCF_017426545.1
WP_295100354.1#125|Selenomonas_sp_	291	+	+	1	360	650	1173	1463	WP_295100356.1#125	NZ_JAFOUI010000213.1	GCF_017426545.1
WP_295100354.1#125|Selenomonas_sp_	1833	+	-	0	725	2557	1538	3370	WP_295100357.1#125	NZ_JAFOUI010000213.1	GCF_017426545.1



WP_299081042.1#91|uncultured_Fretibacterium_sp_	1014	-	+	0	-4418	-3405	66273	67286	WP_299081051.1#91	NZ_CALHZW010000152.1	GCF_938041065.1
WP_299081042.1#91|uncultured_Fretibacterium_sp_	558	-	+	0	-3408	-2851	65719	66276	WP_299081048.1#91	NZ_CALHZW010000152.1	GCF_938041065.1
WP_299081042.1#91|uncultured_Fretibacterium_sp_	1299	-	+	94	-2385	-1087	63955	65253	WP_299081045.1#91	NZ_CALHZW010000152.1	GCF_938041065.1
WP_299081042.1#91|uncultured_Fretibacterium_sp_	900	-	+	3	-1073	-174	63042	63941	WP_299081044.1#91	NZ_CALHZW010000152.1	GCF_938041065.1
WP_299081042.1#91|uncultured_Fretibacterium_sp_	375	-	+	125	1	375	62493	62867	WP_299081042.1#91	NZ_CALHZW010000152.1	GCF_938041065.1
WP_299081042.1#91|uncultured_Fretibacterium_sp_	315	-	+	1	372	686	62182	62496	WP_299081040.1#91	NZ_CALHZW010000152.1	GCF_938041065.1
WP_299081042.1#91|uncultured_Fretibacterium_sp_	852	-	+	0	776	1627	61241	62092	WP_299081039.1#91	NZ_CALHZW010000152.1	GCF_938041065.1
WP_299081042.1#91|uncultured_Fretibacterium_sp_	933	-	+	18	1647	2579	60289	61221	WP_299081038.1#91	NZ_CALHZW010000152.1	GCF_938041065.1
WP_299081042.1#91|uncultured_Fretibacterium_sp_	549	-	+	0	2688	3236	59632	60180	WP_299081035.1#91	NZ_CALHZW010000152.1	GCF_938041065.1



WP_277683163.1#114|Intestinibaculum_porci	188	+	-	31	-288	-101	1	188	WP_277683162.1#114	NZ_JAQYAJ010000094.1	GCF_029227675.1
WP_277683163.1#114|Intestinibaculum_porci	354	+	+	125	1	354	290	643	WP_277683163.1#114	NZ_JAQYAJ010000094.1	GCF_029227675.1
WP_277683163.1#114|Intestinibaculum_porci	303	+	+	1	351	653	640	942	WP_277683164.1#114	NZ_JAQYAJ010000094.1	GCF_029227675.1
WP_277683163.1#114|Intestinibaculum_porci	294	+	-	0	682	975	971	1264	WP_277683165.1#114	NZ_JAQYAJ010000094.1	GCF_029227675.1
WP_277683163.1#114|Intestinibaculum_porci	228	+	-	0	985	1212	1274	1501	WP_277683166.1#114	NZ_JAQYAJ010000094.1	GCF_029227675.1
WP_277683163.1#114|Intestinibaculum_porci	1899	+	-	31	1241	3139	1530	3428	WP_277683167.1#114	NZ_JAQYAJ010000094.1	GCF_029227675.1



WP_274941763.1#180|Chordicoccus_furentiruminis	468	-	+	0	-2544	-2077	1391490	1391957	WP_274941766.1#180	NZ_CP048829.1	GCF_019355395.1
WP_274941763.1#180|Chordicoccus_furentiruminis	564	-	+	0	-1926	-1363	1390776	1391339	WP_274941765.1#180	NZ_CP048829.1	GCF_019355395.1
WP_274941763.1#180|Chordicoccus_furentiruminis	498	-	-	0	-1402	-905	1390318	1390815	WP_274941764.1#180	NZ_CP048829.1	GCF_019355395.1
WP_274941763.1#180|Chordicoccus_furentiruminis	228	-	-	127	-525	-298	1389711	1389938	pseudogene_180.3*#180	NZ_CP048829.1	GCF_019355395.1
WP_274941763.1#180|Chordicoccus_furentiruminis	357	-	+	125	1	357	1389056	1389412	WP_274941763.1#180	NZ_CP048829.1	GCF_019355395.1
WP_274941763.1#180|Chordicoccus_furentiruminis	294	-	+	1	354	647	1388766	1389059	WP_274941762.1#180	NZ_CP048829.1	GCF_019355395.1
WP_274941763.1#180|Chordicoccus_furentiruminis	759	-	+	0	794	1552	1387861	1388619	WP_330654852.1#180	NZ_CP048829.1	GCF_019355395.1
WP_274941763.1#180|Chordicoccus_furentiruminis	732	-	+	0	1456	2187	1387226	1387957	WP_330654829.1#180	NZ_CP048829.1	GCF_019355395.1
WP_274941763.1#180|Chordicoccus_furentiruminis	1356	-	-	0	2417	3772	1385641	1386996	WP_274941761.1#180	NZ_CP048829.1	GCF_019355395.1



WP_275206479.1#47|Adlercreutzia_equolifaciens	1932	+	+	77	-7210	-5279	1132944	1134875	WP_275206471.1#47	NZ_JARFIK010000001.1	GCF_029076695.1
WP_275206479.1#47|Adlercreutzia_equolifaciens	1698	+	-	4	-5176	-3479	1134978	1136675	WP_275206473.1#47	NZ_JARFIK010000001.1	GCF_029076695.1
WP_275206479.1#47|Adlercreutzia_equolifaciens	1515	+	+	7	-3227	-1713	1136927	1138441	WP_275206475.1#47	NZ_JARFIK010000001.1	GCF_029076695.1
WP_275206479.1#47|Adlercreutzia_equolifaciens	1293	+	+	78	-1583	-291	1138571	1139863	WP_275206477.1#47	NZ_JARFIK010000001.1	GCF_029076695.1
WP_275206479.1#47|Adlercreutzia_equolifaciens	348	+	+	125	1	348	1140155	1140502	WP_275206479.1#47	NZ_JARFIK010000001.1	GCF_029076695.1
WP_275206479.1#47|Adlercreutzia_equolifaciens	324	+	+	1	345	668	1140499	1140822	WP_275206480.1#47	NZ_JARFIK010000001.1	GCF_029076695.1
WP_275206479.1#47|Adlercreutzia_equolifaciens	1122	+	-	79	749	1870	1140903	1142024	WP_275206482.1#47	NZ_JARFIK010000001.1	GCF_029076695.1
WP_275206479.1#47|Adlercreutzia_equolifaciens	1257	+	+	80	2062	3318	1142216	1143472	WP_275206483.1#47	NZ_JARFIK010000001.1	GCF_029076695.1
WP_275206479.1#47|Adlercreutzia_equolifaciens	480	+	+	81	3424	3903	1143578	1144057	WP_275206485.1#47	NZ_JARFIK010000001.1	GCF_029076695.1



WP_270356235.1#98|Adlercreutzia_equolifaciens	534	-	-	81	-5592	-5059	386699	387232	WP_022740400.1#98	NZ_JAQENI010000001.1	GCF_027677145.1
WP_270356235.1#98|Adlercreutzia_equolifaciens	1254	-	-	80	-5050	-3797	385437	386690	WP_270356239.1#98	NZ_JAQENI010000001.1	GCF_027677145.1
WP_270356235.1#98|Adlercreutzia_equolifaciens	1797	-	-	2	-3348	-1552	383192	384988	WP_270356237.1#98	NZ_JAQENI010000001.1	GCF_027677145.1
WP_270356235.1#98|Adlercreutzia_equolifaciens	1122	-	+	79	-1365	-244	381884	383005	WP_270356236.1#98	NZ_JAQENI010000001.1	GCF_027677145.1
WP_270356235.1#98|Adlercreutzia_equolifaciens	357	-	+	125	1	357	381283	381639	WP_270356235.1#98	NZ_JAQENI010000001.1	GCF_027677145.1
WP_270356235.1#98|Adlercreutzia_equolifaciens	306	-	+	1	347	652	380988	381293	WP_270356232.1#98	NZ_JAQENI010000001.1	GCF_027677145.1
WP_270356235.1#98|Adlercreutzia_equolifaciens	1293	-	-	78	1063	2355	379285	380577	WP_270356230.1#98	NZ_JAQENI010000001.1	GCF_027677145.1
WP_270356235.1#98|Adlercreutzia_equolifaciens	1926	-	-	77	2494	4419	377221	379146	WP_270356228.1#98	NZ_JAQENI010000001.1	GCF_027677145.1
WP_270356235.1#98|Adlercreutzia_equolifaciens	987	-	+	0	4569	5555	376085	377071	WP_270356227.1#98	NZ_JAQENI010000001.1	GCF_027677145.1



WP_314860259.1#32|Stomatobaculum_longum	1035	-	+	0	-3702	-2668	15072	16106	WP_308695011.1#32	NZ_CAUVLT010000011.1	GCF_963552945.1
WP_314860259.1#32|Stomatobaculum_longum	795	-	+	103	-2675	-1881	14285	15079	WP_314860337.1#32	NZ_CAUVLT010000011.1	GCF_963552945.1
WP_314860259.1#32|Stomatobaculum_longum	987	-	+	0	-1861	-875	13279	14265	WP_009532328.1#32	NZ_CAUVLT010000011.1	GCF_963552945.1
WP_314860259.1#32|Stomatobaculum_longum	573	-	+	0	-707	-135	12539	13111	WP_314860270.1#32	NZ_CAUVLT010000011.1	GCF_963552945.1
WP_314860259.1#32|Stomatobaculum_longum	363	-	+	125	1	363	12041	12403	WP_314860259.1#32	NZ_CAUVLT010000011.1	GCF_963552945.1
WP_314860259.1#32|Stomatobaculum_longum	282	-	+	1	387	668	11736	12017	WP_314860248.1#32	NZ_CAUVLT010000011.1	GCF_963552945.1
WP_314860259.1#32|Stomatobaculum_longum	1014	-	-	0	696	1709	10695	11708	WP_314860238.1#32	NZ_CAUVLT010000011.1	GCF_963552945.1
WP_314860259.1#32|Stomatobaculum_longum	591	-	+	0	2006	2596	9808	10398	WP_314860227.1#32	NZ_CAUVLT010000011.1	GCF_963552945.1
WP_314860259.1#32|Stomatobaculum_longum	711	-	+	102	2596	3306	9098	9808	WP_314860214.1#32	NZ_CAUVLT010000011.1	GCF_963552945.1



WP_039212164.1#140|Anaerovibrio_lipolyticus	906	-	+	0	-6019	-5114	26692	27597	WP_039212170.1#140	NZ_JSCE01000251.1	GCF_000803025.1
WP_039212164.1#140|Anaerovibrio_lipolyticus	2430	-	+	39	-4960	-2531	24109	26538	WP_039212167.1#140	NZ_JSCE01000251.1	GCF_000803025.1
WP_039212164.1#140|Anaerovibrio_lipolyticus	1248	-	-	122	-2414	-1167	22745	23992	WP_407639830.1#140	NZ_JSCE01000251.1	GCF_000803025.1
WP_039212164.1#140|Anaerovibrio_lipolyticus	450	-	+	53	-710	-261	21839	22288	WP_051555374.1#140	NZ_JSCE01000251.1	GCF_000803025.1
WP_039212164.1#140|Anaerovibrio_lipolyticus	375	-	+	125	1	375	21203	21577	WP_039212164.1#140	NZ_JSCE01000251.1	GCF_000803025.1
WP_039212164.1#140|Anaerovibrio_lipolyticus	291	-	+	1	353	643	20935	21225	WP_039212162.1#140	NZ_JSCE01000251.1	GCF_000803025.1
WP_039212164.1#140|Anaerovibrio_lipolyticus	558	-	-	0	759	1316	20262	20819	WP_039212160.1#140	NZ_JSCE01000251.1	GCF_000803025.1
WP_039212164.1#140|Anaerovibrio_lipolyticus	1917	-	-	0	1356	3272	18306	20222	WP_039212157.1#140	NZ_JSCE01000251.1	GCF_000803025.1
WP_039212164.1#140|Anaerovibrio_lipolyticus	405	-	-	0	3290	3694	17884	18288	WP_039212153.1#140	NZ_JSCE01000251.1	GCF_000803025.1



WP_006193814.1#190|Selenomonas_sputigena_ATCC_35185	753	+	+	0	-1857	-1105	293692	294444	WP_006193818.1#190	NC_015437.1	GCF_000208405.1
WP_006193814.1#190|Selenomonas_sputigena_ATCC_35185	306	+	+	48	-1103	-798	294446	294751	WP_006193817.1#190	NC_015437.1	GCF_000208405.1
WP_006193814.1#190|Selenomonas_sputigena_ATCC_35185	153	+	+	0	-808	-656	294741	294893	WP_006193816.1#190	NC_015437.1	GCF_000208405.1
WP_006193814.1#190|Selenomonas_sputigena_ATCC_35185	504	+	+	14	-595	-92	294954	295457	WP_006193815.1#190	NC_015437.1	GCF_000208405.1
WP_006193814.1#190|Selenomonas_sputigena_ATCC_35185	360	+	+	125	1	360	295550	295909	WP_006193814.1#190	NC_015437.1	GCF_000208405.1
WP_006193814.1#190|Selenomonas_sputigena_ATCC_35185	294	+	+	1	357	650	295906	296199	WP_006193813.1#190	NC_015437.1	GCF_000208405.1
WP_006193814.1#190|Selenomonas_sputigena_ATCC_35185	2166	+	+	0	1149	3314	296698	298863	WP_006193811.1#190	NC_015437.1	GCF_000208405.1
WP_006193814.1#190|Selenomonas_sputigena_ATCC_35185	1014	+	+	0	3368	4381	298917	299930	WP_232362389.1#190	NC_015437.1	GCF_000208405.1
WP_006193814.1#190|Selenomonas_sputigena_ATCC_35185	1053	+	+	0	4378	5430	299927	300979	WP_006193809.1#190	NC_015437.1	GCF_000208405.1



WP_321057621.1#35|Mitsuokella_jalaludinii	312	+	-	0	-3746	-3435	4560	4871	WP_279182281.1#35	NZ_JAXFHQ010000102.1	GCF_034170545.1
WP_321057621.1#35|Mitsuokella_jalaludinii	1461	+	-	0	-3489	-2029	4817	6277	WP_321057618.1#35	NZ_JAXFHQ010000102.1	GCF_034170545.1
WP_321057621.1#35|Mitsuokella_jalaludinii	1182	+	-	0	-1892	-711	6414	7595	WP_321057619.1#35	NZ_JAXFHQ010000102.1	GCF_034170545.1
WP_321057621.1#35|Mitsuokella_jalaludinii	264	+	+	11	-556	-293	7750	8013	WP_321057620.1#35	NZ_JAXFHQ010000102.1	GCF_034170545.1
WP_321057621.1#35|Mitsuokella_jalaludinii	354	+	+	125	1	354	8307	8660	WP_321057621.1#35	NZ_JAXFHQ010000102.1	GCF_034170545.1
WP_321057621.1#35|Mitsuokella_jalaludinii	294	+	+	1	354	647	8660	8953	WP_036374799.1#35	NZ_JAXFHQ010000102.1	GCF_034170545.1
WP_321057621.1#35|Mitsuokella_jalaludinii	228	+	+	11	656	883	8962	9189	WP_321057622.1#35	NZ_JAXFHQ010000102.1	GCF_034170545.1
WP_321057621.1#35|Mitsuokella_jalaludinii	726	+	-	120	985	1710	9291	10016	WP_321057623.1#35	NZ_JAXFHQ010000102.1	GCF_034170545.1



WP_027895155.1#5|Megasphaera_elsdenii_T81	207	-	+	1	-1809	-1603	48030	48236	WP_027895158.1#5	NZ_JHXC01000014.1	GCF_000621885.1
WP_027895155.1#5|Megasphaera_elsdenii_T81	726	-	+	0	-1544	-819	47246	47971	WP_027895157.1#5	NZ_JHXC01000014.1	GCF_000621885.1
WP_027895155.1#5|Megasphaera_elsdenii_T81	165	-	+	0	-805	-641	47068	47232	WP_196242890.1#5	NZ_JHXC01000014.1	GCF_000621885.1
WP_027895155.1#5|Megasphaera_elsdenii_T81	447	-	+	0	-583	-137	46564	47010	WP_027895156.1#5	NZ_JHXC01000014.1	GCF_000621885.1
WP_027895155.1#5|Megasphaera_elsdenii_T81	357	-	+	125	1	357	46070	46426	WP_027895155.1#5	NZ_JHXC01000014.1	GCF_000621885.1
WP_027895155.1#5|Megasphaera_elsdenii_T81	294	-	+	1	354	647	45780	46073	WP_027895154.1#5	NZ_JHXC01000014.1	GCF_000621885.1
WP_027895155.1#5|Megasphaera_elsdenii_T81	408	-	-	0	707	1114	45313	45720	WP_027895153.1#5	NZ_JHXC01000014.1	GCF_000621885.1
WP_027895155.1#5|Megasphaera_elsdenii_T81	1467	-	+	34	1355	2821	43606	45072	WP_027895152.1#5	NZ_JHXC01000014.1	GCF_000621885.1
WP_027895155.1#5|Megasphaera_elsdenii_T81	309	-	+	0	3023	3331	43096	43404	WP_027895151.1#5	NZ_JHXC01000014.1	GCF_000621885.1



WP_154253950.1#18|Finegoldia_sp__BIOML_A1	1248	-	-	0	-5011	-3764	361909	363156	WP_102164150.1#18	NZ_WKZF01000001.1	GCF_009678325.1
WP_154253950.1#18|Finegoldia_sp__BIOML_A1	609	-	-	0	-3538	-2930	361075	361683	WP_154253956.1#18	NZ_WKZF01000001.1	GCF_009678325.1
WP_154253950.1#18|Finegoldia_sp__BIOML_A1	408	-	+	0	-2715	-2308	360453	360860	WP_154253954.1#18	NZ_WKZF01000001.1	GCF_009678325.1
WP_154253950.1#18|Finegoldia_sp__BIOML_A1	2094	-	+	0	-2180	-87	358232	360325	WP_154253952.1#18	NZ_WKZF01000001.1	GCF_009678325.1
WP_154253950.1#18|Finegoldia_sp__BIOML_A1	363	-	+	125	1	363	357782	358144	WP_154253950.1#18	NZ_WKZF01000001.1	GCF_009678325.1
WP_154253950.1#18|Finegoldia_sp__BIOML_A1	297	-	+	1	350	646	357499	357795	WP_154253948.1#18	NZ_WKZF01000001.1	GCF_009678325.1
WP_154253950.1#18|Finegoldia_sp__BIOML_A1	4038	-	+	0	910	4947	353198	357235	WP_154253947.1#18	NZ_WKZF01000001.1	GCF_009678325.1
WP_154253950.1#18|Finegoldia_sp__BIOML_A1	411	-	+	0	5033	5443	352702	353112	WP_154253946.1#18	NZ_WKZF01000001.1	GCF_009678325.1
WP_154253950.1#18|Finegoldia_sp__BIOML_A1	624	-	+	0	5578	6201	351944	352567	WP_154253945.1#18	NZ_WKZF01000001.1	GCF_009678325.1



WP_276862180.1#24|Anaerococcus_tetradius	438	+	-	123	-3945	-3508	37208	37645	WP_276862177.1#24	NZ_CAMPNK010000011.1	GCF_946891905.1
WP_276862180.1#24|Anaerococcus_tetradius	1233	+	+	0	-3420	-2188	37733	38965	WP_276862178.1#24	NZ_CAMPNK010000011.1	GCF_946891905.1
WP_276862180.1#24|Anaerococcus_tetradius	282	+	+	0	-2095	-1814	39058	39339	WP_040349415.1#24	NZ_CAMPNK010000011.1	GCF_946891905.1
WP_276862180.1#24|Anaerococcus_tetradius	1620	+	+	0	-1795	-176	39358	40977	WP_060928815.1#24	NZ_CAMPNK010000011.1	GCF_946891905.1
WP_276862180.1#24|Anaerococcus_tetradius	363	+	+	125	1	363	41154	41516	WP_276862180.1#24	NZ_CAMPNK010000011.1	GCF_946891905.1
WP_276862180.1#24|Anaerococcus_tetradius	282	+	+	1	350	631	41503	41784	WP_060928814.1#24	NZ_CAMPNK010000011.1	GCF_946891905.1
WP_276862180.1#24|Anaerococcus_tetradius	471	+	+	0	833	1303	41986	42456	WP_276862181.1#24	NZ_CAMPNK010000011.1	GCF_946891905.1
WP_276862180.1#24|Anaerococcus_tetradius	510	+	+	2	1482	1991	42635	43144	WP_407066143.1#24	NZ_CAMPNK010000011.1	GCF_946891905.1
WP_276862180.1#24|Anaerococcus_tetradius	855	+	+	2	2202	3056	43355	44209	WP_276862183.1#24	NZ_CAMPNK010000011.1	GCF_946891905.1



WP_090169432.1#37|Pseudobutyrivibrio_sp__UC1225	1593	-	+	0	-7958	-6366	19463	21055	WP_090169426.1#37	NZ_FOVQ01000004.1	GCF_900115215.1
WP_090169432.1#37|Pseudobutyrivibrio_sp__UC1225	1428	-	+	72	-6344	-4917	18014	19441	WP_090528000.1#37	NZ_FOVQ01000004.1	GCF_900115215.1
WP_090169432.1#37|Pseudobutyrivibrio_sp__UC1225	177	-	-	0	-4683	-4507	17604	17780	WP_090527997.1#37	NZ_FOVQ01000004.1	GCF_900115215.1
WP_090169432.1#37|Pseudobutyrivibrio_sp__UC1225	2523	-	+	0	-4263	-1741	14838	17360	WP_090527993.1#37	NZ_FOVQ01000004.1	GCF_900115215.1
WP_090169432.1#37|Pseudobutyrivibrio_sp__UC1225	354	-	+	125	1	354	12743	13096	WP_090169432.1#37	NZ_FOVQ01000004.1	GCF_900115215.1
WP_090169432.1#37|Pseudobutyrivibrio_sp__UC1225	294	-	+	1	356	649	12448	12741	WP_090169435.1#37	NZ_FOVQ01000004.1	GCF_900115215.1
WP_090169432.1#37|Pseudobutyrivibrio_sp__UC1225	279	-	+	0	731	1009	12088	12366	WP_090169436.1#37	NZ_FOVQ01000004.1	GCF_900115215.1
WP_090169432.1#37|Pseudobutyrivibrio_sp__UC1225	189	-	+	0	1017	1205	11892	12080	WP_143071329.1#37	NZ_FOVQ01000004.1	GCF_900115215.1
WP_090169432.1#37|Pseudobutyrivibrio_sp__UC1225	150	-	+	0	1209	1358	11739	11888	WP_176754532.1#37	NZ_FOVQ01000004.1	GCF_900115215.1



WP_052099608.1#194|Blautia_sp__NSJ_175	756	+	+	2	-7587	-6832	46129	46884	WP_244806916.1#194	NZ_JALIFQ010000019.1	GCF_022867815.1
WP_052099608.1#194|Blautia_sp__NSJ_175	882	+	-	25	-6821	-5940	46895	47776	WP_103731774.1#194	NZ_JALIFQ010000019.1	GCF_022867815.1
WP_052099608.1#194|Blautia_sp__NSJ_175	1224	+	-	0	-5844	-4621	47872	49095	WP_033142494.1#194	NZ_JALIFQ010000019.1	GCF_022867815.1
WP_052099608.1#194|Blautia_sp__NSJ_175	3768	+	+	0	-4054	-287	49662	53429	WP_148392104.1#194	NZ_JALIFQ010000019.1	GCF_022867815.1
WP_052099608.1#194|Blautia_sp__NSJ_175	393	+	+	125	1	393	53717	54109	WP_052099608.1#194	NZ_JALIFQ010000019.1	GCF_022867815.1
WP_052099608.1#194|Blautia_sp__NSJ_175	288	+	+	1	390	677	54106	54393	WP_033142492.1#194	NZ_JALIFQ010000019.1	GCF_022867815.1
WP_052099608.1#194|Blautia_sp__NSJ_175	522	+	+	0	788	1309	54504	55025	WP_033142491.1#194	NZ_JALIFQ010000019.1	GCF_022867815.1
WP_052099608.1#194|Blautia_sp__NSJ_175	1179	+	+	0	1411	2589	55127	56305	WP_244806917.1#194	NZ_JALIFQ010000019.1	GCF_022867815.1
WP_052099608.1#194|Blautia_sp__NSJ_175	73	+	+	126	2857	2929	56573	56645	tRNA_194.2*#194	NZ_JALIFQ010000019.1	GCF_022867815.1



WP_243035424.1#86|Mediterraneibacter_gnavus	543	+	+	0	-3240	-2698	479569	480111	WP_022037848.1#86	NZ_JBBNNO010000001.1	GCF_040097925.1
WP_243035424.1#86|Mediterraneibacter_gnavus	525	+	+	0	-2696	-2172	480113	480637	WP_004843824.1#86	NZ_JBBNNO010000001.1	GCF_040097925.1
WP_243035424.1#86|Mediterraneibacter_gnavus	693	+	+	0	-2043	-1351	480766	481458	WP_004843823.1#86	NZ_JBBNNO010000001.1	GCF_040097925.1
WP_243035424.1#86|Mediterraneibacter_gnavus	1011	+	+	0	-1332	-322	481477	482487	WP_004843822.1#86	NZ_JBBNNO010000001.1	GCF_040097925.1
WP_243035424.1#86|Mediterraneibacter_gnavus	348	+	+	125	1	348	482810	483157	WP_243035424.1#86	NZ_JBBNNO010000001.1	GCF_040097925.1
WP_243035424.1#86|Mediterraneibacter_gnavus	291	+	+	1	350	640	483159	483449	WP_118052011.1#86	NZ_JBBNNO010000001.1	GCF_040097925.1
WP_243035424.1#86|Mediterraneibacter_gnavus	387	+	+	11	647	1033	483456	483842	WP_349202538.1#86	NZ_JBBNNO010000001.1	GCF_040097925.1
WP_243035424.1#86|Mediterraneibacter_gnavus	459	+	+	0	1123	1581	483932	484390	WP_349202540.1#86	NZ_JBBNNO010000001.1	GCF_040097925.1
WP_243035424.1#86|Mediterraneibacter_gnavus	573	+	+	0	1801	2373	484610	485182	WP_009244575.1#86	NZ_JBBNNO010000001.1	GCF_040097925.1



WP_097801625.1#81|Faecalibacterium_langellae	963	-	-	43	-3056	-2094	228442	229404	WP_097801629.1#81	NZ_NMTR01000021.1	GCF_002549775.1
WP_097801625.1#81|Faecalibacterium_langellae	627	-	-	0	-2072	-1446	227794	228420	WP_097801628.1#81	NZ_NMTR01000021.1	GCF_002549775.1
WP_097801625.1#81|Faecalibacterium_langellae	726	-	-	58	-1359	-634	226982	227707	WP_097801627.1#81	NZ_NMTR01000021.1	GCF_002549775.1
WP_097801625.1#81|Faecalibacterium_langellae	504	-	+	0	-545	-42	226390	226893	WP_097801626.1#81	NZ_NMTR01000021.1	GCF_002549775.1
WP_097801625.1#81|Faecalibacterium_langellae	354	-	+	125	1	354	225994	226347	WP_097801625.1#81	NZ_NMTR01000021.1	GCF_002549775.1
WP_097801625.1#81|Faecalibacterium_langellae	306	-	+	1	356	661	225687	225992	WP_179859060.1#81	NZ_NMTR01000021.1	GCF_002549775.1
WP_097801625.1#81|Faecalibacterium_langellae	1008	-	-	0	732	1739	224609	225616	WP_097801623.1#81	NZ_NMTR01000021.1	GCF_002549775.1
WP_097801625.1#81|Faecalibacterium_langellae	1224	-	+	57	2089	3312	223036	224259	WP_097801622.1#81	NZ_NMTR01000021.1	GCF_002549775.1
WP_097801625.1#81|Faecalibacterium_langellae	1233	-	+	57	3394	4626	221722	222954	WP_097801621.1#81	NZ_NMTR01000021.1	GCF_002549775.1



WP_216460833.1#54|Blautia_sp__MSJ_9	213	-	+	0	-4850	-4638	63183	63395	WP_243139568.1#54	NZ_JAHLQG010000053.1	GCF_018919065.1
WP_216460833.1#54|Blautia_sp__MSJ_9	693	-	+	0	-4573	-3881	62426	63118	WP_216460835.1#54	NZ_JAHLQG010000053.1	GCF_018919065.1
WP_216460833.1#54|Blautia_sp__MSJ_9	696	-	+	6	-3768	-3073	61618	62313	WP_167829779.1#54	NZ_JAHLQG010000053.1	GCF_018919065.1
WP_216460833.1#54|Blautia_sp__MSJ_9	2673	-	+	15	-3005	-333	58878	61550	WP_216460834.1#54	NZ_JAHLQG010000053.1	GCF_018919065.1
WP_216460833.1#54|Blautia_sp__MSJ_9	366	-	+	125	1	366	58179	58544	WP_216460833.1#54	NZ_JAHLQG010000053.1	GCF_018919065.1
WP_216460833.1#54|Blautia_sp__MSJ_9	288	-	+	1	353	640	57905	58192	WP_216460832.1#54	NZ_JAHLQG010000053.1	GCF_018919065.1
WP_216460833.1#54|Blautia_sp__MSJ_9	711	-	+	0	723	1433	57112	57822	WP_216460831.1#54	NZ_JAHLQG010000053.1	GCF_018919065.1
WP_216460833.1#54|Blautia_sp__MSJ_9	693	-	+	0	1673	2365	56180	56872	WP_291807797.1#54	NZ_JAHLQG010000053.1	GCF_018919065.1
WP_216460833.1#54|Blautia_sp__MSJ_9	822	-	+	0	2495	3316	55229	56050	WP_216460830.1#54	NZ_JAHLQG010000053.1	GCF_018919065.1



WP_078038366.1#80|Oribacterium_sp__C9	1371	+	+	0	-6555	-5185	32934	34304	WP_078038362.1#80	NZ_MUHW01000026.1	GCF_002007235.1
WP_078038366.1#80|Oribacterium_sp__C9	996	+	+	0	-5164	-4169	34325	35320	WP_078038374.1#80	NZ_MUHW01000026.1	GCF_002007235.1
WP_078038366.1#80|Oribacterium_sp__C9	855	+	+	0	-3460	-2606	36029	36883	WP_078038364.1#80	NZ_MUHW01000026.1	GCF_002007235.1
WP_078038366.1#80|Oribacterium_sp__C9	1755	+	-	0	-2474	-720	37015	38769	WP_078038365.1#80	NZ_MUHW01000026.1	GCF_002007235.1
WP_078038366.1#80|Oribacterium_sp__C9	357	+	+	125	1	357	39490	39846	WP_078038366.1#80	NZ_MUHW01000026.1	GCF_002007235.1
WP_078038366.1#80|Oribacterium_sp__C9	288	+	+	1	354	641	39843	40130	WP_078038367.1#80	NZ_MUHW01000026.1	GCF_002007235.1
WP_078038366.1#80|Oribacterium_sp__C9	408	+	+	0	659	1066	40148	40555	WP_078038368.1#80	NZ_MUHW01000026.1	GCF_002007235.1
WP_078038366.1#80|Oribacterium_sp__C9	402	+	+	0	1426	1827	40915	41316	WP_078038369.1#80	NZ_MUHW01000026.1	GCF_002007235.1
WP_078038366.1#80|Oribacterium_sp__C9	2232	+	-	0	1860	4091	41349	43580	WP_168171725.1#80	NZ_MUHW01000026.1	GCF_002007235.1



WP_294786025.1#102|Eubacterium_ramulus	885	+	+	25	-4845	-3961	13915	14799	WP_462416642.1#102	NZ_CDWXZT010000023.1	GCF_977979315.1
WP_294786025.1#102|Eubacterium_ramulus	1581	+	+	0	-3964	-2384	14796	16376	WP_462416643.1#102	NZ_CDWXZT010000023.1	GCF_977979315.1
WP_294786025.1#102|Eubacterium_ramulus	1530	+	+	4	-2160	-631	16600	18129	WP_412569383.1#102	NZ_CDWXZT010000023.1	GCF_977979315.1
WP_294786025.1#102|Eubacterium_ramulus	192	+	+	0	-497	-306	18263	18454	WP_021737781.1#102	NZ_CDWXZT010000023.1	GCF_977979315.1
WP_294786025.1#102|Eubacterium_ramulus	357	+	+	125	1	357	18761	19117	WP_294786025.1#102	NZ_CDWXZT010000023.1	GCF_977979315.1
WP_294786025.1#102|Eubacterium_ramulus	288	+	+	1	354	641	19114	19401	WP_021737778.1#102	NZ_CDWXZT010000023.1	GCF_977979315.1
WP_294786025.1#102|Eubacterium_ramulus	1356	+	-	124	865	2220	19625	20980	WP_462416644.1#102	NZ_CDWXZT010000023.1	GCF_977979315.1
WP_294786025.1#102|Eubacterium_ramulus	708	+	+	0	2825	3532	21585	22292	WP_022035295.1#102	NZ_CDWXZT010000023.1	GCF_977979315.1
WP_294786025.1#102|Eubacterium_ramulus	219	+	+	0	3565	3783	22325	22543	WP_021737773.1#102	NZ_CDWXZT010000023.1	GCF_977979315.1



WP_055061496.1#8|Roseburia_hominis	618	-	-	0	-5487	-4870	82736	83353	WP_270853683.1#8	NZ_JAQEDX010000007.1	GCF_027668995.1
WP_055061496.1#8|Roseburia_hominis	2241	-	+	0	-4685	-2445	80311	82551	WP_270853682.1#8	NZ_JAQEDX010000007.1	GCF_027668995.1
WP_055061496.1#8|Roseburia_hominis	294	-	+	0	-2336	-2043	79909	80202	WP_055232614.1#8	NZ_JAQEDX010000007.1	GCF_027668995.1
WP_055061496.1#8|Roseburia_hominis	1695	-	+	37	-1887	-193	78059	79753	WP_270853681.1#8	NZ_JAQEDX010000007.1	GCF_027668995.1
WP_055061496.1#8|Roseburia_hominis	366	-	+	125	1	366	77500	77865	WP_055061496.1#8	NZ_JAQEDX010000007.1	GCF_027668995.1
WP_055061496.1#8|Roseburia_hominis	288	-	+	1	353	640	77226	77513	WP_022263216.1#8	NZ_JAQEDX010000007.1	GCF_027668995.1
WP_055061496.1#8|Roseburia_hominis	1308	-	+	0	706	2013	75853	77160	WP_270853680.1#8	NZ_JAQEDX010000007.1	GCF_027668995.1
WP_055061496.1#8|Roseburia_hominis	945	-	+	0	2062	3006	74860	75804	WP_270853679.1#8	NZ_JAQEDX010000007.1	GCF_027668995.1
WP_055061496.1#8|Roseburia_hominis	630	-	+	49	3470	4099	73767	74396	WP_270853678.1#8	NZ_JAQEDX010000007.1	GCF_027668995.1



WP_160201071.1#108|Anaerotruncus_colihominis	1248	+	+	0	-3855	-2608	186893	188140	WP_160201067.1#108	NZ_QXWK01000004.1	GCF_009910895.1
WP_160201071.1#108|Anaerotruncus_colihominis	627	+	+	0	-2611	-1985	188137	188763	WP_160201068.1#108	NZ_QXWK01000004.1	GCF_009910895.1
WP_160201071.1#108|Anaerotruncus_colihominis	909	+	+	0	-1953	-1045	188795	189703	WP_160201069.1#108	NZ_QXWK01000004.1	GCF_009910895.1
WP_160201071.1#108|Anaerotruncus_colihominis	666	+	+	62	-997	-332	189751	190416	WP_160201070.1#108	NZ_QXWK01000004.1	GCF_009910895.1
WP_160201071.1#108|Anaerotruncus_colihominis	351	+	+	125	1	351	190749	191099	WP_160201071.1#108	NZ_QXWK01000004.1	GCF_009910895.1
WP_160201071.1#108|Anaerotruncus_colihominis	285	+	+	1	348	632	191096	191380	WP_160201072.1#108	NZ_QXWK01000004.1	GCF_009910895.1
WP_160201071.1#108|Anaerotruncus_colihominis	1143	+	-	0	710	1852	191458	192600	WP_160201073.1#108	NZ_QXWK01000004.1	GCF_009910895.1
WP_160201071.1#108|Anaerotruncus_colihominis	1029	+	-	0	1953	2981	192701	193729	WP_160201074.1#108	NZ_QXWK01000004.1	GCF_009910895.1
WP_160201071.1#108|Anaerotruncus_colihominis	1278	+	+	0	3282	4559	194030	195307	WP_160201075.1#108	NZ_QXWK01000004.1	GCF_009910895.1



WP_320938047.1#34|Enterocloster_lavalensis	963	-	+	0	-4497	-3535	33652	34614	WP_024737998.1#34	NZ_JBCOHU010000035.1	GCF_040926605.1
WP_320938047.1#34|Enterocloster_lavalensis	537	-	+	0	-3392	-2856	32973	33509	WP_092366143.1#34	NZ_JBCOHU010000035.1	GCF_040926605.1
WP_320938047.1#34|Enterocloster_lavalensis	1233	-	+	119	-2628	-1396	31513	32745	WP_092366146.1#34	NZ_JBCOHU010000035.1	GCF_040926605.1
WP_320938047.1#34|Enterocloster_lavalensis	993	-	+	119	-1294	-302	30419	31411	WP_331681287.1#34	NZ_JBCOHU010000035.1	GCF_040926605.1
WP_320938047.1#34|Enterocloster_lavalensis	351	-	+	125	1	351	29766	30116	WP_320938047.1#34	NZ_JBCOHU010000035.1	GCF_040926605.1
WP_320938047.1#34|Enterocloster_lavalensis	285	-	+	1	354	638	29479	29763	WP_227170404.1#34	NZ_JBCOHU010000035.1	GCF_040926605.1
WP_320938047.1#34|Enterocloster_lavalensis	1203	-	+	0	777	1979	28138	29340	WP_092366157.1#34	NZ_JBCOHU010000035.1	GCF_040926605.1
WP_320938047.1#34|Enterocloster_lavalensis	1710	-	+	5	2218	3927	26190	27899	WP_320938046.1#34	NZ_JBCOHU010000035.1	GCF_040926605.1
WP_320938047.1#34|Enterocloster_lavalensis	1077	-	+	2	3928	5004	25113	26189	WP_092366160.1#34	NZ_JBCOHU010000035.1	GCF_040926605.1



WP_130182212.1#157|Blautia_producta	375	-	+	62	-3540	-3166	5095866	5096240	WP_018596366.1#157	NZ_CP035945.1	GCF_004210255.1
WP_130182212.1#157|Blautia_producta	864	-	+	2	-3163	-2300	5095000	5095863	WP_130182214.1#157	NZ_CP035945.1	GCF_004210255.1
WP_130182212.1#157|Blautia_producta	651	-	+	0	-2303	-1653	5094353	5095003	WP_130182213.1#157	NZ_CP035945.1	GCF_004210255.1
WP_130182212.1#157|Blautia_producta	738	-	+	58	-1519	-782	5093482	5094219	WP_018596363.1#157	NZ_CP035945.1	GCF_004210255.1
WP_130182212.1#157|Blautia_producta	360	-	+	125	1	360	5092340	5092699	WP_130182212.1#157	NZ_CP035945.1	GCF_004210255.1
WP_130182212.1#157|Blautia_producta	300	-	+	1	353	652	5092048	5092347	WP_115622922.1#157	NZ_CP035945.1	GCF_004210255.1
WP_130182212.1#157|Blautia_producta	228	-	+	1	917	1144	5091556	5091783	WP_334295429.1#157	NZ_CP035945.1	GCF_004210255.1
WP_130182212.1#157|Blautia_producta	195	-	-	1	1192	1386	5091314	5091508	WP_369845299.1#157	NZ_CP035945.1	GCF_004210255.1
WP_130182212.1#157|Blautia_producta	153	-	+	0	1507	1659	5091041	5091193	WP_165392552.1#157	NZ_CP035945.1	GCF_004210255.1



WP_302765436.1#60|Roseburia_inulinivorans	279	+	+	41	-2333	-2055	75021	75299	WP_007887427.1#60	NZ_CATWND010000001.1	GCF_958352065.1
WP_302765436.1#60|Roseburia_inulinivorans	276	+	+	42	-2058	-1783	75296	75571	WP_007887420.1#60	NZ_CATWND010000001.1	GCF_958352065.1
WP_302765436.1#60|Roseburia_inulinivorans	384	+	+	19	-1240	-857	76114	76497	WP_302765432.1#60	NZ_CATWND010000001.1	GCF_958352065.1
WP_302765436.1#60|Roseburia_inulinivorans	582	+	+	19	-930	-349	76424	77005	WP_302765434.1#60	NZ_CATWND010000001.1	GCF_958352065.1
WP_302765436.1#60|Roseburia_inulinivorans	354	+	+	125	1	354	77355	77708	WP_302765436.1#60	NZ_CATWND010000001.1	GCF_958352065.1
WP_302765436.1#60|Roseburia_inulinivorans	294	+	+	1	354	647	77708	78001	WP_302765438.1#60	NZ_CATWND010000001.1	GCF_958352065.1
WP_302765436.1#60|Roseburia_inulinivorans	402	+	+	0	862	1263	78216	78617	WP_302765440.1#60	NZ_CATWND010000001.1	GCF_958352065.1
WP_302765436.1#60|Roseburia_inulinivorans	993	+	+	0	1308	2300	78662	79654	WP_302765442.1#60	NZ_CATWND010000001.1	GCF_958352065.1
WP_302765436.1#60|Roseburia_inulinivorans	861	+	+	40	2266	3126	79620	80480	WP_302765444.1#60	NZ_CATWND010000001.1	GCF_958352065.1



WP_215640870.1#96|Mediterraneibacter_faecis	666	+	+	0	-6882	-6217	20684	21349	WP_117568918.1#96	NZ_JBDOJD010000022.1	GCF_039946315.1
WP_215640870.1#96|Mediterraneibacter_faecis	1962	+	+	10	-6180	-4219	21386	23347	WP_347991972.1#96	NZ_JBDOJD010000022.1	GCF_039946315.1
WP_215640870.1#96|Mediterraneibacter_faecis	2154	+	+	0	-4181	-2028	23385	25538	WP_347991973.1#96	NZ_JBDOJD010000022.1	GCF_039946315.1
WP_215640870.1#96|Mediterraneibacter_faecis	1539	+	+	0	-1720	-182	25846	27384	WP_347991974.1#96	NZ_JBDOJD010000022.1	GCF_039946315.1
WP_215640870.1#96|Mediterraneibacter_faecis	351	+	+	125	1	351	27567	27917	WP_215640870.1#96	NZ_JBDOJD010000022.1	GCF_039946315.1
WP_215640870.1#96|Mediterraneibacter_faecis	291	+	+	1	353	643	27919	28209	WP_181966404.1#96	NZ_JBDOJD010000022.1	GCF_039946315.1
WP_215640870.1#96|Mediterraneibacter_faecis	1635	+	-	2	795	2429	28361	29995	WP_015529731.1#96	NZ_JBDOJD010000022.1	GCF_039946315.1
WP_215640870.1#96|Mediterraneibacter_faecis	864	+	+	27	2699	3562	30265	31128	WP_117539216.1#96	NZ_JBDOJD010000022.1	GCF_039946315.1
WP_215640870.1#96|Mediterraneibacter_faecis	2124	+	+	82	3611	5734	31177	33300	WP_117539214.1#96	NZ_JBDOJD010000022.1	GCF_039946315.1



