WP_187585754.1#63|Gordonia_sp__OPL2	663	-	+	0	-1931	-1269	196490	197152	WP_262365557.1#63	NZ_RKME01000007.1	GCF_003797825.1
WP_187585754.1#63|Gordonia_sp__OPL2	417	-	-	0	-1257	-841	196062	196478	WP_187585760.1#63	NZ_RKME01000007.1	GCF_003797825.1
WP_187585754.1#63|Gordonia_sp__OPL2	321	-	+	0	-672	-352	195573	195893	WP_187585758.1#63	NZ_RKME01000007.1	GCF_003797825.1
WP_187585754.1#63|Gordonia_sp__OPL2	294	-	+	0	-352	-59	195280	195573	WP_187585756.1#63	NZ_RKME01000007.1	GCF_003797825.1
WP_187585754.1#63|Gordonia_sp__OPL2	1299	-	+	67	1	1299	193922	195220	WP_187585754.1#63	NZ_RKME01000007.1	GCF_003797825.1
WP_187585754.1#63|Gordonia_sp__OPL2	516	-	+	3	1296	1811	193410	193925	WP_187585752.1#63	NZ_RKME01000007.1	GCF_003797825.1
WP_187585754.1#63|Gordonia_sp__OPL2	429	-	+	0	1874	2302	192919	193347	WP_187585750.1#63	NZ_RKME01000007.1	GCF_003797825.1
WP_187585754.1#63|Gordonia_sp__OPL2	261	-	+	0	2450	2710	192511	192771	WP_187585748.1#63	NZ_RKME01000007.1	GCF_003797825.1
WP_187585754.1#63|Gordonia_sp__OPL2	837	-	+	0	2820	3656	191565	192401	WP_187585746.1#63	NZ_RKME01000007.1	GCF_003797825.1



WP_239892363.1#118|Laribacter_hongkongensis	2320	-	+	69	-5239	-2920	5592	7911	pseudogene_118.5*#118	NZ_JAJAXQ010000061.1	GCF_022394435.1
WP_239892363.1#118|Laribacter_hongkongensis	534	-	+	0	-2923	-2390	5062	5595	WP_239892369.1#118	NZ_JAJAXQ010000061.1	GCF_022394435.1
WP_239892363.1#118|Laribacter_hongkongensis	1088	-	+	18	-2106	-1019	3691	4778	WP_239892367.1#118	NZ_JAJAXQ010000061.1	GCF_022394435.1
WP_239892363.1#118|Laribacter_hongkongensis	435	-	+	0	-910	-476	3148	3582	WP_239892365.1#118	NZ_JAJAXQ010000061.1	GCF_022394435.1
WP_239892363.1#118|Laribacter_hongkongensis	630	-	+	67	1	630	2042	2671	WP_239892363.1#118	NZ_JAJAXQ010000061.1	GCF_022394435.1
WP_239892363.1#118|Laribacter_hongkongensis	522	-	+	3	741	1262	1410	1931	WP_239892362.1#118	NZ_JAJAXQ010000061.1	GCF_022394435.1
WP_239892363.1#118|Laribacter_hongkongensis	225	-	+	0	1305	1529	1143	1367	WP_239892373.1#118	NZ_JAJAXQ010000061.1	GCF_022394435.1
WP_239892363.1#118|Laribacter_hongkongensis	258	-	+	0	1906	2163	509	766	WP_239892360.1#118	NZ_JAJAXQ010000061.1	GCF_022394435.1
WP_239892363.1#118|Laribacter_hongkongensis	406	-	+	69	2266	2671	1	406	pseudogene_118.6*#118	NZ_JAJAXQ010000061.1	GCF_022394435.1



WP_141401250.1#54|Cohaesibacter_gelatinilyticus	381	+	+	0	-3288	-2908	757348	757728	WP_097154010.1#54	NZ_OBEL01000002.1	GCF_900215605.1
WP_141401250.1#54|Cohaesibacter_gelatinilyticus	321	+	+	0	-2863	-2543	757773	758093	WP_097154084.1#54	NZ_OBEL01000002.1	GCF_900215605.1
WP_141401250.1#54|Cohaesibacter_gelatinilyticus	138	+	-	0	-2440	-2303	758196	758333	WP_170956101.1#54	NZ_OBEL01000002.1	GCF_900215605.1
WP_141401250.1#54|Cohaesibacter_gelatinilyticus	1635	+	+	0	-2167	-533	758469	760103	WP_097154011.1#54	NZ_OBEL01000002.1	GCF_900215605.1
WP_141401250.1#54|Cohaesibacter_gelatinilyticus	1263	+	+	67	1	1263	760637	761899	WP_141401250.1#54	NZ_OBEL01000002.1	GCF_900215605.1
WP_141401250.1#54|Cohaesibacter_gelatinilyticus	498	+	+	3	1274	1771	761910	762407	WP_097154013.1#54	NZ_OBEL01000002.1	GCF_900215605.1
WP_141401250.1#54|Cohaesibacter_gelatinilyticus	1068	+	+	0	1956	3023	762592	763659	WP_097154014.1#54	NZ_OBEL01000002.1	GCF_900215605.1
WP_141401250.1#54|Cohaesibacter_gelatinilyticus	465	+	+	0	3050	3514	763686	764150	WP_097154015.1#54	NZ_OBEL01000002.1	GCF_900215605.1
WP_141401250.1#54|Cohaesibacter_gelatinilyticus	312	+	+	0	3705	4016	764341	764652	WP_097154016.1#54	NZ_OBEL01000002.1	GCF_900215605.1



WP_164845391.1#17|Pseudovibrio_denitrificans_JCM_12308	1414	-	+	67	1	1414	1241	2654	WP_164845391.1#17	NZ_BAZK01000058.1	GCF_001310815.1
WP_164845391.1#17|Pseudovibrio_denitrificans_JCM_12308	492	-	+	3	1415	1906	749	1240	WP_054785758.1#17	NZ_BAZK01000058.1	GCF_001310815.1
WP_164845391.1#17|Pseudovibrio_denitrificans_JCM_12308	241	-	+	0	2414	2654	1	241	WP_164845390.1#17	NZ_BAZK01000058.1	GCF_001310815.1



WP_279785970.1#70|Pokkaliibacter_sp__MBI_7	1110	-	+	7	-3002	-1893	2913107	2914216	WP_279785975.1#70	NZ_JARVTG010000001.1	GCF_029846635.1
WP_279785970.1#70|Pokkaliibacter_sp__MBI_7	336	-	+	0	-1893	-1558	2912772	2913107	WP_279785974.1#70	NZ_JARVTG010000001.1	GCF_029846635.1
WP_279785970.1#70|Pokkaliibacter_sp__MBI_7	381	-	+	69	-1514	-1134	2912348	2912728	pseudogene_70.8*#70	NZ_JARVTG010000001.1	GCF_029846635.1
WP_279785970.1#70|Pokkaliibacter_sp__MBI_7	495	-	+	0	-1076	-582	2911796	2912290	WP_279785972.1#70	NZ_JARVTG010000001.1	GCF_029846635.1
WP_279785970.1#70|Pokkaliibacter_sp__MBI_7	855	-	+	67	1	855	2910359	2911213	WP_279785970.1#70	NZ_JARVTG010000001.1	GCF_029846635.1
WP_279785970.1#70|Pokkaliibacter_sp__MBI_7	456	-	+	3	857	1312	2909902	2910357	WP_279785968.1#70	NZ_JARVTG010000001.1	GCF_029846635.1
WP_279785970.1#70|Pokkaliibacter_sp__MBI_7	696	-	-	58	1860	2555	2908659	2909354	WP_279785966.1#70	NZ_JARVTG010000001.1	GCF_029846635.1
WP_279785970.1#70|Pokkaliibacter_sp__MBI_7	1143	-	+	6	2917	4059	2907155	2908297	WP_279785964.1#70	NZ_JARVTG010000001.1	GCF_029846635.1
WP_279785970.1#70|Pokkaliibacter_sp__MBI_7	1341	-	+	0	4084	5424	2905790	2907130	WP_279785963.1#70	NZ_JARVTG010000001.1	GCF_029846635.1



WP_128754968.1#82|Methylobacterium_sp__GXF4	806	-	-	69	-4872	-4067	159314	160119	pseudogene_82.6*#82	NZ_AKFK01000051.1	GCF_000272495.1
WP_128754968.1#82|Methylobacterium_sp__GXF4	420	-	+	0	-3825	-3406	158653	159072	WP_007561329.1#82	NZ_AKFK01000051.1	GCF_000272495.1
WP_128754968.1#82|Methylobacterium_sp__GXF4	1104	-	+	2	-2366	-1263	156510	157613	WP_007561325.1#82	NZ_AKFK01000051.1	GCF_000272495.1
WP_128754968.1#82|Methylobacterium_sp__GXF4	1191	-	+	1	-1266	-76	155323	156513	WP_007561323.1#82	NZ_AKFK01000051.1	GCF_000272495.1
WP_128754968.1#82|Methylobacterium_sp__GXF4	666	-	+	67	1	666	154581	155246	WP_128754968.1#82	NZ_AKFK01000051.1	GCF_000272495.1
WP_128754968.1#82|Methylobacterium_sp__GXF4	777	-	-	69	769	1545	153702	154478	pseudogene_82.9*#82	NZ_AKFK01000051.1	GCF_000272495.1
WP_128754968.1#82|Methylobacterium_sp__GXF4	468	-	+	0	2573	3040	152207	152674	WP_128754967.1#82	NZ_AKFK01000051.1	GCF_000272495.1
WP_128754968.1#82|Methylobacterium_sp__GXF4	771	-	+	0	3073	3843	151404	152174	WP_128754966.1#82	NZ_AKFK01000051.1	GCF_000272495.1
WP_128754968.1#82|Methylobacterium_sp__GXF4	384	-	-	0	4306	4689	150558	150941	WP_007561310.1#82	NZ_AKFK01000051.1	GCF_000272495.1



WP_219348979.1#4|Vibrio_neptunius	159	+	-	0	-2319	-2161	209103	209261	WP_206375201.1#4	NZ_JBELYB010000009.1	GCF_040272735.1
WP_219348979.1#4|Vibrio_neptunius	528	+	+	0	-1967	-1440	209455	209982	WP_206375200.1#4	NZ_JBELYB010000009.1	GCF_040272735.1
WP_219348979.1#4|Vibrio_neptunius	123	+	+	69	-933	-811	210489	210611	pseudogene_4.9*#4	NZ_JBELYB010000009.1	GCF_040272735.1
WP_219348979.1#4|Vibrio_neptunius	558	+	+	0	-752	-195	210670	211227	WP_219348978.1#4	NZ_JBELYB010000009.1	GCF_040272735.1
WP_219348979.1#4|Vibrio_neptunius	234	+	+	67	1	234	211423	211656	WP_219348979.1#4	NZ_JBELYB010000009.1	GCF_040272735.1
WP_219348979.1#4|Vibrio_neptunius	489	+	+	3	235	723	211657	212145	WP_219348980.1#4	NZ_JBELYB010000009.1	GCF_040272735.1
WP_219348979.1#4|Vibrio_neptunius	102	+	+	0	768	869	212190	212291	WP_434086573.1#4	NZ_JBELYB010000009.1	GCF_040272735.1
WP_219348979.1#4|Vibrio_neptunius	432	+	+	0	939	1370	212361	212792	WP_219348981.1#4	NZ_JBELYB010000009.1	GCF_040272735.1
WP_219348979.1#4|Vibrio_neptunius	420	+	+	0	1379	1798	212801	213220	WP_350358569.1#4	NZ_JBELYB010000009.1	GCF_040272735.1



WP_144915795.1#112|Mucilaginibacter_frigoritolerans	252	-	-	0	-1995	-1744	161750	162001	WP_144915799.1#112	NZ_VLLI01000014.1	GCF_007830615.1
WP_144915795.1#112|Mucilaginibacter_frigoritolerans	159	-	+	0	-1608	-1450	161456	161614	WP_170227814.1#112	NZ_VLLI01000014.1	GCF_007830615.1
WP_144915795.1#112|Mucilaginibacter_frigoritolerans	753	-	+	0	-1325	-573	160579	161331	WP_246139065.1#112	NZ_VLLI01000014.1	GCF_007830615.1
WP_144915795.1#112|Mucilaginibacter_frigoritolerans	513	-	+	0	-568	-56	160062	160574	WP_144915797.1#112	NZ_VLLI01000014.1	GCF_007830615.1
WP_144915795.1#112|Mucilaginibacter_frigoritolerans	720	-	+	67	1	720	159286	160005	WP_144915795.1#112	NZ_VLLI01000014.1	GCF_007830615.1
WP_144915795.1#112|Mucilaginibacter_frigoritolerans	507	-	+	3	717	1223	158783	159289	WP_144915792.1#112	NZ_VLLI01000014.1	GCF_007830615.1
WP_144915795.1#112|Mucilaginibacter_frigoritolerans	507	-	-	0	1919	2425	157581	158087	WP_144915789.1#112	NZ_VLLI01000014.1	GCF_007830615.1
WP_144915795.1#112|Mucilaginibacter_frigoritolerans	315	-	-	0	2702	3016	156990	157304	WP_144915788.1#112	NZ_VLLI01000014.1	GCF_007830615.1
WP_144915795.1#112|Mucilaginibacter_frigoritolerans	1425	-	-	0	3656	5080	154926	156350	WP_144915785.1#112	NZ_VLLI01000014.1	GCF_007830615.1



WP_137926206.1#52|Cupriavidus_sp__2SB	480	-	-	0	-3851	-3372	11582	12061	WP_137926209.1#52	NZ_SCMX01000039.1	GCF_005503625.1
WP_137926206.1#52|Cupriavidus_sp__2SB	939	-	+	0	-3234	-2296	10506	11444	WP_137926208.1#52	NZ_SCMX01000039.1	GCF_005503625.1
WP_137926206.1#52|Cupriavidus_sp__2SB	300	-	+	0	-2253	-1954	10164	10463	WP_137926207.1#52	NZ_SCMX01000039.1	GCF_005503625.1
WP_137926206.1#52|Cupriavidus_sp__2SB	1665	-	+	8	-1699	-35	8245	9909	WP_137926245.1#52	NZ_SCMX01000039.1	GCF_005503625.1
WP_137926206.1#52|Cupriavidus_sp__2SB	6861	-	+	67	1	6861	1349	8209	WP_137926206.1#52	NZ_SCMX01000039.1	GCF_005503625.1
WP_137926206.1#52|Cupriavidus_sp__2SB	519	-	+	3	6858	7376	834	1352	WP_137926205.1#52	NZ_SCMX01000039.1	GCF_005503625.1
WP_137926206.1#52|Cupriavidus_sp__2SB	402	-	+	0	7724	8125	85	486	WP_137926204.1#52	NZ_SCMX01000039.1	GCF_005503625.1



WP_015697204.1#76|Rahnella_aquatilis_CIP_78_65___ATCC_33071	1197	+	-	14	-5518	-4322	2279940	2281136	WP_037039157.1#76	NC_016818.1	GCF_000241955.1
WP_015697204.1#76|Rahnella_aquatilis_CIP_78_65___ATCC_33071	831	+	-	0	-4171	-3341	2281287	2282117	WP_015697201.1#76	NC_016818.1	GCF_000241955.1
WP_015697204.1#76|Rahnella_aquatilis_CIP_78_65___ATCC_33071	765	+	+	0	-2873	-2109	2282585	2283349	WP_015697202.1#76	NC_016818.1	GCF_000241955.1
WP_015697204.1#76|Rahnella_aquatilis_CIP_78_65___ATCC_33071	1623	+	+	8	-1642	-20	2283816	2285438	WP_037039161.1#76	NC_016818.1	GCF_000241955.1
WP_015697204.1#76|Rahnella_aquatilis_CIP_78_65___ATCC_33071	11688	+	+	67	1	11688	2285459	2297146	WP_015697204.1#76	NC_016818.1	GCF_000241955.1
WP_015697204.1#76|Rahnella_aquatilis_CIP_78_65___ATCC_33071	444	+	+	3	11691	12134	2297149	2297592	WP_015697205.1#76	NC_016818.1	GCF_000241955.1
WP_015697204.1#76|Rahnella_aquatilis_CIP_78_65___ATCC_33071	300	+	-	69	12211	12510	2297669	2297968	pseudogene_76.7*#76	NC_016818.1	GCF_000241955.1
WP_015697204.1#76|Rahnella_aquatilis_CIP_78_65___ATCC_33071	1245	+	+	69	12593	13837	2298051	2299295	pseudogene_76.9*#76	NC_016818.1	GCF_000241955.1
WP_015697204.1#76|Rahnella_aquatilis_CIP_78_65___ATCC_33071	435	+	+	4	14047	14481	2299505	2299939	WP_037039167.1#76	NC_016818.1	GCF_000241955.1



WP_127908390.1#51|Pantoea_septica	444	-	+	0	-2131	-1688	2571	3014	WP_313621223.1#51	NZ_DAMCQP010000174.1	GCF_032105325.1
WP_127908390.1#51|Pantoea_septica	474	-	+	0	-1473	-1000	1883	2356	WP_313621221.1#51	NZ_DAMCQP010000174.1	GCF_032105325.1
WP_127908390.1#51|Pantoea_septica	135	-	-	69	-957	-823	1706	1840	pseudogene_51.4*#51	NZ_DAMCQP010000174.1	GCF_032105325.1
WP_127908390.1#51|Pantoea_septica	396	-	+	69	-751	-356	1239	1634	pseudogene_51.1*#51	NZ_DAMCQP010000174.1	GCF_032105325.1
WP_127908390.1#51|Pantoea_septica	219	-	+	67	1	219	664	882	WP_127908390.1#51	NZ_DAMCQP010000174.1	GCF_032105325.1
WP_127908390.1#51|Pantoea_septica	438	-	+	3	360	797	86	523	WP_096073657.1#51	NZ_DAMCQP010000174.1	GCF_032105325.1



WP_271868147.1#121|Photorhabdus_bodei	996	-	+	0	-2520	-1525	3797	4792	WP_271868154.1#121	NZ_JAQMFO010000086.1	GCF_028309775.1
WP_271868147.1#121|Photorhabdus_bodei	348	-	+	56	-1520	-1173	3445	3792	WP_271868152.1#121	NZ_JAQMFO010000086.1	GCF_028309775.1
WP_271868147.1#121|Photorhabdus_bodei	705	-	+	4	-1001	-297	2569	3273	WP_271868151.1#121	NZ_JAQMFO010000086.1	GCF_028309775.1
WP_271868147.1#121|Photorhabdus_bodei	300	-	+	0	-300	-1	2273	2572	WP_271868149.1#121	NZ_JAQMFO010000086.1	GCF_028309775.1
WP_271868147.1#121|Photorhabdus_bodei	231	-	+	67	1	231	2041	2271	WP_271868147.1#121	NZ_JAQMFO010000086.1	GCF_028309775.1
WP_271868147.1#121|Photorhabdus_bodei	1098	-	-	0	196	1293	979	2076	WP_271868145.1#121	NZ_JAQMFO010000086.1	GCF_028309775.1
WP_271868147.1#121|Photorhabdus_bodei	447	-	+	3	1479	1925	347	793	WP_271868143.1#121	NZ_JAQMFO010000086.1	GCF_028309775.1



WP_183368813.1#2|Gordonia_humi	1167	+	-	0	-4251	-3085	145182	146348	WP_183368816.1#2	NZ_BAABHL010000022.1	GCF_039542075.1
WP_183368813.1#2|Gordonia_humi	642	+	+	0	-1869	-1228	147564	148205	WP_183368815.1#2	NZ_BAABHL010000022.1	GCF_039542075.1
WP_183368813.1#2|Gordonia_humi	405	+	+	0	-1126	-722	148307	148711	WP_183368814.1#2	NZ_BAABHL010000022.1	GCF_039542075.1
WP_183368813.1#2|Gordonia_humi	180	+	-	0	-519	-340	148914	149093	WP_345300883.1#2	NZ_BAABHL010000022.1	GCF_039542075.1
WP_183368813.1#2|Gordonia_humi	1230	+	+	67	1	1230	149434	150663	WP_183368813.1#2	NZ_BAABHL010000022.1	GCF_039542075.1
WP_183368813.1#2|Gordonia_humi	528	+	+	3	1250	1777	150683	151210	WP_183368812.1#2	NZ_BAABHL010000022.1	GCF_039542075.1
WP_183368813.1#2|Gordonia_humi	726	+	-	26	1899	2624	151332	152057	WP_246371563.1#2	NZ_BAABHL010000022.1	GCF_039542075.1
WP_183368813.1#2|Gordonia_humi	540	+	+	3	2693	3232	152126	152665	WP_183368811.1#2	NZ_BAABHL010000022.1	GCF_039542075.1



WP_005910005.1#33|Fusobacterium_animalis_F0419	261	+	+	28	-3122	-2862	1000927	1001187	WP_005910009.1#33	NZ_AKCE01000001.1	GCF_000273605.1
WP_005910005.1#33|Fusobacterium_animalis_F0419	1344	+	+	29	-2614	-1271	1001435	1002778	WP_005910008.1#33	NZ_AKCE01000001.1	GCF_000273605.1
WP_005910005.1#33|Fusobacterium_animalis_F0419	402	+	+	11	-1225	-824	1002824	1003225	WP_005910007.1#33	NZ_AKCE01000001.1	GCF_000273605.1
WP_005910005.1#33|Fusobacterium_animalis_F0419	393	+	+	11	-809	-417	1003240	1003632	WP_005910006.1#33	NZ_AKCE01000001.1	GCF_000273605.1
WP_005910005.1#33|Fusobacterium_animalis_F0419	570	+	+	67	1	570	1004050	1004619	WP_005910005.1#33	NZ_AKCE01000001.1	GCF_000273605.1
WP_005910005.1#33|Fusobacterium_animalis_F0419	1098	+	+	3	597	1694	1004646	1005743	WP_005910004.1#33	NZ_AKCE01000001.1	GCF_000273605.1
WP_005910005.1#33|Fusobacterium_animalis_F0419	303	+	+	30	1879	2181	1005928	1006230	WP_008702584.1#33	NZ_AKCE01000001.1	GCF_000273605.1
WP_005910005.1#33|Fusobacterium_animalis_F0419	993	+	-	0	2244	3236	1006293	1007285	WP_005910002.1#33	NZ_AKCE01000001.1	GCF_000273605.1
WP_005910005.1#33|Fusobacterium_animalis_F0419	1260	+	+	0	3542	4801	1007591	1008850	WP_005910001.1#33	NZ_AKCE01000001.1	GCF_000273605.1



WP_009006765.1#42|Fusobacterium_nucleatum	321	-	+	28	-3106	-2786	1203742	1204062	WP_009006763.1#42	NZ_CP117964.1	GCF_028743415.1
WP_009006765.1#42|Fusobacterium_nucleatum	1329	-	+	29	-2599	-1271	1202227	1203555	WP_009006764.1#42	NZ_CP117964.1	GCF_028743415.1
WP_009006765.1#42|Fusobacterium_nucleatum	402	-	+	11	-1225	-824	1201780	1202181	WP_005910007.1#42	NZ_CP117964.1	GCF_028743415.1
WP_009006765.1#42|Fusobacterium_nucleatum	393	-	+	11	-809	-417	1201373	1201765	WP_005910006.1#42	NZ_CP117964.1	GCF_028743415.1
WP_009006765.1#42|Fusobacterium_nucleatum	408	-	+	67	1	408	1200548	1200955	WP_009006765.1#42	NZ_CP117964.1	GCF_028743415.1
WP_009006765.1#42|Fusobacterium_nucleatum	1098	-	+	3	597	1694	1199262	1200359	WP_085057248.1#42	NZ_CP117964.1	GCF_028743415.1
WP_009006765.1#42|Fusobacterium_nucleatum	303	-	+	30	1880	2182	1198774	1199076	WP_009006768.1#42	NZ_CP117964.1	GCF_028743415.1
WP_009006765.1#42|Fusobacterium_nucleatum	633	-	-	69	2450	3082	1197874	1198506	pseudogene_42.3*#42	NZ_CP117964.1	GCF_028743415.1
WP_009006765.1#42|Fusobacterium_nucleatum	1104	-	-	0	3210	4313	1196643	1197746	WP_274236125.1#42	NZ_CP117964.1	GCF_028743415.1



WP_295256672.1#73|Selenomonas_sp_	582	+	-	0	-3372	-2791	2216	2797	WP_295256666.1#73	NZ_JALEYZ010000102.1	GCF_022773065.1
WP_295256672.1#73|Selenomonas_sp_	303	+	-	0	-2755	-2453	2833	3135	WP_295256720.1#73	NZ_JALEYZ010000102.1	GCF_022773065.1
WP_295256672.1#73|Selenomonas_sp_	1056	+	+	3	-2029	-974	3559	4614	WP_295256668.1#73	NZ_JALEYZ010000102.1	GCF_022773065.1
WP_295256672.1#73|Selenomonas_sp_	744	+	+	66	-726	17	4862	5605	WP_295256670.1#73	NZ_JALEYZ010000102.1	GCF_022773065.1
WP_295256672.1#73|Selenomonas_sp_	426	+	+	67	1	426	5589	6014	WP_295256672.1#73	NZ_JALEYZ010000102.1	GCF_022773065.1
WP_295256672.1#73|Selenomonas_sp_	543	+	+	3	429	971	6017	6559	WP_295256673.1#73	NZ_JALEYZ010000102.1	GCF_022773065.1
WP_295256672.1#73|Selenomonas_sp_	2790	+	-	0	1048	3837	6636	9425	WP_295256675.1#73	NZ_JALEYZ010000102.1	GCF_022773065.1
WP_295256672.1#73|Selenomonas_sp_	762	+	-	0	3915	4676	9503	10264	WP_295256676.1#73	NZ_JALEYZ010000102.1	GCF_022773065.1
WP_295256672.1#73|Selenomonas_sp_	1824	+	+	0	4926	6749	10514	12337	WP_295256678.1#73	NZ_JALEYZ010000102.1	GCF_022773065.1



WP_006507007.1#34|Catenibacterium_mitsuokai	366	+	+	0	-1947	-1582	628	993	WP_006507010.1#34	NZ_JBCJBU010000057.1	GCF_039062835.1
WP_006507007.1#34|Catenibacterium_mitsuokai	666	+	+	0	-1592	-927	983	1648	WP_342997896.1#34	NZ_JBCJBU010000057.1	GCF_039062835.1
WP_006507007.1#34|Catenibacterium_mitsuokai	744	+	+	66	-729	14	1846	2589	WP_342997897.1#34	NZ_JBCJBU010000057.1	GCF_039062835.1
WP_006507007.1#34|Catenibacterium_mitsuokai	408	+	+	67	1	408	2576	2983	WP_006507007.1#34	NZ_JBCJBU010000057.1	GCF_039062835.1
WP_006507007.1#34|Catenibacterium_mitsuokai	543	+	+	3	410	952	2985	3527	WP_006507006.1#34	NZ_JBCJBU010000057.1	GCF_039062835.1
WP_006507007.1#34|Catenibacterium_mitsuokai	1461	+	+	25	1070	2530	3645	5105	WP_279068769.1#34	NZ_JBCJBU010000057.1	GCF_039062835.1
WP_006507007.1#34|Catenibacterium_mitsuokai	1167	+	+	10	2575	3741	5150	6316	WP_342997898.1#34	NZ_JBCJBU010000057.1	GCF_039062835.1
WP_006507007.1#34|Catenibacterium_mitsuokai	996	+	+	0	3802	4797	6377	7372	WP_217107165.1#34	NZ_JBCJBU010000057.1	GCF_039062835.1



WP_051541999.1#37|Clostridium_lundense_DSM_17049	255	-	+	16	-2181	-1927	110887	111141	WP_027624772.1#37	NZ_JHVC01000008.1	GCF_000619945.1
WP_051541999.1#37|Clostridium_lundense_DSM_17049	141	-	-	0	-1847	-1707	110667	110807	WP_156939879.1#37	NZ_JHVC01000008.1	GCF_000619945.1
WP_051541999.1#37|Clostridium_lundense_DSM_17049	561	-	+	16	-1678	-1118	110078	110638	WP_051542000.1#37	NZ_JHVC01000008.1	GCF_000619945.1
WP_051541999.1#37|Clostridium_lundense_DSM_17049	537	-	+	0	-1114	-578	109538	110074	WP_027624770.1#37	NZ_JHVC01000008.1	GCF_000619945.1
WP_051541999.1#37|Clostridium_lundense_DSM_17049	555	-	+	67	1	555	108405	108959	WP_051541999.1#37	NZ_JHVC01000008.1	GCF_000619945.1
WP_051541999.1#37|Clostridium_lundense_DSM_17049	615	-	+	3	568	1182	107778	108392	WP_027624769.1#37	NZ_JHVC01000008.1	GCF_000619945.1
WP_051541999.1#37|Clostridium_lundense_DSM_17049	591	-	+	16	1338	1928	107032	107622	WP_027624768.1#37	NZ_JHVC01000008.1	GCF_000619945.1
WP_051541999.1#37|Clostridium_lundense_DSM_17049	266	-	+	69	1909	2174	106786	107051	pseudogene_37.1*#37	NZ_JHVC01000008.1	GCF_000619945.1
WP_051541999.1#37|Clostridium_lundense_DSM_17049	654	-	+	0	2171	2824	106136	106789	WP_027624766.1#37	NZ_JHVC01000008.1	GCF_000619945.1



WP_256217087.1#8|Bacillus_sp__491mf	915	-	+	0	-2357	-1443	60867	61781	WP_051957423.1#8	NZ_FOLV01000010.1	GCF_900112415.1
WP_256217087.1#8|Bacillus_sp__491mf	480	-	+	0	-1438	-959	60383	60862	WP_090997464.1#8	NZ_FOLV01000010.1	GCF_900112415.1
WP_256217087.1#8|Bacillus_sp__491mf	126	-	-	0	-790	-665	60089	60214	WP_371261872.1#8	NZ_FOLV01000010.1	GCF_900112415.1
WP_256217087.1#8|Bacillus_sp__491mf	504	-	+	0	-632	-129	59553	60056	WP_090997461.1#8	NZ_FOLV01000010.1	GCF_900112415.1
WP_256217087.1#8|Bacillus_sp__491mf	141	-	+	67	1	141	59283	59423	WP_256217087.1#8	NZ_FOLV01000010.1	GCF_900112415.1
WP_256217087.1#8|Bacillus_sp__491mf	639	-	+	3	210	848	58576	59214	WP_231559768.1#8	NZ_FOLV01000010.1	GCF_900112415.1
WP_256217087.1#8|Bacillus_sp__491mf	477	-	+	0	952	1428	57996	58472	WP_035437927.1#8	NZ_FOLV01000010.1	GCF_900112415.1
WP_256217087.1#8|Bacillus_sp__491mf	363	-	+	0	1958	2320	57104	57466	WP_035437925.1#8	NZ_FOLV01000010.1	GCF_900112415.1
WP_256217087.1#8|Bacillus_sp__491mf	183	-	+	0	2444	2626	56798	56980	WP_256217095.1#8	NZ_FOLV01000010.1	GCF_900112415.1



WP_207559182.1#93|Ruminiclostridium_hungatei	1413	-	+	0	-4249	-2837	13182	14594	WP_080065868.1#93	NZ_MZGX01000026.1	GCF_002051585.1
WP_207559182.1#93|Ruminiclostridium_hungatei	981	-	+	6	-2823	-1843	12188	13168	WP_080065867.1#93	NZ_MZGX01000026.1	GCF_002051585.1
WP_207559182.1#93|Ruminiclostridium_hungatei	969	-	+	6	-1850	-882	11227	12195	WP_080065866.1#93	NZ_MZGX01000026.1	GCF_002051585.1
WP_207559182.1#93|Ruminiclostridium_hungatei	174	-	+	0	-794	-621	10966	11139	WP_165755781.1#93	NZ_MZGX01000026.1	GCF_002051585.1
WP_207559182.1#93|Ruminiclostridium_hungatei	1650	-	+	67	1	1650	8695	10344	WP_207559182.1#93	NZ_MZGX01000026.1	GCF_002051585.1
WP_207559182.1#93|Ruminiclostridium_hungatei	615	-	+	3	1663	2277	8068	8682	WP_080065865.1#93	NZ_MZGX01000026.1	GCF_002051585.1
WP_207559182.1#93|Ruminiclostridium_hungatei	492	-	+	69	2367	2858	7487	7978	pseudogene_93.9*#93	NZ_MZGX01000026.1	GCF_002051585.1
WP_207559182.1#93|Ruminiclostridium_hungatei	810	-	+	0	3022	3831	6514	7323	WP_080065863.1#93	NZ_MZGX01000026.1	GCF_002051585.1
WP_207559182.1#93|Ruminiclostridium_hungatei	387	-	+	0	3992	4378	5967	6353	WP_117387080.1#93	NZ_MZGX01000026.1	GCF_002051585.1



WP_287051835.1#29|Ruminococcus_sp_	486	+	+	0	-1980	-1495	37463	37948	WP_287051722.1#29	NZ_DPNI01000018.1	GCF_003540575.1
WP_287051835.1#29|Ruminococcus_sp_	75	+	+	68	-1478	-1404	37965	38039	tRNA_29.0*#29	NZ_DPNI01000018.1	GCF_003540575.1
WP_287051835.1#29|Ruminococcus_sp_	594	+	+	69	-1277	-684	38166	38759	pseudogene_29.2*#29	NZ_DPNI01000018.1	GCF_003540575.1
WP_287051835.1#29|Ruminococcus_sp_	528	+	+	0	-684	-157	38759	39286	WP_117927732.1#29	NZ_DPNI01000018.1	GCF_003540575.1
WP_287051835.1#29|Ruminococcus_sp_	1323	+	+	67	1	1323	39444	40766	WP_287051835.1#29	NZ_DPNI01000018.1	GCF_003540575.1
WP_287051835.1#29|Ruminococcus_sp_	504	+	+	3	1440	1943	40883	41386	WP_117923238.1#29	NZ_DPNI01000018.1	GCF_003540575.1
WP_287051835.1#29|Ruminococcus_sp_	1092	+	-	0	2028	3119	41471	42562	WP_117927734.1#29	NZ_DPNI01000018.1	GCF_003540575.1
WP_287051835.1#29|Ruminococcus_sp_	903	+	+	0	5252	6154	44695	45597	WP_287051724.1#29	NZ_DPNI01000018.1	GCF_003540575.1
WP_287051835.1#29|Ruminococcus_sp_	834	+	+	0	6475	7308	45918	46751	WP_278460324.1#29	NZ_DPNI01000018.1	GCF_003540575.1



WP_206582567.1#92|Clostridium_aminobutyricum	810	-	-	0	-11524	-10715	93514	94323	WP_206582571.1#92	NZ_JAFJZZ010000004.1	GCF_017255415.1
WP_206582567.1#92|Clostridium_aminobutyricum	2664	-	-	0	-10700	-8037	90836	93499	WP_206582570.1#92	NZ_JAFJZZ010000004.1	GCF_017255415.1
WP_206582567.1#92|Clostridium_aminobutyricum	4389	-	+	0	-7776	-3388	86187	90575	WP_206582569.1#92	NZ_JAFJZZ010000004.1	GCF_017255415.1
WP_206582567.1#92|Clostridium_aminobutyricum	2721	-	+	0	-2756	-36	82835	85555	WP_206582568.1#92	NZ_JAFJZZ010000004.1	GCF_017255415.1
WP_206582567.1#92|Clostridium_aminobutyricum	6777	-	+	67	1	6777	76022	82798	WP_206582567.1#92	NZ_JAFJZZ010000004.1	GCF_017255415.1
WP_206582567.1#92|Clostridium_aminobutyricum	651	-	+	3	6867	7517	75282	75932	WP_206582566.1#92	NZ_JAFJZZ010000004.1	GCF_017255415.1
WP_206582567.1#92|Clostridium_aminobutyricum	357	-	+	62	7759	8115	74684	75040	WP_206582565.1#92	NZ_JAFJZZ010000004.1	GCF_017255415.1
WP_206582567.1#92|Clostridium_aminobutyricum	393	-	+	0	8728	9120	73679	74071	WP_206582564.1#92	NZ_JAFJZZ010000004.1	GCF_017255415.1
WP_206582567.1#92|Clostridium_aminobutyricum	2061	-	+	0	9211	11271	71528	73588	WP_206582563.1#92	NZ_JAFJZZ010000004.1	GCF_017255415.1



WP_303016389.1#74|Holdemania_massiliensis	336	-	+	63	-5572	-5237	84771	85106	WP_303016393.1#74	NZ_CAUFAO010000013.1	GCF_959023055.1
WP_303016389.1#74|Holdemania_massiliensis	3057	-	+	7	-4813	-1757	81291	84347	WP_303016392.1#74	NZ_CAUFAO010000013.1	GCF_959023055.1
WP_303016389.1#74|Holdemania_massiliensis	384	-	+	62	-1760	-1377	80911	81294	WP_303016391.1#74	NZ_CAUFAO010000013.1	GCF_959023055.1
WP_303016389.1#74|Holdemania_massiliensis	1353	-	+	7	-1254	98	79436	80788	WP_303016390.1#74	NZ_CAUFAO010000013.1	GCF_959023055.1
WP_303016389.1#74|Holdemania_massiliensis	480	-	+	67	1	480	79054	79533	WP_303016389.1#74	NZ_CAUFAO010000013.1	GCF_959023055.1
WP_303016389.1#74|Holdemania_massiliensis	519	-	+	3	638	1156	78378	78896	WP_303016388.1#74	NZ_CAUFAO010000013.1	GCF_959023055.1
WP_303016389.1#74|Holdemania_massiliensis	477	-	+	7	1502	1978	77556	78032	WP_303016386.1#74	NZ_CAUFAO010000013.1	GCF_959023055.1
WP_303016389.1#74|Holdemania_massiliensis	339	-	+	0	2081	2419	77115	77453	WP_303016384.1#74	NZ_CAUFAO010000013.1	GCF_959023055.1
WP_303016389.1#74|Holdemania_massiliensis	633	-	+	0	2875	3507	76027	76659	WP_303016382.1#74	NZ_CAUFAO010000013.1	GCF_959023055.1



WP_010766297.1#105|Enterococcus_moraviensis_ATCC_BAA_383	1305	-	-	0	-2370	-1066	432136	433440	WP_010766301.1#105	NZ_KB946320.1	GCF_000394015.1
WP_010766297.1#105|Enterococcus_moraviensis_ATCC_BAA_383	297	-	+	0	-951	-655	431725	432021	WP_010766300.1#105	NZ_KB946320.1	GCF_000394015.1
WP_010766297.1#105|Enterococcus_moraviensis_ATCC_BAA_383	369	-	+	0	-658	-290	431360	431728	WP_010766299.1#105	NZ_KB946320.1	GCF_000394015.1
WP_010766297.1#105|Enterococcus_moraviensis_ATCC_BAA_383	261	-	+	0	-299	-39	431109	431369	WP_010766298.1#105	NZ_KB946320.1	GCF_000394015.1
WP_010766297.1#105|Enterococcus_moraviensis_ATCC_BAA_383	1167	-	+	67	1	1167	429903	431069	WP_010766297.1#105	NZ_KB946320.1	GCF_000394015.1
WP_010766297.1#105|Enterococcus_moraviensis_ATCC_BAA_383	552	-	+	3	1184	1735	429335	429886	WP_010766296.1#105	NZ_KB946320.1	GCF_000394015.1
WP_010766297.1#105|Enterococcus_moraviensis_ATCC_BAA_383	351	-	+	31	2601	2951	428119	428469	WP_010766295.1#105	NZ_KB946320.1	GCF_000394015.1
WP_010766297.1#105|Enterococcus_moraviensis_ATCC_BAA_383	339	-	+	0	2966	3304	427766	428104	WP_010766294.1#105	NZ_KB946320.1	GCF_000394015.1
WP_010766297.1#105|Enterococcus_moraviensis_ATCC_BAA_383	201	-	+	31	3383	3583	427487	427687	WP_010766293.1#105	NZ_KB946320.1	GCF_000394015.1



WP_197971977.1#90|Treponema_zioleckii	685	+	+	67	1	685	1	685	WP_197971977.1#90	NZ_JPUF01000142.1	GCF_014737315.1
WP_197971977.1#90|Treponema_zioleckii	507	+	+	3	693	1199	693	1199	WP_191018333.1#90	NZ_JPUF01000142.1	GCF_014737315.1



WP_120409925.1#132|Roseburia_sp__1XD42_69	203	+	+	0	-2473	-2271	1	203	WP_158591473.1#132	NZ_RAZG01000115.1	GCF_003612565.1
WP_120409925.1#132|Roseburia_sp__1XD42_69	243	+	+	0	-2008	-1766	466	708	WP_147415759.1#132	NZ_RAZG01000115.1	GCF_003612565.1
WP_120409925.1#132|Roseburia_sp__1XD42_69	501	+	+	0	-1751	-1251	723	1223	WP_120409922.1#132	NZ_RAZG01000115.1	GCF_003612565.1
WP_120409925.1#132|Roseburia_sp__1XD42_69	501	+	+	0	-838	-338	1636	2136	WP_120409924.1#132	NZ_RAZG01000115.1	GCF_003612565.1
WP_120409925.1#132|Roseburia_sp__1XD42_69	573	+	+	67	1	573	2475	3047	WP_120409925.1#132	NZ_RAZG01000115.1	GCF_003612565.1
WP_120409925.1#132|Roseburia_sp__1XD42_69	531	+	+	3	830	1360	3304	3834	WP_120409926.1#132	NZ_RAZG01000115.1	GCF_003612565.1
WP_120409925.1#132|Roseburia_sp__1XD42_69	303	+	+	0	1417	1719	3891	4193	WP_120409927.1#132	NZ_RAZG01000115.1	GCF_003612565.1
WP_120409925.1#132|Roseburia_sp__1XD42_69	429	+	+	0	2004	2432	4478	4906	WP_120409928.1#132	NZ_RAZG01000115.1	GCF_003612565.1
WP_120409925.1#132|Roseburia_sp__1XD42_69	267	+	+	0	2613	2879	5087	5353	WP_120409929.1#132	NZ_RAZG01000115.1	GCF_003612565.1



WP_233182429.1#22|Paenibacillus_sonchi	8982	+	+	7	-12028	-3047	10987	19968	WP_233182425.1#22	NZ_JAIFKC010000027.1	GCF_021312615.1
WP_233182429.1#22|Paenibacillus_sonchi	516	+	+	50	-3032	-2517	19983	20498	WP_233182426.1#22	NZ_JAIFKC010000027.1	GCF_021312615.1
WP_233182429.1#22|Paenibacillus_sonchi	615	+	+	7	-1440	-826	21575	22189	WP_233182427.1#22	NZ_JAIFKC010000027.1	GCF_021312615.1
WP_233182429.1#22|Paenibacillus_sonchi	402	+	+	0	-808	-407	22207	22608	WP_233182428.1#22	NZ_JAIFKC010000027.1	GCF_021312615.1
WP_233182429.1#22|Paenibacillus_sonchi	525	+	+	67	1	525	23016	23540	WP_233182429.1#22	NZ_JAIFKC010000027.1	GCF_021312615.1
WP_233182429.1#22|Paenibacillus_sonchi	630	+	+	3	695	1324	23710	24339	WP_233182430.1#22	NZ_JAIFKC010000027.1	GCF_021312615.1
WP_233182429.1#22|Paenibacillus_sonchi	186	+	-	0	1405	1590	24420	24605	WP_233182431.1#22	NZ_JAIFKC010000027.1	GCF_021312615.1
WP_233182429.1#22|Paenibacillus_sonchi	531	+	+	7	1665	2195	24680	25210	WP_233182432.1#22	NZ_JAIFKC010000027.1	GCF_021312615.1
WP_233182429.1#22|Paenibacillus_sonchi	402	+	+	0	2215	2616	25230	25631	WP_233182433.1#22	NZ_JAIFKC010000027.1	GCF_021312615.1



WP_227072738.1#19|_Clostridium__symbiosum	324	+	+	0	-4566	-4243	54244	54567	WP_003498153.1#19	NZ_JAJCRO010000030.1	GCF_020564265.1
WP_227072738.1#19|_Clostridium__symbiosum	1770	+	+	0	-4202	-2433	54608	56377	WP_003498151.1#19	NZ_JAJCRO010000030.1	GCF_020564265.1
WP_227072738.1#19|_Clostridium__symbiosum	1371	+	+	0	-2432	-1062	56378	57748	WP_003498149.1#19	NZ_JAJCRO010000030.1	GCF_020564265.1
WP_227072738.1#19|_Clostridium__symbiosum	675	+	+	0	-1043	-369	57767	58441	WP_003498147.1#19	NZ_JAJCRO010000030.1	GCF_020564265.1
WP_227072738.1#19|_Clostridium__symbiosum	10572	+	+	67	1	10572	58811	69382	WP_227072738.1#19	NZ_JAJCRO010000030.1	GCF_020564265.1
WP_227072738.1#19|_Clostridium__symbiosum	525	+	+	3	10585	11109	69395	69919	WP_009297837.1#19	NZ_JAJCRO010000030.1	GCF_020564265.1
WP_227072738.1#19|_Clostridium__symbiosum	1347	+	+	7	11281	12627	70091	71437	WP_227072739.1#19	NZ_JAJCRO010000030.1	GCF_020564265.1
WP_227072738.1#19|_Clostridium__symbiosum	372	+	+	0	12641	13012	71451	71822	WP_227072740.1#19	NZ_JAJCRO010000030.1	GCF_020564265.1
WP_227072738.1#19|_Clostridium__symbiosum	261	+	+	0	13339	13599	72149	72409	WP_147417548.1#19	NZ_JAJCRO010000030.1	GCF_020564265.1



WP_321388802.1#31|uncultured_Enterococcus_sp_	1086	+	+	0	-3021	-1936	69719	70804	WP_321388797.1#31	NZ_CAXXGP010000030.1	GCF_963663795.2
WP_321388802.1#31|uncultured_Enterococcus_sp_	675	+	+	6	-1918	-1244	70822	71496	WP_321388798.1#31	NZ_CAXXGP010000030.1	GCF_963663795.2
WP_321388802.1#31|uncultured_Enterococcus_sp_	279	+	+	0	-633	-355	72107	72385	WP_321388800.1#31	NZ_CAXXGP010000030.1	GCF_963663795.2
WP_321388802.1#31|uncultured_Enterococcus_sp_	366	+	+	0	-358	7	72382	72747	WP_321388801.1#31	NZ_CAXXGP010000030.1	GCF_963663795.2
WP_321388802.1#31|uncultured_Enterococcus_sp_	1563	+	+	67	1	1563	72741	74303	WP_321388802.1#31	NZ_CAXXGP010000030.1	GCF_963663795.2
WP_321388802.1#31|uncultured_Enterococcus_sp_	564	+	+	3	1566	2129	74306	74869	WP_321388803.1#31	NZ_CAXXGP010000030.1	GCF_963663795.2
WP_321388802.1#31|uncultured_Enterococcus_sp_	315	+	-	0	2436	2750	75176	75490	WP_321388804.1#31	NZ_CAXXGP010000030.1	GCF_963663795.2
WP_321388802.1#31|uncultured_Enterococcus_sp_	327	+	-	0	2777	3103	75517	75843	WP_321388805.1#31	NZ_CAXXGP010000030.1	GCF_963663795.2
WP_321388802.1#31|uncultured_Enterococcus_sp_	1110	+	+	0	3774	4883	76514	77623	WP_321388806.1#31	NZ_CAXXGP010000030.1	GCF_963663795.2



WP_037588044.1#78|Stenoxybacter_acetivorans_DSM_19021	1173	+	+	67	1	1173	1	1173	WP_037588044.1#78	NZ_JQKE01000122.1	GCF_000745895.1
WP_037588044.1#78|Stenoxybacter_acetivorans_DSM_19021	594	+	+	3	1187	1780	1187	1780	WP_037588046.1#78	NZ_JQKE01000122.1	GCF_000745895.1
WP_037588044.1#78|Stenoxybacter_acetivorans_DSM_19021	386	+	+	0	1973	2358	1973	2358	WP_037588048.1#78	NZ_JQKE01000122.1	GCF_000745895.1



WP_182983833.1#1|Sphingobacterium_sp__UME9	426	+	+	0	-7364	-6939	845504	845929	WP_182983829.1#1	NZ_LZZP01000013.1	GCF_014170215.1
WP_182983833.1#1|Sphingobacterium_sp__UME9	1182	+	+	69	-6663	-5482	846205	847386	pseudogene_1.1*#1	NZ_LZZP01000013.1	GCF_014170215.1
WP_182983833.1#1|Sphingobacterium_sp__UME9	1074	+	+	0	-5192	-4119	847676	848749	WP_182983831.1#1	NZ_LZZP01000013.1	GCF_014170215.1
WP_182983833.1#1|Sphingobacterium_sp__UME9	3882	+	+	0	-3916	-35	848952	852833	WP_182983832.1#1	NZ_LZZP01000013.1	GCF_014170215.1
WP_182983833.1#1|Sphingobacterium_sp__UME9	3471	+	+	67	1	3471	852869	856339	WP_182983833.1#1	NZ_LZZP01000013.1	GCF_014170215.1
WP_182983833.1#1|Sphingobacterium_sp__UME9	510	+	+	3	3476	3985	856344	856853	WP_182983834.1#1	NZ_LZZP01000013.1	GCF_014170215.1
WP_182983833.1#1|Sphingobacterium_sp__UME9	549	+	-	0	4159	4707	857027	857575	WP_182983835.1#1	NZ_LZZP01000013.1	GCF_014170215.1
WP_182983833.1#1|Sphingobacterium_sp__UME9	1782	+	+	0	4917	6698	857785	859566	WP_182983836.1#1	NZ_LZZP01000013.1	GCF_014170215.1
WP_182983833.1#1|Sphingobacterium_sp__UME9	531	+	+	0	6956	7486	859824	860354	WP_182983837.1#1	NZ_LZZP01000013.1	GCF_014170215.1



WP_277438113.1#69|Streptomyces_sp__SPB162	423	-	-	0	-6857	-6435	2501260	2501682	WP_277438117.1#69	NZ_JAQFII010000001.1	GCF_029504575.1
WP_277438113.1#69|Streptomyces_sp__SPB162	408	-	-	57	-6244	-5837	2500662	2501069	WP_277438116.1#69	NZ_JAQFII010000001.1	GCF_029504575.1
WP_277438113.1#69|Streptomyces_sp__SPB162	234	-	-	0	-5840	-5607	2500432	2500665	WP_277438115.1#69	NZ_JAQFII010000001.1	GCF_029504575.1
WP_277438113.1#69|Streptomyces_sp__SPB162	4467	-	-	0	-4831	-365	2495190	2499656	WP_277438114.1#69	NZ_JAQFII010000001.1	GCF_029504575.1
WP_277438113.1#69|Streptomyces_sp__SPB162	6819	-	+	67	1	6819	2488006	2494824	WP_277438113.1#69	NZ_JAQFII010000001.1	GCF_029504575.1
WP_277438113.1#69|Streptomyces_sp__SPB162	480	-	+	0	7622	8101	2486724	2487203	WP_277438112.1#69	NZ_JAQFII010000001.1	GCF_029504575.1
WP_277438113.1#69|Streptomyces_sp__SPB162	168	-	-	69	8922	9089	2485736	2485903	pseudogene_69.5*#69	NZ_JAQFII010000001.1	GCF_029504575.1
WP_277438113.1#69|Streptomyces_sp__SPB162	168	-	-	69	8922	9089	2485736	2485903	pseudogene_69.5*#69	NZ_JAQFII010000001.1	GCF_029504575.1
WP_277438113.1#69|Streptomyces_sp__SPB162	408	-	-	57	9301	9708	2485117	2485524	WP_277438111.1#69	NZ_JAQFII010000001.1	GCF_029504575.1



WP_204024277.1#64|Sinosporangium_siamense	519	-	+	0	-3075	-2557	198429	198947	WP_204024285.1#64	NZ_BOOW01000012.1	GCF_016863435.1
WP_204024277.1#64|Sinosporangium_siamense	405	-	+	0	-2534	-2130	198002	198406	WP_204024283.1#64	NZ_BOOW01000012.1	GCF_016863435.1
WP_204024277.1#64|Sinosporangium_siamense	831	-	+	0	-1632	-802	196674	197504	WP_204024281.1#64	NZ_BOOW01000012.1	GCF_016863435.1
WP_204024277.1#64|Sinosporangium_siamense	729	-	+	0	-724	4	195868	196596	WP_204024279.1#64	NZ_BOOW01000012.1	GCF_016863435.1
WP_204024277.1#64|Sinosporangium_siamense	3393	-	+	67	1	3393	192479	195871	WP_204024277.1#64	NZ_BOOW01000012.1	GCF_016863435.1
WP_204024277.1#64|Sinosporangium_siamense	462	-	+	0	3558	4019	191853	192314	WP_204024275.1#64	NZ_BOOW01000012.1	GCF_016863435.1
WP_204024277.1#64|Sinosporangium_siamense	408	-	+	0	4189	4596	191276	191683	WP_204024273.1#64	NZ_BOOW01000012.1	GCF_016863435.1
WP_204024277.1#64|Sinosporangium_siamense	252	-	+	0	5076	5327	190545	190796	WP_204024271.1#64	NZ_BOOW01000012.1	GCF_016863435.1
WP_204024277.1#64|Sinosporangium_siamense	429	-	+	0	5317	5745	190127	190555	WP_204024270.1#64	NZ_BOOW01000012.1	GCF_016863435.1



WP_253490347.1#98|Gluconobacter_kondonii	681	+	-	0	-3945	-3265	16120	16800	WP_253490341.1#98	NZ_JAMZAJ010000015.1	GCF_024158525.1
WP_253490347.1#98|Gluconobacter_kondonii	1869	+	-	0	-3076	-1208	16989	18857	WP_253490343.1#98	NZ_JAMZAJ010000015.1	GCF_024158525.1
WP_253490347.1#98|Gluconobacter_kondonii	255	+	+	0	-986	-732	19079	19333	WP_077804240.1#98	NZ_JAMZAJ010000015.1	GCF_024158525.1
WP_253490347.1#98|Gluconobacter_kondonii	414	+	+	0	-735	-322	19330	19743	WP_253490345.1#98	NZ_JAMZAJ010000015.1	GCF_024158525.1
WP_253490347.1#98|Gluconobacter_kondonii	363	+	+	67	1	363	20066	20428	WP_253490347.1#98	NZ_JAMZAJ010000015.1	GCF_024158525.1
WP_253490347.1#98|Gluconobacter_kondonii	1467	+	+	3	360	1826	20425	21891	WP_253490349.1#98	NZ_JAMZAJ010000015.1	GCF_024158525.1
WP_253490347.1#98|Gluconobacter_kondonii	5109	+	-	0	2081	7189	22146	27254	WP_253490350.1#98	NZ_JAMZAJ010000015.1	GCF_024158525.1
WP_253490347.1#98|Gluconobacter_kondonii	261	+	-	0	7304	7564	27369	27629	WP_194258250.1#98	NZ_JAMZAJ010000015.1	GCF_024158525.1
WP_253490347.1#98|Gluconobacter_kondonii	687	+	+	0	7822	8508	27887	28573	WP_253490352.1#98	NZ_JAMZAJ010000015.1	GCF_024158525.1



WP_263582088.1#9|Halomonas_sp__LR3S48	438	+	-	0	-11482	-11045	241340	241777	WP_263582084.1#9	NZ_CP107009.1	GCF_025725665.1
WP_263582088.1#9|Halomonas_sp__LR3S48	1764	+	+	8	-10618	-8855	242204	243967	WP_263582085.1#9	NZ_CP107009.1	GCF_025725665.1
WP_263582088.1#9|Halomonas_sp__LR3S48	8124	+	+	21	-8821	-698	244001	252124	WP_263582086.1#9	NZ_CP107009.1	GCF_025725665.1
WP_263582088.1#9|Halomonas_sp__LR3S48	498	+	+	55	-701	-204	252121	252618	WP_263582087.1#9	NZ_CP107009.1	GCF_025725665.1
WP_263582088.1#9|Halomonas_sp__LR3S48	1782	+	+	67	1	1782	252823	254604	WP_263582088.1#9	NZ_CP107009.1	GCF_025725665.1
WP_263582088.1#9|Halomonas_sp__LR3S48	369	+	+	0	1782	2150	254604	254972	WP_263582089.1#9	NZ_CP107009.1	GCF_025725665.1
WP_263582088.1#9|Halomonas_sp__LR3S48	198	+	+	0	2338	2535	255160	255357	WP_263583899.1#9	NZ_CP107009.1	GCF_025725665.1
WP_263582088.1#9|Halomonas_sp__LR3S48	414	+	+	0	2574	2987	255396	255809	WP_263582090.1#9	NZ_CP107009.1	GCF_025725665.1
WP_263582088.1#9|Halomonas_sp__LR3S48	1509	+	-	0	3067	4575	255889	257397	WP_263582091.1#9	NZ_CP107009.1	GCF_025725665.1



WP_316032313.1#100|Saccharothrix_longispora	816	-	+	0	-4220	-3405	32031	32846	WP_411970270.1#100	NZ_JAWDJP010000001.1	GCF_032465555.1
WP_316032313.1#100|Saccharothrix_longispora	2121	-	+	0	-3312	-1192	29818	31938	WP_316032316.1#100	NZ_JAWDJP010000001.1	GCF_032465555.1
WP_316032313.1#100|Saccharothrix_longispora	375	-	-	0	-1183	-809	29435	29809	WP_316032315.1#100	NZ_JAWDJP010000001.1	GCF_032465555.1
WP_316032313.1#100|Saccharothrix_longispora	447	-	+	0	-737	-291	28917	29363	WP_316032314.1#100	NZ_JAWDJP010000001.1	GCF_032465555.1
WP_316032313.1#100|Saccharothrix_longispora	336	-	+	67	1	336	28290	28625	WP_316032313.1#100	NZ_JAWDJP010000001.1	GCF_032465555.1
WP_316032313.1#100|Saccharothrix_longispora	1581	-	+	3	333	1913	26713	28293	WP_316032312.1#100	NZ_JAWDJP010000001.1	GCF_032465555.1
WP_316032313.1#100|Saccharothrix_longispora	870	-	-	27	2341	3210	25416	26285	WP_316032311.1#100	NZ_JAWDJP010000001.1	GCF_032465555.1
WP_316032313.1#100|Saccharothrix_longispora	273	-	+	0	3401	3673	24953	25225	WP_316032310.1#100	NZ_JAWDJP010000001.1	GCF_032465555.1
WP_316032313.1#100|Saccharothrix_longispora	900	-	+	0	4039	4938	23688	24587	WP_316032309.1#100	NZ_JAWDJP010000001.1	GCF_032465555.1



WP_176630104.1#138|Desulfolutivibrio_sulfoxidireducens	411	-	-	0	-3709	-3299	816478	816888	WP_176630108.1#138	NZ_CP045506.1	GCF_013376495.1
WP_176630104.1#138|Desulfolutivibrio_sulfoxidireducens	1122	-	-	0	-3234	-2113	815292	816413	WP_176630107.1#138	NZ_CP045506.1	GCF_013376495.1
WP_176630104.1#138|Desulfolutivibrio_sulfoxidireducens	588	-	+	0	-1941	-1354	814533	815120	WP_176630106.1#138	NZ_CP045506.1	GCF_013376495.1
WP_176630104.1#138|Desulfolutivibrio_sulfoxidireducens	774	-	+	0	-1357	-584	813763	814536	WP_176630105.1#138	NZ_CP045506.1	GCF_013376495.1
WP_176630104.1#138|Desulfolutivibrio_sulfoxidireducens	333	-	+	67	1	333	812846	813178	WP_176630104.1#138	NZ_CP045506.1	GCF_013376495.1
WP_176630104.1#138|Desulfolutivibrio_sulfoxidireducens	1473	-	+	3	333	1805	811374	812846	WP_176630103.1#138	NZ_CP045506.1	GCF_013376495.1
WP_176630104.1#138|Desulfolutivibrio_sulfoxidireducens	393	-	-	0	1850	2242	810937	811329	WP_218109112.1#138	NZ_CP045506.1	GCF_013376495.1
WP_176630104.1#138|Desulfolutivibrio_sulfoxidireducens	1290	-	+	20	2733	4022	809157	810446	WP_176630102.1#138	NZ_CP045506.1	GCF_013376495.1
WP_176630104.1#138|Desulfolutivibrio_sulfoxidireducens	1305	-	+	0	4490	5794	807385	808689	WP_256128321.1#138	NZ_CP045506.1	GCF_013376495.1



WP_188908168.1#18|Salinarimonas_ramus	627	-	-	0	-6398	-5772	9132	9758	WP_188908176.1#18	NZ_BMMF01000001.1	GCF_014645695.1
WP_188908168.1#18|Salinarimonas_ramus	2214	-	-	0	-5691	-3478	6838	9051	WP_188908174.1#18	NZ_BMMF01000001.1	GCF_014645695.1
WP_188908168.1#18|Salinarimonas_ramus	489	-	+	0	-3184	-2696	6056	6544	WP_188908172.1#18	NZ_BMMF01000001.1	GCF_014645695.1
WP_188908168.1#18|Salinarimonas_ramus	2412	-	+	0	-2583	-172	3532	5943	WP_188908170.1#18	NZ_BMMF01000001.1	GCF_014645695.1
WP_188908168.1#18|Salinarimonas_ramus	429	-	+	67	1	429	2931	3359	WP_188908168.1#18	NZ_BMMF01000001.1	GCF_014645695.1
WP_188908168.1#18|Salinarimonas_ramus	567	-	+	3	566	1132	2228	2794	WP_188908166.1#18	NZ_BMMF01000001.1	GCF_014645695.1
WP_188908168.1#18|Salinarimonas_ramus	1131	-	-	0	1129	2259	1101	2231	WP_188908164.1#18	NZ_BMMF01000001.1	GCF_014645695.1
WP_188908168.1#18|Salinarimonas_ramus	942	-	-	0	2323	3264	96	1037	WP_188908162.1#18	NZ_BMMF01000001.1	GCF_014645695.1



WP_254290487.1#25|Sphingomonas_liriopis	77	+	-	68	-3164	-3088	7478	7554	tRNA_25.9*#25	NZ_JAMLDY010000029.1	GCF_024211255.1
WP_254290487.1#25|Sphingomonas_liriopis	579	+	+	0	-2953	-2375	7689	8267	WP_254290484.1#25	NZ_JAMLDY010000029.1	GCF_024211255.1
WP_254290487.1#25|Sphingomonas_liriopis	525	+	+	0	-2378	-1854	8264	8788	WP_254290485.1#25	NZ_JAMLDY010000029.1	GCF_024211255.1
WP_254290487.1#25|Sphingomonas_liriopis	1821	+	+	0	-1819	1	8823	10643	WP_254290486.1#25	NZ_JAMLDY010000029.1	GCF_024211255.1
WP_254290487.1#25|Sphingomonas_liriopis	417	+	+	67	1	417	10643	11059	WP_254290487.1#25	NZ_JAMLDY010000029.1	GCF_024211255.1
WP_254290487.1#25|Sphingomonas_liriopis	1515	+	+	3	428	1942	11070	12584	WP_254290488.1#25	NZ_JAMLDY010000029.1	GCF_024211255.1
WP_254290487.1#25|Sphingomonas_liriopis	462	+	-	0	1965	2426	12607	13068	WP_254290489.1#25	NZ_JAMLDY010000029.1	GCF_024211255.1
WP_254290487.1#25|Sphingomonas_liriopis	1740	+	-	20	2430	4169	13072	14811	WP_254290490.1#25	NZ_JAMLDY010000029.1	GCF_024211255.1
WP_254290487.1#25|Sphingomonas_liriopis	150	+	+	0	4331	4480	14973	15122	WP_254290491.1#25	NZ_JAMLDY010000029.1	GCF_024211255.1



WP_147933187.1#84|Massilia_arenae	801	+	-	0	-5681	-4881	288283	289083	WP_147933183.1#84	NZ_VPFD01000001.1	GCF_008014745.1
WP_147933187.1#84|Massilia_arenae	1206	+	-	14	-4860	-3655	289104	290309	WP_147933184.1#84	NZ_VPFD01000001.1	GCF_008014745.1
WP_147933187.1#84|Massilia_arenae	897	+	+	9	-3533	-2637	290431	291327	WP_147933185.1#84	NZ_VPFD01000001.1	GCF_008014745.1
WP_147933187.1#84|Massilia_arenae	2496	+	-	52	-2634	-139	291330	293825	WP_147933186.1#84	NZ_VPFD01000001.1	GCF_008014745.1
WP_147933187.1#84|Massilia_arenae	711	+	+	67	1	711	293965	294675	WP_147933187.1#84	NZ_VPFD01000001.1	GCF_008014745.1
WP_147933187.1#84|Massilia_arenae	285	+	+	3	708	992	294672	294956	WP_147933188.1#84	NZ_VPFD01000001.1	GCF_008014745.1
WP_147933187.1#84|Massilia_arenae	973	+	+	18	1016	1988	294980	295952	WP_147933189.1#84	NZ_VPFD01000001.1	GCF_008014745.1



WP_183995084.1#62|Sphingomonas_kyeonggiensis	750	+	-	0	-2485	-1736	1006954	1007703	WP_183995078.1#62	NZ_JACIEH010000001.1	GCF_014196745.1
WP_183995084.1#62|Sphingomonas_kyeonggiensis	414	+	-	0	-1730	-1317	1007709	1008122	WP_183995080.1#62	NZ_JACIEH010000001.1	GCF_014196745.1
WP_183995084.1#62|Sphingomonas_kyeonggiensis	360	+	+	59	-1153	-794	1008286	1008645	WP_281396555.1#62	NZ_JACIEH010000001.1	GCF_014196745.1
WP_183995084.1#62|Sphingomonas_kyeonggiensis	276	+	-	0	-679	-404	1008760	1009035	WP_183995082.1#62	NZ_JACIEH010000001.1	GCF_014196745.1
WP_183995084.1#62|Sphingomonas_kyeonggiensis	423	+	+	67	1	423	1009440	1009862	WP_183995084.1#62	NZ_JACIEH010000001.1	GCF_014196745.1
WP_183995084.1#62|Sphingomonas_kyeonggiensis	1497	+	+	3	420	1916	1009859	1011355	WP_183995086.1#62	NZ_JACIEH010000001.1	GCF_014196745.1
WP_183995084.1#62|Sphingomonas_kyeonggiensis	606	+	+	0	1917	2522	1011356	1011961	WP_183995088.1#62	NZ_JACIEH010000001.1	GCF_014196745.1
WP_183995084.1#62|Sphingomonas_kyeonggiensis	216	+	+	0	3008	3223	1012447	1012662	WP_183995090.1#62	NZ_JACIEH010000001.1	GCF_014196745.1
WP_183995084.1#62|Sphingomonas_kyeonggiensis	426	+	-	0	3566	3991	1013005	1013430	WP_343058092.1#62	NZ_JACIEH010000001.1	GCF_014196745.1



WP_148077327.1#85|Comamonas_sp__BIGb0124	1260	+	+	0	-3306	-2047	143356	144615	WP_123299337.1#85	NZ_RJVF01000013.1	GCF_003752175.1
WP_148077327.1#85|Comamonas_sp__BIGb0124	477	+	-	0	-1692	-1216	144970	145446	WP_148077325.1#85	NZ_RJVF01000013.1	GCF_003752175.1
WP_148077327.1#85|Comamonas_sp__BIGb0124	150	+	-	0	-1219	-1070	145443	145592	WP_158615715.1#85	NZ_RJVF01000013.1	GCF_003752175.1
WP_148077327.1#85|Comamonas_sp__BIGb0124	483	+	+	0	-513	-31	146149	146631	WP_148077326.1#85	NZ_RJVF01000013.1	GCF_003752175.1
WP_148077327.1#85|Comamonas_sp__BIGb0124	417	+	+	67	1	417	146663	147079	WP_148077327.1#85	NZ_RJVF01000013.1	GCF_003752175.1
WP_148077327.1#85|Comamonas_sp__BIGb0124	1500	+	+	3	414	1913	147076	148575	WP_123299340.1#85	NZ_RJVF01000013.1	GCF_003752175.1
WP_148077327.1#85|Comamonas_sp__BIGb0124	906	+	+	9	2113	3018	148775	149680	WP_123299341.1#85	NZ_RJVF01000013.1	GCF_003752175.1
WP_148077327.1#85|Comamonas_sp__BIGb0124	1203	+	+	14	3123	4325	149785	150987	WP_123299342.1#85	NZ_RJVF01000013.1	GCF_003752175.1
WP_148077327.1#85|Comamonas_sp__BIGb0124	903	+	+	0	4541	5443	151203	152105	WP_123299343.1#85	NZ_RJVF01000013.1	GCF_003752175.1



WP_143012456.1#87|Variovorax_sp__EL159	3546	+	-	0	-9189	-5644	609814	613359	WP_093238511.1#87	NZ_FMUJ01000002.1	GCF_900100965.1
WP_143012456.1#87|Variovorax_sp__EL159	888	+	+	9	-5352	-4465	613651	614538	WP_093238513.1#87	NZ_FMUJ01000002.1	GCF_900100965.1
WP_143012456.1#87|Variovorax_sp__EL159	2880	+	+	0	-4294	-1415	614709	617588	WP_143012455.1#87	NZ_FMUJ01000002.1	GCF_900100965.1
WP_143012456.1#87|Variovorax_sp__EL159	270	+	+	0	-650	-381	618353	618622	WP_093238516.1#87	NZ_FMUJ01000002.1	GCF_900100965.1
WP_143012456.1#87|Variovorax_sp__EL159	414	+	+	67	1	414	619004	619417	WP_143012456.1#87	NZ_FMUJ01000002.1	GCF_900100965.1
WP_143012456.1#87|Variovorax_sp__EL159	1497	+	+	3	411	1907	619414	620910	WP_093238517.1#87	NZ_FMUJ01000002.1	GCF_900100965.1
WP_143012456.1#87|Variovorax_sp__EL159	894	+	-	0	2350	3243	621353	622246	WP_093238519.1#87	NZ_FMUJ01000002.1	GCF_900100965.1
WP_143012456.1#87|Variovorax_sp__EL159	1461	+	-	42	3256	4716	622259	623719	WP_093238520.1#87	NZ_FMUJ01000002.1	GCF_900100965.1
WP_143012456.1#87|Variovorax_sp__EL159	1404	+	-	0	4770	6173	623773	625176	WP_093238522.1#87	NZ_FMUJ01000002.1	GCF_900100965.1



WP_190488480.1#3|Pseudanabaena_sp__FACHB_2040	2112	+	-	69	-6056	-3945	2032	4143	pseudogene_3.4*#3	NZ_JACJQO010000028.1	GCF_014696715.1
WP_190488480.1#3|Pseudanabaena_sp__FACHB_2040	1218	+	+	46	-3793	-2576	4295	5512	WP_190488476.1#3	NZ_JACJQO010000028.1	GCF_014696715.1
WP_190488480.1#3|Pseudanabaena_sp__FACHB_2040	1389	+	+	2	-2536	-1148	5552	6940	WP_206756548.1#3	NZ_JACJQO010000028.1	GCF_014696715.1
WP_190488480.1#3|Pseudanabaena_sp__FACHB_2040	1104	+	+	1	-1141	-38	6947	8050	WP_190488478.1#3	NZ_JACJQO010000028.1	GCF_014696715.1
WP_190488480.1#3|Pseudanabaena_sp__FACHB_2040	768	+	+	67	1	768	8089	8856	WP_190488480.1#3	NZ_JACJQO010000028.1	GCF_014696715.1
WP_190488480.1#3|Pseudanabaena_sp__FACHB_2040	375	+	-	0	775	1149	8863	9237	WP_190488482.1#3	NZ_JACJQO010000028.1	GCF_014696715.1
WP_190488480.1#3|Pseudanabaena_sp__FACHB_2040	1965	+	-	0	1155	3119	9243	11207	WP_190488485.1#3	NZ_JACJQO010000028.1	GCF_014696715.1
WP_190488480.1#3|Pseudanabaena_sp__FACHB_2040	1623	+	-	46	3124	4746	11212	12834	WP_190488487.1#3	NZ_JACJQO010000028.1	GCF_014696715.1
WP_190488480.1#3|Pseudanabaena_sp__FACHB_2040	378	+	-	0	4798	5175	12886	13263	WP_190488489.1#3	NZ_JACJQO010000028.1	GCF_014696715.1



WP_027403794.1#129|Aphanizomenon_flos_aquae_NIES_81	1194	+	-	0	-6845	-5652	1550134	1551327	WP_027403790.1#129	NZ_KI928193.1	GCF_000521175.1
WP_027403794.1#129|Aphanizomenon_flos_aquae_NIES_81	2910	+	-	6	-5548	-2639	1551431	1554340	WP_027403791.1#129	NZ_KI928193.1	GCF_000521175.1
WP_027403794.1#129|Aphanizomenon_flos_aquae_NIES_81	1140	+	+	2	-2235	-1096	1554744	1555883	WP_027403792.1#129	NZ_KI928193.1	GCF_000521175.1
WP_027403794.1#129|Aphanizomenon_flos_aquae_NIES_81	1098	+	+	1	-1099	-2	1555880	1556977	WP_027403793.1#129	NZ_KI928193.1	GCF_000521175.1
WP_027403794.1#129|Aphanizomenon_flos_aquae_NIES_81	861	+	+	67	1	861	1556980	1557840	WP_027403794.1#129	NZ_KI928193.1	GCF_000521175.1
WP_027403794.1#129|Aphanizomenon_flos_aquae_NIES_81	897	+	-	35	870	1766	1557849	1558745	WP_027403795.1#129	NZ_KI928193.1	GCF_000521175.1
WP_027403794.1#129|Aphanizomenon_flos_aquae_NIES_81	1359	+	-	0	2280	3638	1559259	1560617	WP_027403796.1#129	NZ_KI928193.1	GCF_000521175.1
WP_027403794.1#129|Aphanizomenon_flos_aquae_NIES_81	2520	+	-	0	4629	7148	1561608	1564127	WP_027403797.1#129	NZ_KI928193.1	GCF_000521175.1
WP_027403794.1#129|Aphanizomenon_flos_aquae_NIES_81	399	+	+	0	7367	7765	1564346	1564744	WP_027403798.1#129	NZ_KI928193.1	GCF_000521175.1



WP_012596217.1#106|Rippkaea_orientalis_PCC_8801	489	+	+	0	-3394	-2906	3049150	3049638	WP_049769534.1#106	NC_011726.1	GCF_000021805.1
WP_012596217.1#106|Rippkaea_orientalis_PCC_8801	552	+	+	0	-2899	-2348	3049645	3050196	WP_012596214.1#106	NC_011726.1	GCF_000021805.1
WP_012596217.1#106|Rippkaea_orientalis_PCC_8801	1140	+	+	2	-2272	-1133	3050272	3051411	WP_012596215.1#106	NC_011726.1	GCF_000021805.1
WP_012596217.1#106|Rippkaea_orientalis_PCC_8801	1137	+	+	1	-1136	0	3051408	3052544	WP_012596216.1#106	NC_011726.1	GCF_000021805.1
WP_012596217.1#106|Rippkaea_orientalis_PCC_8801	783	+	+	67	1	783	3052545	3053327	WP_012596217.1#106	NC_011726.1	GCF_000021805.1
WP_012596217.1#106|Rippkaea_orientalis_PCC_8801	561	+	+	0	1053	1613	3053597	3054157	WP_241392558.1#106	NC_011726.1	GCF_000021805.1
WP_012596217.1#106|Rippkaea_orientalis_PCC_8801	1110	+	+	0	1654	2763	3054198	3055307	WP_241392559.1#106	NC_011726.1	GCF_000021805.1
WP_012596217.1#106|Rippkaea_orientalis_PCC_8801	636	+	+	0	2773	3408	3055317	3055952	WP_012596218.1#106	NC_011726.1	GCF_000021805.1
WP_012596217.1#106|Rippkaea_orientalis_PCC_8801	684	+	-	0	3520	4203	3056064	3056747	WP_012596219.1#106	NC_011726.1	GCF_000021805.1



WP_228036105.1#5|Microcystis_sp__LEGE_00066	1044	-	-	69	-3962	-2919	13955	14998	pseudogene_5.8*#5	NZ_JADEVX010000023.1	GCF_015207925.1
WP_228036105.1#5|Microcystis_sp__LEGE_00066	138	-	-	69	-2658	-2521	13557	13694	pseudogene_5.7*#5	NZ_JADEVX010000023.1	GCF_015207925.1
WP_228036105.1#5|Microcystis_sp__LEGE_00066	1167	-	+	2	-2264	-1098	12134	13300	WP_194032664.1#5	NZ_JADEVX010000023.1	GCF_015207925.1
WP_228036105.1#5|Microcystis_sp__LEGE_00066	1104	-	+	1	-1104	-1	11037	12140	WP_110580006.1#5	NZ_JADEVX010000023.1	GCF_015207925.1
WP_228036105.1#5|Microcystis_sp__LEGE_00066	678	-	+	67	1	678	10358	11035	WP_228036105.1#5	NZ_JADEVX010000023.1	GCF_015207925.1
WP_228036105.1#5|Microcystis_sp__LEGE_00066	1218	-	-	0	1184	2401	8635	9852	WP_002735532.1#5	NZ_JADEVX010000023.1	GCF_015207925.1
WP_228036105.1#5|Microcystis_sp__LEGE_00066	1095	-	-	0	2626	3720	7316	8410	WP_002744485.1#5	NZ_JADEVX010000023.1	GCF_015207925.1
WP_228036105.1#5|Microcystis_sp__LEGE_00066	996	-	-	0	3888	4883	6153	7148	WP_002744484.1#5	NZ_JADEVX010000023.1	GCF_015207925.1
WP_228036105.1#5|Microcystis_sp__LEGE_00066	213	-	-	0	4963	5175	5861	6073	WP_194032663.1#5	NZ_JADEVX010000023.1	GCF_015207925.1



WP_271796773.1#67|Dolichospermum_planctonicum_CS_1226	627	+	+	23	-3460	-2834	28623	29249	WP_271796770.1#67	NZ_JAQMUC010000080.1	GCF_028330995.1
WP_271796773.1#67|Dolichospermum_planctonicum_CS_1226	213	+	+	17	-2688	-2476	29395	29607	WP_137908178.1#67	NZ_JAQMUC010000080.1	GCF_028330995.1
WP_271796773.1#67|Dolichospermum_planctonicum_CS_1226	1137	+	+	2	-2227	-1091	29856	30992	WP_271796771.1#67	NZ_JAQMUC010000080.1	GCF_028330995.1
WP_271796773.1#67|Dolichospermum_planctonicum_CS_1226	1098	+	+	1	-1097	0	30986	32083	WP_271796772.1#67	NZ_JAQMUC010000080.1	GCF_028330995.1
WP_271796773.1#67|Dolichospermum_planctonicum_CS_1226	786	+	+	67	1	786	32084	32869	WP_271796773.1#67	NZ_JAQMUC010000080.1	GCF_028330995.1
WP_271796773.1#67|Dolichospermum_planctonicum_CS_1226	1212	+	+	24	786	1997	32869	34080	WP_271796774.1#67	NZ_JAQMUC010000080.1	GCF_028330995.1
WP_271796773.1#67|Dolichospermum_planctonicum_CS_1226	423	+	-	0	2177	2599	34260	34682	WP_271796775.1#67	NZ_JAQMUC010000080.1	GCF_028330995.1
WP_271796773.1#67|Dolichospermum_planctonicum_CS_1226	261	+	-	0	2602	2862	34685	34945	WP_271796776.1#67	NZ_JAQMUC010000080.1	GCF_028330995.1
WP_271796773.1#67|Dolichospermum_planctonicum_CS_1226	1125	+	+	0	3070	4194	35153	36277	WP_271796777.1#67	NZ_JAQMUC010000080.1	GCF_028330995.1



WP_271775720.1#11|Aphanizomenon_sp__CS_733_32	627	+	+	23	-2749	-2123	16962	17588	WP_271775718.1#11	NZ_JAQMSE010000040.1	GCF_028330045.1
WP_271775720.1#11|Aphanizomenon_sp__CS_733_32	213	+	+	17	-1976	-1764	17735	17947	WP_015078552.1#11	NZ_JAQMSE010000040.1	GCF_028330045.1
WP_271775720.1#11|Aphanizomenon_sp__CS_733_32	1134	+	+	2	-1515	-382	18196	19329	WP_271775719.1#11	NZ_JAQMSE010000040.1	GCF_028330045.1
WP_271775720.1#11|Aphanizomenon_sp__CS_733_32	312	+	+	1	-388	-77	19323	19634	WP_334311894.1#11	NZ_JAQMSE010000040.1	GCF_028330045.1
WP_271775720.1#11|Aphanizomenon_sp__CS_733_32	282	+	+	67	1	282	19712	19993	WP_271775720.1#11	NZ_JAQMSE010000040.1	GCF_028330045.1
WP_271775720.1#11|Aphanizomenon_sp__CS_733_32	1209	+	+	24	282	1490	19993	21201	WP_271775721.1#11	NZ_JAQMSE010000040.1	GCF_028330045.1
WP_271775720.1#11|Aphanizomenon_sp__CS_733_32	444	+	+	0	2123	2566	21834	22277	WP_271775722.1#11	NZ_JAQMSE010000040.1	GCF_028330045.1
WP_271775720.1#11|Aphanizomenon_sp__CS_733_32	354	+	-	0	2550	2903	22261	22614	WP_193897400.1#11	NZ_JAQMSE010000040.1	GCF_028330045.1
WP_271775720.1#11|Aphanizomenon_sp__CS_733_32	765	+	-	0	2913	3677	22624	23388	WP_271775723.1#11	NZ_JAQMSE010000040.1	GCF_028330045.1



WP_096564991.1#108|Sphaerospermopsis_aphanizomenoides_LEGE_00250	627	-	+	23	-3486	-2860	5704	6330	WP_193944270.1#108	NZ_JADEWB010000244.1	GCF_015207835.1
WP_096564991.1#108|Sphaerospermopsis_aphanizomenoides_LEGE_00250	213	-	+	17	-2700	-2488	5332	5544	WP_096564997.1#108	NZ_JADEWB010000244.1	GCF_015207835.1
WP_096564991.1#108|Sphaerospermopsis_aphanizomenoides_LEGE_00250	1128	-	+	2	-2234	-1107	3951	5078	WP_190346456.1#108	NZ_JADEWB010000244.1	GCF_015207835.1
WP_096564991.1#108|Sphaerospermopsis_aphanizomenoides_LEGE_00250	1098	-	+	1	-1113	-16	2860	3957	WP_193944269.1#108	NZ_JADEWB010000244.1	GCF_015207835.1
WP_096564991.1#108|Sphaerospermopsis_aphanizomenoides_LEGE_00250	786	-	+	67	1	786	2058	2843	WP_096564991.1#108	NZ_JADEWB010000244.1	GCF_015207835.1
WP_096564991.1#108|Sphaerospermopsis_aphanizomenoides_LEGE_00250	1227	-	+	24	786	2012	832	2058	WP_193944268.1#108	NZ_JADEWB010000244.1	GCF_015207835.1
WP_096564991.1#108|Sphaerospermopsis_aphanizomenoides_LEGE_00250	390	-	+	68	2268	2657	187	576	tmRNA_108.8*#108	NZ_JADEWB010000244.1	GCF_015207835.1



WP_026798796.1#36|Planktothrix_agardhii_NIVA_CYA_56_3	257	-	+	69	-2702	-2446	374684	374940	pseudogene_36.5*#36	NZ_KE734726.1	GCF_000464825.1
WP_026798796.1#36|Planktothrix_agardhii_NIVA_CYA_56_3	168	-	+	37	-2362	-2195	374433	374600	WP_071782617.1#36	NZ_KE734726.1	GCF_000464825.1
WP_026798796.1#36|Planktothrix_agardhii_NIVA_CYA_56_3	1083	-	+	2	-2186	-1104	373342	374424	WP_043936740.1#36	NZ_KE734726.1	GCF_000464825.1
WP_026798796.1#36|Planktothrix_agardhii_NIVA_CYA_56_3	1116	-	+	1	-1107	8	372230	373345	WP_026785378.1#36	NZ_KE734726.1	GCF_000464825.1
WP_026798796.1#36|Planktothrix_agardhii_NIVA_CYA_56_3	798	-	+	67	1	798	371440	372237	WP_026798796.1#36	NZ_KE734726.1	GCF_000464825.1
WP_026798796.1#36|Planktothrix_agardhii_NIVA_CYA_56_3	576	-	-	38	901	1476	370762	371337	WP_027250177.1#36	NZ_KE734726.1	GCF_000464825.1
WP_026798796.1#36|Planktothrix_agardhii_NIVA_CYA_56_3	1440	-	+	39	1541	2980	369258	370697	WP_027250176.1#36	NZ_KE734726.1	GCF_000464825.1
WP_026798796.1#36|Planktothrix_agardhii_NIVA_CYA_56_3	2271	-	+	40	3119	5389	366849	369119	WP_027255357.1#36	NZ_KE734726.1	GCF_000464825.1
WP_026798796.1#36|Planktothrix_agardhii_NIVA_CYA_56_3	525	-	+	41	5566	6090	366148	366672	WP_026796376.1#36	NZ_KE734726.1	GCF_000464825.1



WP_156090489.1#89|Planktothrix_paucivesiculata_PCC_9631	216	+	+	37	-2637	-2422	109864	110079	WP_079680165.1#89	NZ_LR735009.1	GCF_900009265.2
WP_156090489.1#89|Planktothrix_paucivesiculata_PCC_9631	225	+	+	0	-2425	-2201	110076	110300	WP_083619083.1#89	NZ_LR735009.1	GCF_900009265.2
WP_156090489.1#89|Planktothrix_paucivesiculata_PCC_9631	1077	+	+	2	-2180	-1104	110321	111397	WP_083619086.1#89	NZ_LR735009.1	GCF_900009265.2
WP_156090489.1#89|Planktothrix_paucivesiculata_PCC_9631	1113	+	+	1	-1104	8	111397	112509	WP_083619088.1#89	NZ_LR735009.1	GCF_900009265.2
WP_156090489.1#89|Planktothrix_paucivesiculata_PCC_9631	780	+	+	67	1	780	112502	113281	WP_156090489.1#89	NZ_LR735009.1	GCF_900009265.2
WP_156090489.1#89|Planktothrix_paucivesiculata_PCC_9631	576	+	-	38	884	1459	113385	113960	WP_083619092.1#89	NZ_LR735009.1	GCF_900009265.2
WP_156090489.1#89|Planktothrix_paucivesiculata_PCC_9631	1440	+	+	39	1524	2963	114025	115464	WP_083619094.1#89	NZ_LR735009.1	GCF_900009265.2
WP_156090489.1#89|Planktothrix_paucivesiculata_PCC_9631	2271	+	+	40	3103	5373	115604	117874	WP_083619096.1#89	NZ_LR735009.1	GCF_900009265.2
WP_156090489.1#89|Planktothrix_paucivesiculata_PCC_9631	522	+	+	41	5475	5996	117976	118497	WP_083619098.1#89	NZ_LR735009.1	GCF_900009265.2



WP_013325286.1#44|Gloeothece_verrucosa_PCC_7822	399	+	+	32	-2452	-2054	5832080	5832478	WP_013325282.1#44	NC_014501.1	GCF_000147335.1
WP_013325286.1#44|Gloeothece_verrucosa_PCC_7822	366	+	+	32	-2037	-1672	5832495	5832860	WP_013325283.1#44	NC_014501.1	GCF_000147335.1
WP_013325286.1#44|Gloeothece_verrucosa_PCC_7822	1401	+	+	0	-1653	-253	5832879	5834279	WP_013325284.1#44	NC_014501.1	GCF_000147335.1
WP_013325286.1#44|Gloeothece_verrucosa_PCC_7822	159	+	+	0	-132	26	5834400	5834558	WP_013325285.1#44	NC_014501.1	GCF_000147335.1
WP_013325286.1#44|Gloeothece_verrucosa_PCC_7822	489	+	+	67	1	489	5834533	5835021	WP_013325286.1#44	NC_014501.1	GCF_000147335.1
WP_013325286.1#44|Gloeothece_verrucosa_PCC_7822	1104	+	+	0	590	1693	5835122	5836225	WP_013325287.1#44	NC_014501.1	GCF_000147335.1
WP_013325286.1#44|Gloeothece_verrucosa_PCC_7822	642	+	+	0	1751	2392	5836283	5836924	WP_013325288.1#44	NC_014501.1	GCF_000147335.1
WP_013325286.1#44|Gloeothece_verrucosa_PCC_7822	840	+	-	0	2397	3236	5836929	5837768	WP_013325289.1#44	NC_014501.1	GCF_000147335.1
WP_013325286.1#44|Gloeothece_verrucosa_PCC_7822	1356	+	-	0	3425	4780	5837957	5839312	WP_013325290.1#44	NC_014501.1	GCF_000147335.1



WP_129630825.1#133|Candidatus_Oscillochloris_fontis	3318	+	+	0	-9520	-6203	9202	12519	WP_129630817.1#133	NZ_RYFD01000029.1	GCF_004138135.1
WP_129630825.1#133|Candidatus_Oscillochloris_fontis	3669	+	+	0	-6206	-2538	12516	16184	WP_129630819.1#133	NZ_RYFD01000029.1	GCF_004138135.1
WP_129630825.1#133|Candidatus_Oscillochloris_fontis	1425	+	+	2	-2541	-1117	16181	17605	WP_129630821.1#133	NZ_RYFD01000029.1	GCF_004138135.1
WP_129630825.1#133|Candidatus_Oscillochloris_fontis	1122	+	+	1	-1120	1	17602	18723	WP_129630823.1#133	NZ_RYFD01000029.1	GCF_004138135.1
WP_129630825.1#133|Candidatus_Oscillochloris_fontis	828	+	+	67	1	828	18723	19550	WP_129630825.1#133	NZ_RYFD01000029.1	GCF_004138135.1
WP_129630825.1#133|Candidatus_Oscillochloris_fontis	1251	+	+	0	828	2078	19550	20800	WP_129630827.1#133	NZ_RYFD01000029.1	GCF_004138135.1
WP_129630825.1#133|Candidatus_Oscillochloris_fontis	558	+	+	0	2068	2625	20790	21347	WP_129630829.1#133	NZ_RYFD01000029.1	GCF_004138135.1
WP_129630825.1#133|Candidatus_Oscillochloris_fontis	2760	+	+	0	2618	5377	21340	24099	WP_129630831.1#133	NZ_RYFD01000029.1	GCF_004138135.1
WP_129630825.1#133|Candidatus_Oscillochloris_fontis	822	+	+	0	5343	6164	24065	24886	WP_129630833.1#133	NZ_RYFD01000029.1	GCF_004138135.1



WP_277862664.1#12|Paludisphaera_mucosa	1245	+	+	0	-3127	-1883	3101597	3102841	WP_277862660.1#12	NZ_JARRAG010000002.1	GCF_029589435.1
WP_277862664.1#12|Paludisphaera_mucosa	483	+	-	0	-1874	-1392	3102850	3103332	WP_277862661.1#12	NZ_JARRAG010000002.1	GCF_029589435.1
WP_277862664.1#12|Paludisphaera_mucosa	273	+	+	0	-1217	-945	3103507	3103779	WP_277862662.1#12	NZ_JARRAG010000002.1	GCF_029589435.1
WP_277862664.1#12|Paludisphaera_mucosa	678	+	+	0	-832	-155	3103892	3104569	WP_277862663.1#12	NZ_JARRAG010000002.1	GCF_029589435.1
WP_277862664.1#12|Paludisphaera_mucosa	219	+	+	67	1	219	3104725	3104943	WP_277862664.1#12	NZ_JARRAG010000002.1	GCF_029589435.1
WP_277862664.1#12|Paludisphaera_mucosa	1569	+	-	0	253	1821	3104977	3106545	WP_277862665.1#12	NZ_JARRAG010000002.1	GCF_029589435.1
WP_277862664.1#12|Paludisphaera_mucosa	804	+	-	0	1956	2759	3106680	3107483	WP_277862666.1#12	NZ_JARRAG010000002.1	GCF_029589435.1
WP_277862664.1#12|Paludisphaera_mucosa	765	+	+	0	2905	3669	3107629	3108393	WP_277862667.1#12	NZ_JARRAG010000002.1	GCF_029589435.1
WP_277862664.1#12|Paludisphaera_mucosa	414	+	-	0	3691	4104	3108415	3108828	WP_277862668.1#12	NZ_JARRAG010000002.1	GCF_029589435.1



WP_249101378.1#7|Argonema_galeatum_A003_A1	630	-	+	0	-6364	-5735	73959	74588	WP_249101389.1#7	NZ_JAIQZM010000018.1	GCF_023333595.1
WP_249101378.1#7|Argonema_galeatum_A003_A1	2664	-	+	0	-5201	-2538	70762	73425	WP_249101386.1#7	NZ_JAIQZM010000018.1	GCF_023333595.1
WP_249101378.1#7|Argonema_galeatum_A003_A1	1143	-	+	2	-2233	-1091	69315	70457	WP_249101384.1#7	NZ_JAIQZM010000018.1	GCF_023333595.1
WP_249101378.1#7|Argonema_galeatum_A003_A1	1095	-	+	1	-1094	0	68224	69318	WP_249101381.1#7	NZ_JAIQZM010000018.1	GCF_023333595.1
WP_249101378.1#7|Argonema_galeatum_A003_A1	756	-	+	67	1	756	67468	68223	WP_249101378.1#7	NZ_JAIQZM010000018.1	GCF_023333595.1
WP_249101378.1#7|Argonema_galeatum_A003_A1	969	-	+	0	861	1829	66395	67363	WP_249101377.1#7	NZ_JAIQZM010000018.1	GCF_023333595.1
WP_249101378.1#7|Argonema_galeatum_A003_A1	1587	-	+	0	2004	3590	64634	66220	WP_249101374.1#7	NZ_JAIQZM010000018.1	GCF_023333595.1
WP_249101378.1#7|Argonema_galeatum_A003_A1	1302	-	+	0	3595	4896	63328	64629	WP_249101371.1#7	NZ_JAIQZM010000018.1	GCF_023333595.1
WP_249101378.1#7|Argonema_galeatum_A003_A1	87	-	+	0	5046	5132	63092	63178	WP_476726988.1#7	NZ_JAIQZM010000018.1	GCF_023333595.1



WP_013192891.1#128|_Nostoc_azollae__0708	1008	-	+	0	-3973	-2966	4774150	4775157	WP_013192894.1#128	NC_014248.1	GCF_000196515.1
WP_013192891.1#128|_Nostoc_azollae__0708	915	-	+	0	-2901	-1987	4773171	4774085	WP_013192893.1#128	NC_014248.1	GCF_000196515.1
WP_013192891.1#128|_Nostoc_azollae__0708	726	-	+	69	-1890	-1165	4772349	4773074	pseudogene_128.6*#128	NC_014248.1	GCF_000196515.1
WP_013192891.1#128|_Nostoc_azollae__0708	684	-	+	1	-695	-12	4771196	4771879	WP_013192892.1#128	NC_014248.1	GCF_000196515.1
WP_013192891.1#128|_Nostoc_azollae__0708	552	-	+	67	1	552	4770632	4771183	WP_013192891.1#128	NC_014248.1	GCF_000196515.1
WP_013192891.1#128|_Nostoc_azollae__0708	339	-	-	0	961	1299	4769885	4770223	WP_013192890.1#128	NC_014248.1	GCF_000196515.1
WP_013192891.1#128|_Nostoc_azollae__0708	306	-	+	0	1919	2224	4768960	4769265	WP_013192889.1#128	NC_014248.1	GCF_000196515.1
WP_013192891.1#128|_Nostoc_azollae__0708	195	-	+	0	2340	2534	4768650	4768844	WP_013192888.1#128	NC_014248.1	GCF_000196515.1
WP_013192891.1#128|_Nostoc_azollae__0708	888	-	-	0	2730	3617	4767567	4768454	WP_013192887.1#128	NC_014248.1	GCF_000196515.1



WP_199247666.1#91|_Phormidium__sp__ETS_05	849	-	+	0	-4153	-3305	6141487	6142335	WP_199247670.1#91	NZ_CP051168.1	GCF_016446395.1
WP_199247666.1#91|_Phormidium__sp__ETS_05	612	-	-	0	-3196	-2585	6140767	6141378	WP_199247669.1#91	NZ_CP051168.1	GCF_016446395.1
WP_199247666.1#91|_Phormidium__sp__ETS_05	765	-	+	0	-2129	-1365	6139547	6140311	WP_199247668.1#91	NZ_CP051168.1	GCF_016446395.1
WP_199247666.1#91|_Phormidium__sp__ETS_05	1092	-	+	1	-1091	0	6138182	6139273	WP_199247667.1#91	NZ_CP051168.1	GCF_016446395.1
WP_199247666.1#91|_Phormidium__sp__ETS_05	753	-	+	67	1	753	6137429	6138181	WP_199247666.1#91	NZ_CP051168.1	GCF_016446395.1
WP_199247666.1#91|_Phormidium__sp__ETS_05	1821	-	-	0	805	2625	6135557	6137377	WP_199247665.1#91	NZ_CP051168.1	GCF_016446395.1
WP_199247666.1#91|_Phormidium__sp__ETS_05	204	-	-	0	3084	3287	6134895	6135098	WP_199247664.1#91	NZ_CP051168.1	GCF_016446395.1
WP_199247666.1#91|_Phormidium__sp__ETS_05	417	-	+	0	3275	3691	6134491	6134907	WP_199247663.1#91	NZ_CP051168.1	GCF_016446395.1
WP_199247666.1#91|_Phormidium__sp__ETS_05	753	-	-	0	3883	4635	6133547	6134299	WP_199247662.1#91	NZ_CP051168.1	GCF_016446395.1



WP_120471428.1#110|Parablautia_intestinalis	1563	+	+	27	-5331	-3769	40232	41794	WP_277934833.1#110	NZ_RAYQ01000019.1	GCF_003612395.1
WP_120471428.1#110|Parablautia_intestinalis	1122	+	+	0	-3749	-2628	41814	42935	WP_120471425.1#110	NZ_RAYQ01000019.1	GCF_003612395.1
WP_120471428.1#110|Parablautia_intestinalis	1263	+	+	2	-2361	-1099	43202	44464	WP_120471426.1#110	NZ_RAYQ01000019.1	GCF_003612395.1
WP_120471428.1#110|Parablautia_intestinalis	1092	+	+	1	-1127	-36	44436	45527	WP_120471427.1#110	NZ_RAYQ01000019.1	GCF_003612395.1
WP_120471428.1#110|Parablautia_intestinalis	750	+	+	67	1	750	45564	46313	WP_120471428.1#110	NZ_RAYQ01000019.1	GCF_003612395.1
WP_120471428.1#110|Parablautia_intestinalis	1350	+	+	0	861	2210	46424	47773	WP_120471477.1#110	NZ_RAYQ01000019.1	GCF_003612395.1
WP_120471428.1#110|Parablautia_intestinalis	591	+	+	0	2424	3014	47987	48577	WP_277934834.1#110	NZ_RAYQ01000019.1	GCF_003612395.1
WP_120471428.1#110|Parablautia_intestinalis	780	+	+	0	3065	3844	48628	49407	WP_120471429.1#110	NZ_RAYQ01000019.1	GCF_003612395.1
WP_120471428.1#110|Parablautia_intestinalis	906	+	+	13	3844	4749	49407	50312	WP_120471430.1#110	NZ_RAYQ01000019.1	GCF_003612395.1



WP_068681733.1#39|Paenibacillus_oryzae	606	+	-	65	-6171	-5566	61926	62531	WP_068681724.1#39	NZ_LYPA01000046.1	GCF_001675045.1
WP_068681733.1#39|Paenibacillus_oryzae	1848	+	+	1	-5318	-3471	62779	64626	WP_068681726.1#39	NZ_LYPA01000046.1	GCF_001675045.1
WP_068681733.1#39|Paenibacillus_oryzae	1980	+	+	0	-3466	-1487	64631	66610	WP_068681729.1#39	NZ_LYPA01000046.1	GCF_001675045.1
WP_068681733.1#39|Paenibacillus_oryzae	1473	+	+	1	-1473	-1	66624	68096	WP_068681731.1#39	NZ_LYPA01000046.1	GCF_001675045.1
WP_068681733.1#39|Paenibacillus_oryzae	840	+	+	67	1	840	68098	68937	WP_068681733.1#39	NZ_LYPA01000046.1	GCF_001675045.1
WP_068681733.1#39|Paenibacillus_oryzae	1002	+	-	0	1256	2257	69353	70354	WP_068681735.1#39	NZ_LYPA01000046.1	GCF_001675045.1
WP_068681733.1#39|Paenibacillus_oryzae	525	+	-	0	2223	2747	70320	70844	WP_068681737.1#39	NZ_LYPA01000046.1	GCF_001675045.1
WP_068681733.1#39|Paenibacillus_oryzae	588	+	+	34	3308	3895	71405	71992	WP_068681739.1#39	NZ_LYPA01000046.1	GCF_001675045.1
WP_068681733.1#39|Paenibacillus_oryzae	1827	+	+	0	3973	5799	72070	73896	WP_082967325.1#39	NZ_LYPA01000046.1	GCF_001675045.1



WP_096141450.1#49|Shewanella_algae	618	+	-	0	-4777	-4160	521287	521904	WP_243757029.1#49	NZ_LVDU01000002.1	GCF_002318995.1
WP_096141450.1#49|Shewanella_algae	1158	+	+	0	-3361	-2204	522703	523860	WP_096141448.1#49	NZ_LVDU01000002.1	GCF_002318995.1
WP_096141450.1#49|Shewanella_algae	76	+	+	68	-2148	-2073	523916	523991	tRNA_49.1*#49	NZ_LVDU01000002.1	GCF_002318995.1
WP_096141450.1#49|Shewanella_algae	1374	+	+	1	-1382	-9	524682	526055	WP_096141449.1#49	NZ_LVDU01000002.1	GCF_002318995.1
WP_096141450.1#49|Shewanella_algae	825	+	+	67	1	825	526065	526889	WP_096141450.1#49	NZ_LVDU01000002.1	GCF_002318995.1
WP_096141450.1#49|Shewanella_algae	474	+	-	69	829	1302	526893	527366	pseudogene_49.6*#49	NZ_LVDU01000002.1	GCF_002318995.1
WP_096141450.1#49|Shewanella_algae	2331	+	+	0	1841	4171	527905	530235	WP_096141452.1#49	NZ_LVDU01000002.1	GCF_002318995.1
WP_096141450.1#49|Shewanella_algae	1332	+	+	0	4661	5992	530725	532056	WP_071237842.1#49	NZ_LVDU01000002.1	GCF_002318995.1
WP_096141450.1#49|Shewanella_algae	246	+	+	0	5989	6234	532053	532298	WP_044734061.1#49	NZ_LVDU01000002.1	GCF_002318995.1



WP_162091659.1#59|Vibrio_sp__LB10LO1	2865	-	+	0	-6800	-3936	10518	13382	WP_162091663.1#59	NZ_JAADJW010000001.1	GCF_010092875.1
WP_162091659.1#59|Vibrio_sp__LB10LO1	627	-	-	0	-3504	-2878	9460	10086	WP_162091662.1#59	NZ_JAADJW010000001.1	GCF_010092875.1
WP_162091659.1#59|Vibrio_sp__LB10LO1	756	-	-	0	-2788	-2033	8615	9370	WP_162091661.1#59	NZ_JAADJW010000001.1	GCF_010092875.1
WP_162091659.1#59|Vibrio_sp__LB10LO1	1443	-	+	1	-1441	1	6581	8023	WP_162091660.1#59	NZ_JAADJW010000001.1	GCF_010092875.1
WP_162091659.1#59|Vibrio_sp__LB10LO1	813	-	+	67	1	813	5769	6581	WP_162091659.1#59	NZ_JAADJW010000001.1	GCF_010092875.1
WP_162091659.1#59|Vibrio_sp__LB10LO1	495	-	-	0	863	1357	5225	5719	WP_162091658.1#59	NZ_JAADJW010000001.1	GCF_010092875.1
WP_162091659.1#59|Vibrio_sp__LB10LO1	339	-	-	59	1510	1848	4734	5072	WP_162091657.1#59	NZ_JAADJW010000001.1	GCF_010092875.1
WP_162091659.1#59|Vibrio_sp__LB10LO1	426	-	+	0	2036	2461	4121	4546	WP_162091656.1#59	NZ_JAADJW010000001.1	GCF_010092875.1
WP_162091659.1#59|Vibrio_sp__LB10LO1	1290	-	+	0	2712	4001	2581	3870	WP_346265894.1#59	NZ_JAADJW010000001.1	GCF_010092875.1



WP_232611351.1#116|Photobacterium_phosphoreum	525	+	-	0	-4502	-3978	166958	167482	WP_065195480.1#116	NZ_WMCW01000002.1	GCF_021236685.1
WP_232611351.1#116|Photobacterium_phosphoreum	1422	+	-	0	-3811	-2390	167649	169070	WP_232611347.1#116	NZ_WMCW01000002.1	GCF_021236685.1
WP_232611351.1#116|Photobacterium_phosphoreum	309	+	+	0	-1968	-1660	169492	169800	WP_232611349.1#116	NZ_WMCW01000002.1	GCF_021236685.1
WP_232611351.1#116|Photobacterium_phosphoreum	1434	+	+	1	-1432	1	170028	171461	WP_232611350.1#116	NZ_WMCW01000002.1	GCF_021236685.1
WP_232611351.1#116|Photobacterium_phosphoreum	816	+	+	67	1	816	171461	172276	WP_232611351.1#116	NZ_WMCW01000002.1	GCF_021236685.1
WP_232611351.1#116|Photobacterium_phosphoreum	1470	+	+	0	1234	2703	172694	174163	WP_232611352.1#116	NZ_WMCW01000002.1	GCF_021236685.1
WP_232611351.1#116|Photobacterium_phosphoreum	297	+	-	0	2843	3139	174303	174599	WP_232611353.1#116	NZ_WMCW01000002.1	GCF_021236685.1
WP_232611351.1#116|Photobacterium_phosphoreum	150	+	-	0	3204	3353	174664	174813	WP_158259517.1#116	NZ_WMCW01000002.1	GCF_021236685.1
WP_232611351.1#116|Photobacterium_phosphoreum	192	+	-	0	3556	3747	175016	175207	WP_232611354.1#116	NZ_WMCW01000002.1	GCF_021236685.1



WP_303805743.1#124|Aeromonas_rivipollensis	1488	+	+	0	-5657	-4170	43024	44511	WP_303805736.1#124	NZ_CAWRIO010000003.1	GCF_963901695.1
WP_303805743.1#124|Aeromonas_rivipollensis	1194	+	+	0	-4095	-2902	44586	45779	WP_103244549.1#124	NZ_CAWRIO010000003.1	GCF_963901695.1
WP_303805743.1#124|Aeromonas_rivipollensis	807	+	+	0	-2905	-2099	45776	46582	WP_303805739.1#124	NZ_CAWRIO010000003.1	GCF_963901695.1
WP_303805743.1#124|Aeromonas_rivipollensis	1425	+	+	1	-1435	-11	47246	48670	WP_303805741.1#124	NZ_CAWRIO010000003.1	GCF_963901695.1
WP_303805743.1#124|Aeromonas_rivipollensis	822	+	+	67	1	822	48682	49503	WP_303805743.1#124	NZ_CAWRIO010000003.1	GCF_963901695.1
WP_303805743.1#124|Aeromonas_rivipollensis	543	+	-	0	981	1523	49662	50204	WP_303805745.1#124	NZ_CAWRIO010000003.1	GCF_963901695.1
WP_303805743.1#124|Aeromonas_rivipollensis	294	+	+	49	1805	2098	50486	50779	WP_232301917.1#124	NZ_CAWRIO010000003.1	GCF_963901695.1
WP_303805743.1#124|Aeromonas_rivipollensis	1317	+	+	0	2082	3398	50763	52079	WP_303805747.1#124	NZ_CAWRIO010000003.1	GCF_963901695.1
WP_303805743.1#124|Aeromonas_rivipollensis	243	+	+	0	3496	3738	52177	52419	WP_042040288.1#124	NZ_CAWRIO010000003.1	GCF_963901695.1



WP_330148204.1#103|Shewanella_oncorhynchi	888	-	+	0	-6254	-5367	1228005	1228892	WP_330148206.1#103	NZ_CP143431.1	GCF_036324485.1
WP_330148204.1#103|Shewanella_oncorhynchi	714	-	-	0	-5330	-4617	1227255	1227968	WP_113939320.1#103	NZ_CP143431.1	GCF_036324485.1
WP_330148204.1#103|Shewanella_oncorhynchi	1359	-	+	0	-3910	-2552	1225190	1226548	WP_173497515.1#103	NZ_CP143431.1	GCF_036324485.1
WP_330148204.1#103|Shewanella_oncorhynchi	1464	-	+	1	-1462	1	1222637	1224100	WP_330148205.1#103	NZ_CP143431.1	GCF_036324485.1
WP_330148204.1#103|Shewanella_oncorhynchi	813	-	+	67	1	813	1221825	1222637	WP_330148204.1#103	NZ_CP143431.1	GCF_036324485.1
WP_330148204.1#103|Shewanella_oncorhynchi	1026	-	-	0	1071	2096	1220542	1221567	WP_330148203.1#103	NZ_CP143431.1	GCF_036324485.1
WP_330148204.1#103|Shewanella_oncorhynchi	1092	-	+	0	2871	3962	1218676	1219767	WP_330148202.1#103	NZ_CP143431.1	GCF_036324485.1
WP_330148204.1#103|Shewanella_oncorhynchi	1776	-	+	0	4063	5838	1216800	1218575	WP_461675706.1#103	NZ_CP143431.1	GCF_036324485.1
WP_330148204.1#103|Shewanella_oncorhynchi	432	-	+	13	5954	6385	1216253	1216684	WP_263140136.1#103	NZ_CP143431.1	GCF_036324485.1



WP_235787843.1#117|Streptococcus_sanguinis_SK1087	489	-	+	0	-3887	-3399	2282703	2283191	WP_002917921.1#117	NZ_GL883609.1	GCF_000204475.1
WP_235787843.1#117|Streptococcus_sanguinis_SK1087	1095	-	+	0	-3412	-2318	2281622	2282716	WP_002917919.1#117	NZ_GL883609.1	GCF_000204475.1
WP_235787843.1#117|Streptococcus_sanguinis_SK1087	1257	-	+	2	-2312	-1056	2280360	2281616	WP_002911344.1#117	NZ_GL883609.1	GCF_000204475.1
WP_235787843.1#117|Streptococcus_sanguinis_SK1087	1074	-	+	1	-1072	1	2279303	2280376	WP_002911345.1#117	NZ_GL883609.1	GCF_000204475.1
WP_235787843.1#117|Streptococcus_sanguinis_SK1087	708	-	+	67	1	708	2278596	2279303	WP_235787843.1#117	NZ_GL883609.1	GCF_000204475.1
WP_235787843.1#117|Streptococcus_sanguinis_SK1087	228	-	+	0	737	964	2278340	2278567	WP_002911347.1#117	NZ_GL883609.1	GCF_000204475.1
WP_235787843.1#117|Streptococcus_sanguinis_SK1087	1296	-	+	0	1201	2496	2276808	2278103	WP_002911348.1#117	NZ_GL883609.1	GCF_000204475.1
WP_235787843.1#117|Streptococcus_sanguinis_SK1087	567	-	-	0	2678	3244	2276060	2276626	WP_002911349.1#117	NZ_GL883609.1	GCF_000204475.1
WP_235787843.1#117|Streptococcus_sanguinis_SK1087	597	-	-	0	3241	3837	2275467	2276063	WP_002911350.1#117	NZ_GL883609.1	GCF_000204475.1



WP_129130621.1#111|Lacibacter_luteus	3339	+	+	0	-7049	-3711	382493	385831	WP_129130616.1#111	NZ_SDHW01000002.1	GCF_004118265.1
WP_129130621.1#111|Lacibacter_luteus	666	+	+	0	-3280	-2615	386262	386927	WP_129130618.1#111	NZ_SDHW01000002.1	GCF_004118265.1
WP_129130621.1#111|Lacibacter_luteus	1476	+	+	2	-2589	-1114	386953	388428	WP_129130619.1#111	NZ_SDHW01000002.1	GCF_004118265.1
WP_129130621.1#111|Lacibacter_luteus	1065	+	+	1	-1069	-5	388473	389537	WP_164972684.1#111	NZ_SDHW01000002.1	GCF_004118265.1
WP_129130621.1#111|Lacibacter_luteus	777	+	+	67	1	777	389543	390319	WP_129130621.1#111	NZ_SDHW01000002.1	GCF_004118265.1
WP_129130621.1#111|Lacibacter_luteus	1233	+	+	0	864	2096	390406	391638	WP_129130622.1#111	NZ_SDHW01000002.1	GCF_004118265.1
WP_129130621.1#111|Lacibacter_luteus	2310	+	+	0	2093	4402	391635	393944	WP_129130623.1#111	NZ_SDHW01000002.1	GCF_004118265.1
WP_129130621.1#111|Lacibacter_luteus	930	+	+	0	4399	5328	393941	394870	WP_129130624.1#111	NZ_SDHW01000002.1	GCF_004118265.1
WP_129130621.1#111|Lacibacter_luteus	564	+	-	0	5423	5986	394965	395528	WP_129130625.1#111	NZ_SDHW01000002.1	GCF_004118265.1



WP_253528725.1#24|Runella_salmonicolor	1167	-	+	0	-5837	-4671	295084	296250	WP_253528729.1#24	NZ_JAMZEL010000005.1	GCF_024158025.1
WP_253528725.1#24|Runella_salmonicolor	1668	-	+	0	-4665	-2998	293411	295078	WP_253528728.1#24	NZ_JAMZEL010000005.1	GCF_024158025.1
WP_253528725.1#24|Runella_salmonicolor	1563	-	+	53	-3005	-1443	291856	293418	WP_253528727.1#24	NZ_JAMZEL010000005.1	GCF_024158025.1
WP_253528725.1#24|Runella_salmonicolor	1413	-	+	1	-1408	4	290409	291821	WP_253528726.1#24	NZ_JAMZEL010000005.1	GCF_024158025.1
WP_253528725.1#24|Runella_salmonicolor	822	-	+	67	1	822	289591	290412	WP_253528725.1#24	NZ_JAMZEL010000005.1	GCF_024158025.1
WP_253528725.1#24|Runella_salmonicolor	1542	-	+	53	806	2347	288066	289607	WP_253528723.1#24	NZ_JAMZEL010000005.1	GCF_024158025.1
WP_253528725.1#24|Runella_salmonicolor	2067	-	+	0	2470	4536	285877	287943	WP_253528721.1#24	NZ_JAMZEL010000005.1	GCF_024158025.1
WP_253528725.1#24|Runella_salmonicolor	132	-	-	0	4594	4725	285688	285819	WP_253528719.1#24	NZ_JAMZEL010000005.1	GCF_024158025.1
WP_253528725.1#24|Runella_salmonicolor	1233	-	+	0	4922	6154	284259	285491	WP_253528716.1#24	NZ_JAMZEL010000005.1	GCF_024158025.1



WP_064384922.1#79|Pseudoalteromonas_agarivorans	1128	+	+	10	-6232	-5105	26417	27544	WP_064384913.1#79	NZ_LVCM01000007.1	GCF_001596795.1
WP_064384922.1#79|Pseudoalteromonas_agarivorans	3051	+	+	12	-5093	-2043	27556	30606	WP_064384915.1#79	NZ_LVCM01000007.1	GCF_001596795.1
WP_064384922.1#79|Pseudoalteromonas_agarivorans	972	+	+	2	-2043	-1072	30606	31577	WP_064384918.1#79	NZ_LVCM01000007.1	GCF_001596795.1
WP_064384922.1#79|Pseudoalteromonas_agarivorans	1077	+	+	1	-1075	1	31574	32650	WP_064384920.1#79	NZ_LVCM01000007.1	GCF_001596795.1
WP_064384922.1#79|Pseudoalteromonas_agarivorans	831	+	+	67	1	831	32650	33480	WP_064384922.1#79	NZ_LVCM01000007.1	GCF_001596795.1
WP_064384922.1#79|Pseudoalteromonas_agarivorans	297	+	+	0	1268	1564	33917	34213	WP_064384924.1#79	NZ_LVCM01000007.1	GCF_001596795.1
WP_064384922.1#79|Pseudoalteromonas_agarivorans	867	+	+	0	1660	2526	34309	35175	WP_064384927.1#79	NZ_LVCM01000007.1	GCF_001596795.1
WP_064384922.1#79|Pseudoalteromonas_agarivorans	150	+	-	0	2596	2745	35245	35394	WP_128581536.1#79	NZ_LVCM01000007.1	GCF_001596795.1
WP_064384922.1#79|Pseudoalteromonas_agarivorans	201	+	+	0	3032	3232	35681	35881	WP_024601501.1#79	NZ_LVCM01000007.1	GCF_001596795.1



WP_288090348.1#13|Roseiflexus_sp_	1269	+	+	15	-5120	-3852	4834862	4836130	WP_288090343.1#13	NZ_BPIA01000001.1	GCF_026003855.1
WP_288090348.1#13|Roseiflexus_sp_	1311	+	+	15	-3766	-2456	4836216	4837526	WP_288090345.1#13	NZ_BPIA01000001.1	GCF_026003855.1
WP_288090348.1#13|Roseiflexus_sp_	1377	+	+	2	-2475	-1099	4837507	4838883	WP_012122019.1#13	NZ_BPIA01000001.1	GCF_026003855.1
WP_288090348.1#13|Roseiflexus_sp_	1107	+	+	1	-1102	4	4838880	4839986	WP_012122020.1#13	NZ_BPIA01000001.1	GCF_026003855.1
WP_288090348.1#13|Roseiflexus_sp_	900	+	+	67	1	900	4839983	4840882	WP_288090348.1#13	NZ_BPIA01000001.1	GCF_026003855.1
WP_288090348.1#13|Roseiflexus_sp_	1845	+	+	6	1040	2884	4841022	4842866	WP_288090350.1#13	NZ_BPIA01000001.1	GCF_026003855.1
WP_288090348.1#13|Roseiflexus_sp_	732	+	+	60	2881	3612	4842863	4843594	WP_288090352.1#13	NZ_BPIA01000001.1	GCF_026003855.1
WP_288090348.1#13|Roseiflexus_sp_	1899	+	+	6	4136	6034	4844118	4846016	WP_288090354.1#13	NZ_BPIA01000001.1	GCF_026003855.1
WP_288090348.1#13|Roseiflexus_sp_	579	+	-	61	6287	6865	4846269	4846847	WP_288090356.1#13	NZ_BPIA01000001.1	GCF_026003855.1



WP_157042694.1#57|Roseiflexus_castenholzii_DSM_13941	1269	+	+	15	-5120	-3852	4623344	4624612	WP_012122017.1#57	NC_009767.1	GCF_000017805.1
WP_157042694.1#57|Roseiflexus_castenholzii_DSM_13941	1311	+	+	15	-3766	-2456	4624698	4626008	WP_012122018.1#57	NC_009767.1	GCF_000017805.1
WP_157042694.1#57|Roseiflexus_castenholzii_DSM_13941	1377	+	+	2	-2475	-1099	4625989	4627365	WP_012122019.1#57	NC_009767.1	GCF_000017805.1
WP_157042694.1#57|Roseiflexus_castenholzii_DSM_13941	1107	+	+	1	-1102	4	4627362	4628468	WP_012122020.1#57	NC_009767.1	GCF_000017805.1
WP_157042694.1#57|Roseiflexus_castenholzii_DSM_13941	846	+	+	67	1	846	4628465	4629310	WP_157042694.1#57	NC_009767.1	GCF_000017805.1
WP_157042694.1#57|Roseiflexus_castenholzii_DSM_13941	1845	+	+	6	1039	2883	4629503	4631347	WP_012122021.1#57	NC_009767.1	GCF_000017805.1
WP_157042694.1#57|Roseiflexus_castenholzii_DSM_13941	732	+	+	60	2880	3611	4631344	4632075	WP_012122022.1#57	NC_009767.1	GCF_000017805.1
WP_157042694.1#57|Roseiflexus_castenholzii_DSM_13941	1899	+	+	6	4139	6037	4632603	4634501	WP_012122023.1#57	NC_009767.1	GCF_000017805.1
WP_157042694.1#57|Roseiflexus_castenholzii_DSM_13941	579	+	-	61	6290	6868	4634754	4635332	WP_012122024.1#57	NC_009767.1	GCF_000017805.1



WP_120817045.1#86|Yokenella_regensburgei	564	+	+	0	-5255	-4692	119232	119795	WP_120817041.1#86	NZ_RBIZ01000005.1	GCF_003634235.1
WP_120817045.1#86|Yokenella_regensburgei	2004	+	+	0	-4695	-2692	119792	121795	WP_120817042.1#86	NZ_RBIZ01000005.1	GCF_003634235.1
WP_120817045.1#86|Yokenella_regensburgei	1047	+	+	2	-2304	-1258	122183	123229	WP_120817043.1#86	NZ_RBIZ01000005.1	GCF_003634235.1
WP_120817045.1#86|Yokenella_regensburgei	1254	+	+	1	-1249	4	123238	124491	WP_120817044.1#86	NZ_RBIZ01000005.1	GCF_003634235.1
WP_120817045.1#86|Yokenella_regensburgei	801	+	+	67	1	801	124488	125288	WP_120817045.1#86	NZ_RBIZ01000005.1	GCF_003634235.1
WP_120817045.1#86|Yokenella_regensburgei	597	+	+	43	963	1559	125450	126046	WP_120817046.1#86	NZ_RBIZ01000005.1	GCF_003634235.1
WP_120817045.1#86|Yokenella_regensburgei	462	+	+	0	1556	2017	126043	126504	WP_244922383.1#86	NZ_RBIZ01000005.1	GCF_003634235.1
WP_120817045.1#86|Yokenella_regensburgei	399	+	+	0	2010	2408	126497	126895	WP_120817047.1#86	NZ_RBIZ01000005.1	GCF_003634235.1
WP_120817045.1#86|Yokenella_regensburgei	339	+	+	0	2529	2867	127016	127354	WP_120817048.1#86	NZ_RBIZ01000005.1	GCF_003634235.1



WP_171884918.1#61|Serratia_sp__CY59919	183	+	+	0	-2982	-2800	820109	820291	WP_322962236.1#61	NZ_JBJNMZ010000001.1	GCF_052167575.1
WP_171884918.1#61|Serratia_sp__CY59919	198	+	+	0	-2752	-2555	820339	820536	WP_126186641.1#61	NZ_JBJNMZ010000001.1	GCF_052167575.1
WP_171884918.1#61|Serratia_sp__CY59919	1059	+	+	2	-2334	-1276	820757	821815	WP_171885006.1#61	NZ_JBJNMZ010000001.1	GCF_052167575.1
WP_171884918.1#61|Serratia_sp__CY59919	1284	+	+	1	-1279	4	821812	823095	WP_342155402.1#61	NZ_JBJNMZ010000001.1	GCF_052167575.1
WP_171884918.1#61|Serratia_sp__CY59919	798	+	+	67	1	798	823092	823889	WP_171884918.1#61	NZ_JBJNMZ010000001.1	GCF_052167575.1
WP_171884918.1#61|Serratia_sp__CY59919	1020	+	-	0	844	1863	823935	824954	WP_171884917.1#61	NZ_JBJNMZ010000001.1	GCF_052167575.1
WP_171884918.1#61|Serratia_sp__CY59919	1773	+	-	0	1863	3635	824954	826726	WP_171884916.1#61	NZ_JBJNMZ010000001.1	GCF_052167575.1
WP_171884918.1#61|Serratia_sp__CY59919	816	+	+	0	3778	4593	826869	827684	WP_171884915.1#61	NZ_JBJNMZ010000001.1	GCF_052167575.1
WP_171884918.1#61|Serratia_sp__CY59919	1185	+	+	0	4636	5820	827727	828911	WP_171884914.1#61	NZ_JBJNMZ010000001.1	GCF_052167575.1



WP_164704796.1#60|Pseudomonas_viridiflava	425	-	+	67	1	425	40	464	WP_164704796.1#60	not_found	not_found	not_found



WP_274079776.1#122|Pseudomonas_asiatica	600	-	+	0	-5165	-4566	9583	10182	WP_274079779.1#122	NZ_JANIAN010000048.1	GCF_028682685.1
WP_274079776.1#122|Pseudomonas_asiatica	924	-	+	0	-4488	-3565	8582	9505	WP_075045237.1#122	NZ_JANIAN010000048.1	GCF_028682685.1
WP_274079776.1#122|Pseudomonas_asiatica	1014	-	+	2	-2108	-1095	6112	7125	WP_274079778.1#122	NZ_JANIAN010000048.1	GCF_028682685.1
WP_274079776.1#122|Pseudomonas_asiatica	1092	-	+	1	-1090	1	5016	6107	WP_274079777.1#122	NZ_JANIAN010000048.1	GCF_028682685.1
WP_274079776.1#122|Pseudomonas_asiatica	807	-	+	67	1	807	4210	5016	WP_274079776.1#122	NZ_JANIAN010000048.1	GCF_028682685.1
WP_274079776.1#122|Pseudomonas_asiatica	414	-	-	0	1734	2147	2870	3283	WP_137164001.1#122	NZ_JANIAN010000048.1	GCF_028682685.1
WP_274079776.1#122|Pseudomonas_asiatica	270	-	-	0	2301	2570	2447	2716	WP_025339172.1#122	NZ_JANIAN010000048.1	GCF_028682685.1
WP_274079776.1#122|Pseudomonas_asiatica	423	-	-	0	2909	3331	1686	2108	WP_274079775.1#122	NZ_JANIAN010000048.1	GCF_028682685.1
WP_274079776.1#122|Pseudomonas_asiatica	1200	-	-	14	3483	4682	335	1534	WP_274079774.1#122	NZ_JANIAN010000048.1	GCF_028682685.1



WP_146174558.1#88|Pseudomonas_putida	663	+	+	54	-3238	-2576	19346	20008	WP_258229809.1#88	NZ_QAYQ01000077.1	GCF_003053385.1
WP_146174558.1#88|Pseudomonas_putida	348	+	+	0	-2575	-2228	20009	20356	WP_258229810.1#88	NZ_QAYQ01000077.1	GCF_003053385.1
WP_146174558.1#88|Pseudomonas_putida	1014	+	+	2	-2109	-1096	20475	21488	WP_108190509.1#88	NZ_QAYQ01000077.1	GCF_003053385.1
WP_146174558.1#88|Pseudomonas_putida	1092	+	+	1	-1091	0	21493	22584	WP_108190510.1#88	NZ_QAYQ01000077.1	GCF_003053385.1
WP_146174558.1#88|Pseudomonas_putida	816	+	+	67	1	816	22585	23400	WP_146174558.1#88	NZ_QAYQ01000077.1	GCF_003053385.1
WP_146174558.1#88|Pseudomonas_putida	627	+	+	0	1213	1839	23797	24423	WP_108190511.1#88	NZ_QAYQ01000077.1	GCF_003053385.1
WP_146174558.1#88|Pseudomonas_putida	219	+	-	0	1979	2197	24563	24781	WP_375135875.1#88	NZ_QAYQ01000077.1	GCF_003053385.1
WP_146174558.1#88|Pseudomonas_putida	300	+	-	0	2194	2493	24778	25077	WP_108190512.1#88	NZ_QAYQ01000077.1	GCF_003053385.1
WP_146174558.1#88|Pseudomonas_putida	411	+	+	0	2589	2999	25173	25583	WP_108190513.1#88	NZ_QAYQ01000077.1	GCF_003053385.1



WP_102534751.1#109|Vibrio_splendidus	216	-	+	0	-5315	-5100	130903	131118	WP_102534754.1#109	NZ_CAWNTE010000101.1	GCF_963877395.1
WP_102534751.1#109|Vibrio_splendidus	3063	-	+	12	-5092	-2030	127833	130895	WP_102416601.1#109	NZ_CAWNTE010000101.1	GCF_963877395.1
WP_102534751.1#109|Vibrio_splendidus	975	-	+	2	-2030	-1056	126859	127833	WP_102534753.1#109	NZ_CAWNTE010000101.1	GCF_963877395.1
WP_102534751.1#109|Vibrio_splendidus	1065	-	+	1	-1063	1	125802	126866	WP_102534752.1#109	NZ_CAWNTE010000101.1	GCF_963877395.1
WP_102534751.1#109|Vibrio_splendidus	795	-	+	67	1	795	125008	125802	WP_102534751.1#109	NZ_CAWNTE010000101.1	GCF_963877395.1
WP_102534751.1#109|Vibrio_splendidus	1731	-	+	0	1938	3668	122135	123865	WP_102534750.1#109	NZ_CAWNTE010000101.1	GCF_963877395.1
WP_102534751.1#109|Vibrio_splendidus	1989	-	+	0	3668	5656	120147	122135	WP_102534749.1#109	NZ_CAWNTE010000101.1	GCF_963877395.1
WP_102534751.1#109|Vibrio_splendidus	1647	-	+	25	5785	7431	118372	120018	WP_198594968.1#109	NZ_CAWNTE010000101.1	GCF_963877395.1
WP_102534751.1#109|Vibrio_splendidus	1350	-	+	10	7421	8770	117033	118382	WP_102534748.1#109	NZ_CAWNTE010000101.1	GCF_963877395.1



WP_232612936.1#96|Photobacterium_carnosum	1167	+	+	10	-6264	-5098	4587	5753	WP_232612932.1#96	NZ_WMDB01000005.1	GCF_021236785.1
WP_232612936.1#96|Photobacterium_carnosum	3063	+	+	12	-5096	-2034	5755	8817	WP_232612933.1#96	NZ_WMDB01000005.1	GCF_021236785.1
WP_232612936.1#96|Photobacterium_carnosum	969	+	+	2	-2034	-1066	8817	9785	WP_232612934.1#96	NZ_WMDB01000005.1	GCF_021236785.1
WP_232612936.1#96|Photobacterium_carnosum	1068	+	+	1	-1066	1	9785	10852	WP_232612935.1#96	NZ_WMDB01000005.1	GCF_021236785.1
WP_232612936.1#96|Photobacterium_carnosum	789	+	+	67	1	789	10852	11640	WP_232612936.1#96	NZ_WMDB01000005.1	GCF_021236785.1
WP_232612936.1#96|Photobacterium_carnosum	427	+	-	69	847	1273	11698	12124	pseudogene_96.0*#96	NZ_WMDB01000005.1	GCF_021236785.1
WP_232612936.1#96|Photobacterium_carnosum	1215	+	-	0	1261	2475	12112	13326	WP_232612937.1#96	NZ_WMDB01000005.1	GCF_021236785.1
WP_232612936.1#96|Photobacterium_carnosum	1752	+	+	0	3215	4966	14066	15817	WP_232575856.1#96	NZ_WMDB01000005.1	GCF_021236785.1
WP_232612936.1#96|Photobacterium_carnosum	705	+	+	0	4969	5673	15820	16524	WP_232612938.1#96	NZ_WMDB01000005.1	GCF_021236785.1



WP_076012059.1#48|Alteromonas_abrolhosensis	1131	-	-	69	-3963	-2833	714735	715865	pseudogene_48.0*#48	NZ_MEJH01000003.1	GCF_001953635.1
WP_076012059.1#48|Alteromonas_abrolhosensis	549	-	+	0	-2795	-2247	714149	714697	WP_076012062.1#48	NZ_MEJH01000003.1	GCF_001953635.1
WP_076012059.1#48|Alteromonas_abrolhosensis	1017	-	+	2	-2098	-1082	712984	714000	WP_076012061.1#48	NZ_MEJH01000003.1	GCF_001953635.1
WP_076012059.1#48|Alteromonas_abrolhosensis	1086	-	+	1	-1085	0	711902	712987	WP_076012060.1#48	NZ_MEJH01000003.1	GCF_001953635.1
WP_076012059.1#48|Alteromonas_abrolhosensis	816	-	+	67	1	816	711086	711901	WP_076012059.1#48	NZ_MEJH01000003.1	GCF_001953635.1
WP_076012059.1#48|Alteromonas_abrolhosensis	486	-	+	0	1328	1813	710089	710574	WP_083648697.1#48	NZ_MEJH01000003.1	GCF_001953635.1
WP_076012059.1#48|Alteromonas_abrolhosensis	711	-	-	0	2000	2710	709192	709902	WP_076012058.1#48	NZ_MEJH01000003.1	GCF_001953635.1
WP_076012059.1#48|Alteromonas_abrolhosensis	600	-	+	0	3062	3661	708241	708840	WP_076012057.1#48	NZ_MEJH01000003.1	GCF_001953635.1
WP_076012059.1#48|Alteromonas_abrolhosensis	1512	-	-	0	3966	5477	706425	707936	WP_076012064.1#48	NZ_MEJH01000003.1	GCF_001953635.1



WP_209826181.1#94|Acinetobacter_guillouiae	1569	+	+	51	-5473	-3905	403976	405544	WP_245349726.1#94	NZ_JAGIPP010000001.1	GCF_017877275.1
WP_209826181.1#94|Acinetobacter_guillouiae	282	+	+	0	-2950	-2669	406499	406780	WP_209826179.1#94	NZ_JAGIPP010000001.1	GCF_017877275.1
WP_209826181.1#94|Acinetobacter_guillouiae	1032	+	+	2	-2112	-1081	407337	408368	WP_209826180.1#94	NZ_JAGIPP010000001.1	GCF_017877275.1
WP_209826181.1#94|Acinetobacter_guillouiae	1086	+	+	1	-1084	1	408365	409450	WP_209826565.1#94	NZ_JAGIPP010000001.1	GCF_017877275.1
WP_209826181.1#94|Acinetobacter_guillouiae	816	+	+	67	1	816	409450	410265	WP_209826181.1#94	NZ_JAGIPP010000001.1	GCF_017877275.1
WP_209826181.1#94|Acinetobacter_guillouiae	249	+	+	0	1431	1679	410880	411128	WP_209826182.1#94	NZ_JAGIPP010000001.1	GCF_017877275.1
WP_209826181.1#94|Acinetobacter_guillouiae	717	+	+	0	1768	2484	411217	411933	WP_209826183.1#94	NZ_JAGIPP010000001.1	GCF_017877275.1
WP_209826181.1#94|Acinetobacter_guillouiae	138	+	-	0	2486	2623	411935	412072	WP_209826184.1#94	NZ_JAGIPP010000001.1	GCF_017877275.1
WP_209826181.1#94|Acinetobacter_guillouiae	1128	+	-	0	2650	3777	412099	413226	WP_209826185.1#94	NZ_JAGIPP010000001.1	GCF_017877275.1



WP_077163221.1#80|Acinetobacter_genomosp__33YU	309	-	+	49	-3858	-3550	9899	10207	WP_077163225.1#80	NZ_LFZQ01000007.1	GCF_001990725.1
WP_077163221.1#80|Acinetobacter_genomosp__33YU	564	-	+	0	-2823	-2260	8609	9172	WP_077163224.1#80	NZ_LFZQ01000007.1	GCF_001990725.1
WP_077163221.1#80|Acinetobacter_genomosp__33YU	1029	-	+	2	-2109	-1081	7430	8458	WP_077163223.1#80	NZ_LFZQ01000007.1	GCF_001990725.1
WP_077163221.1#80|Acinetobacter_genomosp__33YU	1086	-	+	1	-1084	1	6348	7433	WP_077163222.1#80	NZ_LFZQ01000007.1	GCF_001990725.1
WP_077163221.1#80|Acinetobacter_genomosp__33YU	816	-	+	67	1	816	5533	6348	WP_077163221.1#80	NZ_LFZQ01000007.1	GCF_001990725.1
WP_077163221.1#80|Acinetobacter_genomosp__33YU	528	-	+	69	1123	1650	4699	5226	pseudogene_80.1*#80	NZ_LFZQ01000007.1	GCF_001990725.1
WP_077163221.1#80|Acinetobacter_genomosp__33YU	105	-	+	69	1652	1756	4593	4697	pseudogene_80.9*#80	NZ_LFZQ01000007.1	GCF_001990725.1
WP_077163221.1#80|Acinetobacter_genomosp__33YU	489	-	-	0	1812	2300	4049	4537	WP_077163220.1#80	NZ_LFZQ01000007.1	GCF_001990725.1
WP_077163221.1#80|Acinetobacter_genomosp__33YU	258	-	-	69	2297	2554	3795	4052	pseudogene_80.0*#80	NZ_LFZQ01000007.1	GCF_001990725.1



WP_017013570.1#35|Enterovibrio_norvegicus	738	+	+	0	-4474	-3737	140266	141003	WP_017013565.1#35	NZ_AJYG02000047.1	GCF_000286895.2
WP_017013570.1#35|Enterovibrio_norvegicus	984	+	+	0	-3453	-2470	141287	142270	WP_017013566.1#35	NZ_AJYG02000047.1	GCF_000286895.2
WP_017013570.1#35|Enterovibrio_norvegicus	1056	+	+	2	-2141	-1086	142599	143654	WP_017013568.1#35	NZ_AJYG02000047.1	GCF_000286895.2
WP_017013570.1#35|Enterovibrio_norvegicus	1113	+	+	1	-1111	1	143629	144741	WP_241814523.1#35	NZ_AJYG02000047.1	GCF_000286895.2
WP_017013570.1#35|Enterovibrio_norvegicus	825	+	+	67	1	825	144741	145565	WP_017013570.1#35	NZ_AJYG02000047.1	GCF_000286895.2
WP_017013570.1#35|Enterovibrio_norvegicus	183	+	-	0	962	1144	145702	145884	WP_017013571.1#35	NZ_AJYG02000047.1	GCF_000286895.2
WP_017013570.1#35|Enterovibrio_norvegicus	186	+	+	0	1645	1830	146385	146570	WP_017013572.1#35	NZ_AJYG02000047.1	GCF_000286895.2
WP_017013570.1#35|Enterovibrio_norvegicus	333	+	+	0	2758	3090	147498	147830	WP_017013573.1#35	NZ_AJYG02000047.1	GCF_000286895.2
WP_017013570.1#35|Enterovibrio_norvegicus	216	+	+	0	3194	3409	147934	148149	WP_241810517.1#35	NZ_AJYG02000047.1	GCF_000286895.2



WP_322264756.1#125|Kluyvera_ascorbata	360	-	+	0	-5282	-4923	43338	43697	WP_322264760.1#125	NZ_JAXOAR010000022.1	GCF_034365885.1
WP_322264756.1#125|Kluyvera_ascorbata	2664	-	+	0	-4926	-2263	40678	43341	WP_322264759.1#125	NZ_JAXOAR010000022.1	GCF_034365885.1
WP_322264756.1#125|Kluyvera_ascorbata	1008	-	+	2	-2087	-1080	39495	40502	WP_322264758.1#125	NZ_JAXOAR010000022.1	GCF_034365885.1
WP_322264756.1#125|Kluyvera_ascorbata	1089	-	+	1	-1087	1	38414	39502	WP_322264757.1#125	NZ_JAXOAR010000022.1	GCF_034365885.1
WP_322264756.1#125|Kluyvera_ascorbata	822	-	+	67	1	822	37593	38414	WP_322264756.1#125	NZ_JAXOAR010000022.1	GCF_034365885.1
WP_322264756.1#125|Kluyvera_ascorbata	855	-	-	0	982	1836	36579	37433	WP_322264754.1#125	NZ_JAXOAR010000022.1	GCF_034365885.1
WP_322264756.1#125|Kluyvera_ascorbata	264	-	-	64	1849	2112	36303	36566	WP_322264753.1#125	NZ_JAXOAR010000022.1	GCF_034365885.1
WP_322264756.1#125|Kluyvera_ascorbata	279	-	-	64	2228	2506	35909	36187	WP_097497685.1#125	NZ_JAXOAR010000022.1	GCF_034365885.1
WP_322264756.1#125|Kluyvera_ascorbata	276	-	+	0	2636	2911	35504	35779	WP_322264751.1#125	NZ_JAXOAR010000022.1	GCF_034365885.1



WP_182976134.1#139|Aeromonas_caviae	429	+	+	0	-3153	-2725	4095329	4095757	WP_182976131.1#139	NZ_AP022254.1	GCF_014169735.1
WP_182976134.1#139|Aeromonas_caviae	501	+	+	0	-2725	-2225	4095757	4096257	WP_421706880.1#139	NZ_AP022254.1	GCF_014169735.1
WP_182976134.1#139|Aeromonas_caviae	1017	+	+	2	-2105	-1089	4096377	4097393	WP_182976132.1#139	NZ_AP022254.1	GCF_014169735.1
WP_182976134.1#139|Aeromonas_caviae	1089	+	+	1	-1087	1	4097395	4098483	WP_182976133.1#139	NZ_AP022254.1	GCF_014169735.1
WP_182976134.1#139|Aeromonas_caviae	819	+	+	67	1	819	4098483	4099301	WP_182976134.1#139	NZ_AP022254.1	GCF_014169735.1
WP_182976134.1#139|Aeromonas_caviae	1272	+	-	0	1498	2769	4099980	4101251	WP_182976135.1#139	NZ_AP022254.1	GCF_014169735.1
WP_182976134.1#139|Aeromonas_caviae	768	+	-	0	2766	3533	4101248	4102015	WP_045522913.1#139	NZ_AP022254.1	GCF_014169735.1
WP_182976134.1#139|Aeromonas_caviae	201	+	-	0	3619	3819	4102101	4102301	WP_041212233.1#139	NZ_AP022254.1	GCF_014169735.1
WP_182976134.1#139|Aeromonas_caviae	780	+	-	0	3822	4601	4102304	4103083	WP_182976136.1#139	NZ_AP022254.1	GCF_014169735.1



WP_140199305.1#83|Vibrio_parahaemolyticus	198	+	+	0	-2760	-2563	67367	67564	WP_257882978.1#83	NZ_JAYGAD010000001.1	GCF_034930565.1
WP_140199305.1#83|Vibrio_parahaemolyticus	255	+	+	0	-2542	-2288	67585	67839	WP_114807626.1#83	NZ_JAYGAD010000001.1	GCF_034930565.1
WP_140199305.1#83|Vibrio_parahaemolyticus	993	+	+	2	-2079	-1087	68048	69040	WP_140199303.1#83	NZ_JAYGAD010000001.1	GCF_034930565.1
WP_140199305.1#83|Vibrio_parahaemolyticus	1089	+	+	1	-1087	1	69040	70128	WP_140199304.1#83	NZ_JAYGAD010000001.1	GCF_034930565.1
WP_140199305.1#83|Vibrio_parahaemolyticus	822	+	+	67	1	822	70128	70949	WP_140199305.1#83	NZ_JAYGAD010000001.1	GCF_034930565.1
WP_140199305.1#83|Vibrio_parahaemolyticus	213	+	+	0	905	1117	71032	71244	WP_140199306.1#83	NZ_JAYGAD010000001.1	GCF_034930565.1
WP_140199305.1#83|Vibrio_parahaemolyticus	1521	+	+	0	1331	2851	71458	72978	WP_069532614.1#83	NZ_JAYGAD010000001.1	GCF_034930565.1
WP_140199305.1#83|Vibrio_parahaemolyticus	1704	+	+	0	3066	4769	73193	74896	WP_140308723.1#83	NZ_JAYGAD010000001.1	GCF_034930565.1
WP_140199305.1#83|Vibrio_parahaemolyticus	591	+	+	0	4941	5531	75068	75658	WP_005460258.1#83	NZ_JAYGAD010000001.1	GCF_034930565.1



WP_052239052.1#46|Pectobacterium_carotovorum_subsp__carotovorum	1578	-	+	36	-4084	-2507	190173	191750	WP_039507987.1#46	NZ_JUJQ01000005.1	GCF_000808475.1
WP_052239052.1#46|Pectobacterium_carotovorum_subsp__carotovorum	237	-	-	0	-2421	-2185	189851	190087	WP_131673110.1#46	NZ_JUJQ01000005.1	GCF_000808475.1
WP_052239052.1#46|Pectobacterium_carotovorum_subsp__carotovorum	1050	-	+	2	-2136	-1087	188753	189802	WP_131673108.1#46	NZ_JUJQ01000005.1	GCF_000808475.1
WP_052239052.1#46|Pectobacterium_carotovorum_subsp__carotovorum	1089	-	+	1	-1087	1	187665	188753	WP_039507984.1#46	NZ_JUJQ01000005.1	GCF_000808475.1
WP_052239052.1#46|Pectobacterium_carotovorum_subsp__carotovorum	822	-	+	67	1	822	186844	187665	WP_052239052.1#46	NZ_JUJQ01000005.1	GCF_000808475.1
WP_052239052.1#46|Pectobacterium_carotovorum_subsp__carotovorum	1029	-	-	27	1170	2198	185468	186496	WP_039507982.1#46	NZ_JUJQ01000005.1	GCF_000808475.1
WP_052239052.1#46|Pectobacterium_carotovorum_subsp__carotovorum	774	-	+	0	2364	3137	184529	185302	WP_039507980.1#46	NZ_JUJQ01000005.1	GCF_000808475.1
WP_052239052.1#46|Pectobacterium_carotovorum_subsp__carotovorum	621	-	+	0	3172	3792	183874	184494	WP_039507979.1#46	NZ_JUJQ01000005.1	GCF_000808475.1
WP_052239052.1#46|Pectobacterium_carotovorum_subsp__carotovorum	309	-	+	0	3832	4140	183526	183834	WP_039507978.1#46	NZ_JUJQ01000005.1	GCF_000808475.1



WP_156524123.1#56|Halomonas_sp__HL_93	1470	-	+	13	-5843	-4374	3100544	3102013	WP_074397285.1#56	NZ_LT593974.1	GCF_900086985.1
WP_156524123.1#56|Halomonas_sp__HL_93	1578	-	+	36	-4281	-2704	3098874	3100451	WP_074397284.1#56	NZ_LT593974.1	GCF_900086985.1
WP_156524123.1#56|Halomonas_sp__HL_93	1038	-	+	2	-2117	-1080	3097250	3098287	WP_074397283.1#56	NZ_LT593974.1	GCF_900086985.1
WP_156524123.1#56|Halomonas_sp__HL_93	1089	-	+	1	-1087	1	3096169	3097257	WP_074397282.1#56	NZ_LT593974.1	GCF_900086985.1
WP_156524123.1#56|Halomonas_sp__HL_93	822	-	+	67	1	822	3095348	3096169	WP_156524123.1#56	NZ_LT593974.1	GCF_900086985.1
WP_156524123.1#56|Halomonas_sp__HL_93	213	-	+	0	1063	1275	3094895	3095107	WP_074394876.1#56	NZ_LT593974.1	GCF_900086985.1
WP_156524123.1#56|Halomonas_sp__HL_93	357	-	+	0	1272	1628	3094542	3094898	WP_074394877.1#56	NZ_LT593974.1	GCF_900086985.1
WP_156524123.1#56|Halomonas_sp__HL_93	1596	-	+	0	1675	3270	3092900	3094495	WP_074398367.1#56	NZ_LT593974.1	GCF_900086985.1
WP_156524123.1#56|Halomonas_sp__HL_93	450	-	+	0	3621	4070	3092100	3092549	WP_074397281.1#56	NZ_LT593974.1	GCF_900086985.1



WP_325795095.1#102|Enterobacter_asburiae	561	+	-	0	-4407	-3847	397727	398287	WP_248169887.1#102	NZ_JAMWTR010000004.1	GCF_035797515.1
WP_325795095.1#102|Enterobacter_asburiae	357	+	-	0	-3741	-3385	398393	398749	WP_023333137.1#102	NZ_JAMWTR010000004.1	GCF_035797515.1
WP_325795095.1#102|Enterobacter_asburiae	1122	+	+	2	-2195	-1074	399939	401060	WP_325795093.1#102	NZ_JAMWTR010000004.1	GCF_035797515.1
WP_325795095.1#102|Enterobacter_asburiae	1083	+	+	1	-1081	1	401053	402135	WP_325795094.1#102	NZ_JAMWTR010000004.1	GCF_035797515.1
WP_325795095.1#102|Enterobacter_asburiae	822	+	+	67	1	822	402135	402956	WP_325795095.1#102	NZ_JAMWTR010000004.1	GCF_035797515.1
WP_325795095.1#102|Enterobacter_asburiae	336	+	-	0	1086	1421	403220	403555	WP_180242658.1#102	NZ_JAMWTR010000004.1	GCF_035797515.1
WP_325795095.1#102|Enterobacter_asburiae	363	+	-	0	1453	1815	403587	403949	WP_325795096.1#102	NZ_JAMWTR010000004.1	GCF_035797515.1
WP_325795095.1#102|Enterobacter_asburiae	222	+	-	0	1841	2062	403975	404196	WP_180242660.1#102	NZ_JAMWTR010000004.1	GCF_035797515.1
WP_325795095.1#102|Enterobacter_asburiae	543	+	-	65	2059	2601	404193	404735	WP_325795097.1#102	NZ_JAMWTR010000004.1	GCF_035797515.1



WP_050870090.1#131|Yersinia_enterocolitica	1314	-	-	0	-4346	-3033	102514	103827	WP_050870094.1#131	NZ_JBGEFV010000013.1	GCF_050254255.1
WP_050870090.1#131|Yersinia_enterocolitica	210	-	+	0	-2588	-2379	101860	102069	WP_050870093.1#131	NZ_JBGEFV010000013.1	GCF_050254255.1
WP_050870090.1#131|Yersinia_enterocolitica	1038	-	+	2	-2118	-1081	100562	101599	WP_050870092.1#131	NZ_JBGEFV010000013.1	GCF_050254255.1
WP_050870090.1#131|Yersinia_enterocolitica	1089	-	+	1	-1088	0	99481	100569	WP_050870091.1#131	NZ_JBGEFV010000013.1	GCF_050254255.1
WP_050870090.1#131|Yersinia_enterocolitica	825	-	+	67	1	825	98656	99480	WP_050870090.1#131	NZ_JBGEFV010000013.1	GCF_050254255.1
WP_050870090.1#131|Yersinia_enterocolitica	651	-	+	43	1071	1721	97760	98410	WP_072095890.1#131	NZ_JBGEFV010000013.1	GCF_050254255.1
WP_050870090.1#131|Yersinia_enterocolitica	675	-	+	0	1823	2497	96984	97658	WP_050870132.1#131	NZ_JBGEFV010000013.1	GCF_050254255.1
WP_050870090.1#131|Yersinia_enterocolitica	498	-	+	0	2533	3030	96451	96948	WP_050870130.1#131	NZ_JBGEFV010000013.1	GCF_050254255.1
WP_050870090.1#131|Yersinia_enterocolitica	2070	-	+	0	3166	5235	94246	96315	WP_050870089.1#131	NZ_JBGEFV010000013.1	GCF_050254255.1



WP_309266774.1#75|Aeromonas_salmonicida_subsp__masoucida	1059	+	-	0	-4697	-3639	2124589	2125647	WP_309266771.1#75	NZ_CP102172.1	GCF_031233635.1
WP_309266774.1#75|Aeromonas_salmonicida_subsp__masoucida	1102	+	-	69	-3422	-2321	2125864	2126965	pseudogene_75.2*#75	NZ_CP102172.1	GCF_031233635.1
WP_309266774.1#75|Aeromonas_salmonicida_subsp__masoucida	1038	+	+	2	-2118	-1081	2127168	2128205	WP_309266772.1#75	NZ_CP102172.1	GCF_031233635.1
WP_309266774.1#75|Aeromonas_salmonicida_subsp__masoucida	1092	+	+	1	-1091	0	2128195	2129286	WP_309266773.1#75	NZ_CP102172.1	GCF_031233635.1
WP_309266774.1#75|Aeromonas_salmonicida_subsp__masoucida	825	+	+	67	1	825	2129287	2130111	WP_309266774.1#75	NZ_CP102172.1	GCF_031233635.1
WP_309266774.1#75|Aeromonas_salmonicida_subsp__masoucida	294	+	+	0	1672	1965	2130958	2131251	WP_309266775.1#75	NZ_CP102172.1	GCF_031233635.1
WP_309266774.1#75|Aeromonas_salmonicida_subsp__masoucida	1095	+	+	0	2121	3215	2131407	2132501	WP_309266776.1#75	NZ_CP102172.1	GCF_031233635.1
WP_309266774.1#75|Aeromonas_salmonicida_subsp__masoucida	1977	+	+	0	3580	5556	2132866	2134842	WP_087755693.1#75	NZ_CP102172.1	GCF_031233635.1
WP_309266774.1#75|Aeromonas_salmonicida_subsp__masoucida	561	+	+	0	5637	6197	2134923	2135483	WP_005315696.1#75	NZ_CP102172.1	GCF_031233635.1



WP_105082262.1#50|Pantoea_ananatis	324	-	+	0	-5264	-4941	88799	89122	WP_105082258.1#50	NZ_JABEAX010000002.1	GCF_017921355.1
WP_105082262.1#50|Pantoea_ananatis	2331	-	+	0	-4926	-2596	86454	88784	WP_105082259.1#50	NZ_JABEAX010000002.1	GCF_017921355.1
WP_105082262.1#50|Pantoea_ananatis	1029	-	+	2	-2119	-1091	84949	85977	WP_146109541.1#50	NZ_JABEAX010000002.1	GCF_017921355.1
WP_105082262.1#50|Pantoea_ananatis	1089	-	+	1	-1088	0	83858	84946	WP_105082261.1#50	NZ_JABEAX010000002.1	GCF_017921355.1
WP_105082262.1#50|Pantoea_ananatis	828	-	+	67	1	828	83030	83857	WP_105082262.1#50	NZ_JABEAX010000002.1	GCF_017921355.1
WP_105082262.1#50|Pantoea_ananatis	618	-	+	34	1344	1961	81897	82514	WP_072404130.1#50	NZ_JABEAX010000002.1	GCF_017921355.1
WP_105082262.1#50|Pantoea_ananatis	897	-	+	35	2126	3022	80836	81732	WP_072404131.1#50	NZ_JABEAX010000002.1	GCF_017921355.1
WP_105082262.1#50|Pantoea_ananatis	2148	-	+	52	3756	5903	77955	80102	WP_246870616.1#50	NZ_JABEAX010000002.1	GCF_017921355.1
WP_105082262.1#50|Pantoea_ananatis	945	-	+	0	6134	7078	76780	77724	WP_014594364.1#50	NZ_JABEAX010000002.1	GCF_017921355.1



WP_061772507.1#38|Enterobacter_cloacae	364	+	+	68	-4135	-3772	26788	27151	tmRNA_38.9*#38	NZ_JBGERT010000048.1	GCF_041204025.1
WP_061772507.1#38|Enterobacter_cloacae	1204	+	+	69	-3532	-2329	27391	28594	pseudogene_38.7*#38	NZ_JBGERT010000048.1	GCF_041204025.1
WP_061772507.1#38|Enterobacter_cloacae	1029	+	+	2	-2118	-1090	28805	29833	WP_061772508.1#38	NZ_JBGERT010000048.1	GCF_041204025.1
WP_061772507.1#38|Enterobacter_cloacae	1089	+	+	1	-1087	1	29836	30924	WP_048970724.1#38	NZ_JBGERT010000048.1	GCF_041204025.1
WP_061772507.1#38|Enterobacter_cloacae	822	+	+	67	1	822	30924	31745	WP_061772507.1#38	NZ_JBGERT010000048.1	GCF_041204025.1
WP_061772507.1#38|Enterobacter_cloacae	1135	+	-	69	1000	2134	31923	33057	pseudogene_38.9*#38	NZ_JBGERT010000048.1	GCF_041204025.1
WP_061772507.1#38|Enterobacter_cloacae	274	+	+	69	2194	2467	33117	33390	pseudogene_38.1*#38	NZ_JBGERT010000048.1	GCF_041204025.1
WP_061772507.1#38|Enterobacter_cloacae	556	+	+	0	2669	3224	33592	34147	WP_369706323.1#38	NZ_JBGERT010000048.1	GCF_041204025.1



WP_157818036.1#16|Candidatus_Thiodictyon_syntrophicum_str__Cad16	669	-	+	0	-18078	-17410	157926	158594	WP_157818038.1#16	NZ_OZ455107.1	GCF_982375505.1
WP_157818036.1#16|Candidatus_Thiodictyon_syntrophicum_str__Cad16	3948	-	+	0	-17394	-13447	153963	157910	WP_100922755.1#16	NZ_OZ455107.1	GCF_982375505.1
WP_157818036.1#16|Candidatus_Thiodictyon_syntrophicum_str__Cad16	3813	-	+	0	-13441	-9629	150145	153957	WP_157818037.1#16	NZ_OZ455107.1	GCF_982375505.1
WP_157818036.1#16|Candidatus_Thiodictyon_syntrophicum_str__Cad16	8961	-	+	0	-9592	-632	141148	150108	WP_100922754.1#16	NZ_OZ455107.1	GCF_982375505.1
WP_157818036.1#16|Candidatus_Thiodictyon_syntrophicum_str__Cad16	405	-	+	67	1	405	140111	140515	WP_157818036.1#16	NZ_OZ455107.1	GCF_982375505.1
WP_157818036.1#16|Candidatus_Thiodictyon_syntrophicum_str__Cad16	1461	-	+	3	402	1862	138654	140114	WP_157818035.1#16	NZ_OZ455107.1	GCF_982375505.1
WP_157818036.1#16|Candidatus_Thiodictyon_syntrophicum_str__Cad16	147	-	-	69	2047	2193	138323	138469	pseudogene_16.3*#16	NZ_OZ455107.1	GCF_982375505.1
WP_157818036.1#16|Candidatus_Thiodictyon_syntrophicum_str__Cad16	685	-	+	69	2648	3332	137184	137868	pseudogene_16.0*#16	NZ_OZ455107.1	GCF_982375505.1
WP_157818036.1#16|Candidatus_Thiodictyon_syntrophicum_str__Cad16	225	-	+	0	3801	4025	136491	136715	WP_100922750.1#16	NZ_OZ455107.1	GCF_982375505.1



WP_141213252.1#53|Janthinobacterium_sp__PC23_8	402	+	-	0	-5542	-5141	3350312	3350713	WP_094443237.1#53	NZ_NJGY01000001.1	GCF_002250505.1
WP_141213252.1#53|Janthinobacterium_sp__PC23_8	2772	+	+	51	-4859	-2088	3350995	3353766	WP_094443238.1#53	NZ_NJGY01000001.1	GCF_002250505.1
WP_141213252.1#53|Janthinobacterium_sp__PC23_8	885	+	+	0	-2040	-1156	3353814	3354698	WP_094443239.1#53	NZ_NJGY01000001.1	GCF_002250505.1
WP_141213252.1#53|Janthinobacterium_sp__PC23_8	756	+	+	0	-921	-166	3354933	3355688	WP_094443240.1#53	NZ_NJGY01000001.1	GCF_002250505.1
WP_141213252.1#53|Janthinobacterium_sp__PC23_8	396	+	+	67	1	396	3355855	3356250	WP_141213252.1#53	NZ_NJGY01000001.1	GCF_002250505.1
WP_141213252.1#53|Janthinobacterium_sp__PC23_8	1485	+	+	3	389	1873	3356243	3357727	WP_094443242.1#53	NZ_NJGY01000001.1	GCF_002250505.1
WP_141213252.1#53|Janthinobacterium_sp__PC23_8	858	+	-	0	2271	3128	3358125	3358982	WP_094443243.1#53	NZ_NJGY01000001.1	GCF_002250505.1
WP_141213252.1#53|Janthinobacterium_sp__PC23_8	924	+	-	0	3140	4063	3358994	3359917	WP_094443244.1#53	NZ_NJGY01000001.1	GCF_002250505.1
WP_141213252.1#53|Janthinobacterium_sp__PC23_8	1101	+	-	0	4118	5218	3359972	3361072	WP_094443245.1#53	NZ_NJGY01000001.1	GCF_002250505.1



WP_161914422.1#115|Methylosinus_sp__C49	375	-	-	0	-5500	-5126	3362764	3363138	WP_161914426.1#115	NZ_AP022332.1	GCF_009936375.1
WP_161914422.1#115|Methylosinus_sp__C49	618	-	-	0	-5139	-4522	3362160	3362777	WP_161914425.1#115	NZ_AP022332.1	GCF_009936375.1
WP_161914422.1#115|Methylosinus_sp__C49	624	-	-	0	-4455	-3832	3361470	3362093	WP_244635157.1#115	NZ_AP022332.1	GCF_009936375.1
WP_161914422.1#115|Methylosinus_sp__C49	3453	-	-	12	-3513	-61	3357699	3361151	WP_161914423.1#115	NZ_AP022332.1	GCF_009936375.1
WP_161914422.1#115|Methylosinus_sp__C49	420	-	+	67	1	420	3357218	3357637	WP_161914422.1#115	NZ_AP022332.1	GCF_009936375.1
WP_161914422.1#115|Methylosinus_sp__C49	1293	-	-	0	555	1847	3355791	3357083	WP_244635155.1#115	NZ_AP022332.1	GCF_009936375.1
WP_161914422.1#115|Methylosinus_sp__C49	1242	-	-	10	1897	3138	3354500	3355741	WP_197745434.1#115	NZ_AP022332.1	GCF_009936375.1
WP_161914422.1#115|Methylosinus_sp__C49	1521	-	-	69	3135	4655	3352983	3354503	pseudogene_115.7*#115	NZ_AP022332.1	GCF_009936375.1
WP_161914422.1#115|Methylosinus_sp__C49	1133	-	+	18	4719	5851	3351787	3352919	WP_161914419.1#115	NZ_AP022332.1	GCF_009936375.1



WP_156034300.1#114|Allobosea_sp__117	189	+	-	0	-2508	-2320	4028	4216	WP_029356749.1#114	NZ_KL370890.1	GCF_000702305.1
WP_156034300.1#114|Allobosea_sp__117	660	+	+	0	-2187	-1528	4349	5008	WP_029356751.1#114	NZ_KL370890.1	GCF_000702305.1
WP_156034300.1#114|Allobosea_sp__117	243	+	+	0	-1453	-1211	5083	5325	WP_282568336.1#114	NZ_KL370890.1	GCF_000702305.1
WP_156034300.1#114|Allobosea_sp__117	1257	+	+	0	-1209	47	5327	6583	WP_248310454.1#114	NZ_KL370890.1	GCF_000702305.1
WP_156034300.1#114|Allobosea_sp__117	477	+	+	67	1	477	6537	7013	WP_156034300.1#114	NZ_KL370890.1	GCF_000702305.1
WP_156034300.1#114|Allobosea_sp__117	1437	+	+	3	474	1910	7010	8446	WP_197028310.1#114	NZ_KL370890.1	GCF_000702305.1
WP_156034300.1#114|Allobosea_sp__117	1113	+	-	0	2144	3256	8680	9792	WP_038362400.1#114	NZ_KL370890.1	GCF_000702305.1
WP_156034300.1#114|Allobosea_sp__117	951	+	-	0	3253	4203	9789	10739	WP_029356761.1#114	NZ_KL370890.1	GCF_000702305.1
WP_156034300.1#114|Allobosea_sp__117	1596	+	-	0	4200	5795	10736	12331	WP_081853144.1#114	NZ_KL370890.1	GCF_000702305.1



WP_294218997.1#14|Pseudobutyrivibrio_sp_	219	+	+	0	-4071	-3853	7588	7806	WP_294218991.1#14	NZ_SVEV01000046.1	GCF_015057185.1
WP_294218997.1#14|Pseudobutyrivibrio_sp_	1278	+	+	0	-3686	-2409	7973	9250	WP_294218992.1#14	NZ_SVEV01000046.1	GCF_015057185.1
WP_294218997.1#14|Pseudobutyrivibrio_sp_	1245	+	+	2	-2353	-1109	9306	10550	WP_294218993.1#14	NZ_SVEV01000046.1	GCF_015057185.1
WP_294218997.1#14|Pseudobutyrivibrio_sp_	1095	+	+	1	-1109	-15	10550	11644	WP_294218995.1#14	NZ_SVEV01000046.1	GCF_015057185.1
WP_294218997.1#14|Pseudobutyrivibrio_sp_	795	+	+	67	1	795	11660	12454	WP_294218997.1#14	NZ_SVEV01000046.1	GCF_015057185.1
WP_294218997.1#14|Pseudobutyrivibrio_sp_	123	+	+	0	1033	1155	12692	12814	WP_294218999.1#14	NZ_SVEV01000046.1	GCF_015057185.1
WP_294218997.1#14|Pseudobutyrivibrio_sp_	987	+	+	0	1466	2452	13125	14111	WP_294219001.1#14	NZ_SVEV01000046.1	GCF_015057185.1
WP_294218997.1#14|Pseudobutyrivibrio_sp_	603	+	+	0	2565	3167	14224	14826	WP_294219003.1#14	NZ_SVEV01000046.1	GCF_015057185.1
WP_294218997.1#14|Pseudobutyrivibrio_sp_	906	+	+	0	3172	4077	14831	15736	WP_294219005.1#14	NZ_SVEV01000046.1	GCF_015057185.1



WP_026491187.1#45|Butyrivibrio_sp__XPD2002	963	+	+	33	-7848	-6886	219281	220243	WP_026491184.1#45	NZ_AUIY01000004.1	GCF_000423945.1
WP_026491187.1#45|Butyrivibrio_sp__XPD2002	4287	+	+	33	-6842	-2556	220287	224573	WP_026491185.1#45	NZ_AUIY01000004.1	GCF_000423945.1
WP_026491187.1#45|Butyrivibrio_sp__XPD2002	1251	+	+	2	-2319	-1069	224810	226060	WP_051200675.1#45	NZ_AUIY01000004.1	GCF_000423945.1
WP_026491187.1#45|Butyrivibrio_sp__XPD2002	1077	+	+	1	-1079	-3	226050	227126	WP_026491186.1#45	NZ_AUIY01000004.1	GCF_000423945.1
WP_026491187.1#45|Butyrivibrio_sp__XPD2002	756	+	+	67	1	756	227130	227885	WP_026491187.1#45	NZ_AUIY01000004.1	GCF_000423945.1
WP_026491187.1#45|Butyrivibrio_sp__XPD2002	1455	+	+	0	792	2246	227921	229375	WP_026491188.1#45	NZ_AUIY01000004.1	GCF_000423945.1
WP_026491187.1#45|Butyrivibrio_sp__XPD2002	1527	+	+	0	2250	3776	229379	230905	WP_026491189.1#45	NZ_AUIY01000004.1	GCF_000423945.1
WP_026491187.1#45|Butyrivibrio_sp__XPD2002	1185	+	+	0	3841	5025	230970	232154	WP_026491190.1#45	NZ_AUIY01000004.1	GCF_000423945.1
WP_026491187.1#45|Butyrivibrio_sp__XPD2002	1566	+	+	0	5030	6595	232159	233724	WP_026491191.1#45	NZ_AUIY01000004.1	GCF_000423945.1



WP_112146063.1#41|Faecalibacterium_hattorii	2007	+	-	0	-5545	-3539	36563	38569	WP_112146055.1#41	NZ_PRLC01000016.1	GCF_003287455.1
WP_112146063.1#41|Faecalibacterium_hattorii	918	+	+	0	-3403	-2486	38705	39622	WP_112146057.1#41	NZ_PRLC01000016.1	GCF_003287455.1
WP_112146063.1#41|Faecalibacterium_hattorii	1299	+	+	2	-2407	-1109	39701	40999	WP_112146059.1#41	NZ_PRLC01000016.1	GCF_003287455.1
WP_112146063.1#41|Faecalibacterium_hattorii	1110	+	+	1	-1124	-15	40984	42093	WP_112146061.1#41	NZ_PRLC01000016.1	GCF_003287455.1
WP_112146063.1#41|Faecalibacterium_hattorii	762	+	+	67	1	762	42109	42870	WP_112146063.1#41	NZ_PRLC01000016.1	GCF_003287455.1
WP_112146063.1#41|Faecalibacterium_hattorii	1089	+	+	0	919	2007	43027	44115	WP_097839412.1#41	NZ_PRLC01000016.1	GCF_003287455.1
WP_112146063.1#41|Faecalibacterium_hattorii	1674	+	-	0	2183	3856	44291	45964	WP_181567121.1#41	NZ_PRLC01000016.1	GCF_003287455.1
WP_112146063.1#41|Faecalibacterium_hattorii	795	+	-	6	3991	4785	46099	46893	WP_112146068.1#41	NZ_PRLC01000016.1	GCF_003287455.1
WP_112146063.1#41|Faecalibacterium_hattorii	942	+	-	0	4778	5719	46886	47827	WP_112146070.1#41	NZ_PRLC01000016.1	GCF_003287455.1



WP_300714820.1#99|uncultured_Acetatifactor_sp_	1305	-	+	2	-2409	-1105	10941	12245	WP_300714823.1#99	NZ_CASJLX010000123.1	GCF_949382415.1
WP_300714820.1#99|uncultured_Acetatifactor_sp_	1098	-	+	1	-1108	-11	9847	10944	WP_300714821.1#99	NZ_CASJLX010000123.1	GCF_949382415.1
WP_300714820.1#99|uncultured_Acetatifactor_sp_	741	-	+	67	1	741	9095	9835	WP_300714820.1#99	NZ_CASJLX010000123.1	GCF_949382415.1
WP_300714820.1#99|uncultured_Acetatifactor_sp_	2250	-	+	0	769	3018	6818	9067	WP_300714819.1#99	NZ_CASJLX010000123.1	GCF_949382415.1
WP_300714820.1#99|uncultured_Acetatifactor_sp_	2598	-	+	0	3104	5701	4135	6732	WP_300714818.1#99	NZ_CASJLX010000123.1	GCF_949382415.1
WP_300714820.1#99|uncultured_Acetatifactor_sp_	1335	-	+	0	5803	7137	2699	4033	WP_300714817.1#99	NZ_CASJLX010000123.1	GCF_949382415.1
WP_300714820.1#99|uncultured_Acetatifactor_sp_	726	-	+	0	7199	7924	1912	2637	WP_289766986.1#99	NZ_CASJLX010000123.1	GCF_949382415.1



WP_158591232.1#58|Roseburia_sp__1XD42_69	975	+	+	0	-4446	-3472	27579	28553	WP_120406621.1#58	NZ_RAZG01000006.1	GCF_003612565.1
WP_158591232.1#58|Roseburia_sp__1XD42_69	1041	+	+	0	-3435	-2395	28590	29630	WP_120406622.1#58	NZ_RAZG01000006.1	GCF_003612565.1
WP_158591232.1#58|Roseburia_sp__1XD42_69	1287	+	+	2	-2385	-1099	29640	30926	WP_120406623.1#58	NZ_RAZG01000006.1	GCF_003612565.1
WP_158591232.1#58|Roseburia_sp__1XD42_69	1092	+	+	1	-1105	-14	30920	32011	WP_158591230.1#58	NZ_RAZG01000006.1	GCF_003612565.1
WP_158591232.1#58|Roseburia_sp__1XD42_69	744	+	+	67	1	744	32026	32769	WP_158591232.1#58	NZ_RAZG01000006.1	GCF_003612565.1
WP_158591232.1#58|Roseburia_sp__1XD42_69	492	+	+	0	778	1269	32803	33294	WP_120406626.1#58	NZ_RAZG01000006.1	GCF_003612565.1
WP_158591232.1#58|Roseburia_sp__1XD42_69	849	+	-	0	1282	2130	33307	34155	WP_158591234.1#58	NZ_RAZG01000006.1	GCF_003612565.1
WP_158591232.1#58|Roseburia_sp__1XD42_69	1461	+	-	13	2144	3604	34169	35629	WP_120406628.1#58	NZ_RAZG01000006.1	GCF_003612565.1
WP_158591232.1#58|Roseburia_sp__1XD42_69	1350	+	+	0	3751	5100	35776	37125	WP_120406629.1#58	NZ_RAZG01000006.1	GCF_003612565.1



WP_167860849.1#136|Rhizobium_phaseoli	747	-	+	0	-4328	-3582	927385	928131	WP_167860853.1#136	NZ_CP064931.1	GCF_012241395.2
WP_167860849.1#136|Rhizobium_phaseoli	921	-	+	0	-3462	-2542	926345	927265	WP_225884170.1#136	NZ_CP064931.1	GCF_012241395.2
WP_167860849.1#136|Rhizobium_phaseoli	1323	-	+	2	-2475	-1153	924956	926278	WP_167860851.1#136	NZ_CP064931.1	GCF_012241395.2
WP_167860849.1#136|Rhizobium_phaseoli	1158	-	+	1	-1160	-3	923806	924963	WP_167860850.1#136	NZ_CP064931.1	GCF_012241395.2
WP_167860849.1#136|Rhizobium_phaseoli	747	-	+	67	1	747	923056	923802	WP_167860849.1#136	NZ_CP064931.1	GCF_012241395.2
WP_167860849.1#136|Rhizobium_phaseoli	1851	-	-	0	789	2639	921164	923014	WP_167860848.1#136	NZ_CP064931.1	GCF_012241395.2
WP_167860849.1#136|Rhizobium_phaseoli	333	-	-	0	2700	3032	920771	921103	WP_225884175.1#136	NZ_CP064931.1	GCF_012241395.2
WP_167860849.1#136|Rhizobium_phaseoli	372	-	-	0	3036	3407	920396	920767	WP_225884174.1#136	NZ_CP064931.1	GCF_012241395.2
WP_167860849.1#136|Rhizobium_phaseoli	1014	-	+	0	3385	4398	919405	920418	WP_404817479.1#136	NZ_CP064931.1	GCF_012241395.2



WP_282506393.1#71|Burkholderia_cepacia	2115	+	-	25	-6414	-4300	245081	247195	WP_282506389.1#71	NZ_CP073637.1	GCF_029962485.1
WP_282506393.1#71|Burkholderia_cepacia	576	+	-	26	-3829	-3254	247666	248241	WP_282506390.1#71	NZ_CP073637.1	GCF_029962485.1
WP_282506393.1#71|Burkholderia_cepacia	1356	+	+	2	-2696	-1341	248799	250154	WP_282506391.1#71	NZ_CP073637.1	GCF_029962485.1
WP_282506393.1#71|Burkholderia_cepacia	1149	+	+	1	-1348	-200	250147	251295	WP_282506392.1#71	NZ_CP073637.1	GCF_029962485.1
WP_282506393.1#71|Burkholderia_cepacia	570	+	+	67	1	570	251496	252065	WP_282506393.1#71	NZ_CP073637.1	GCF_029962485.1
WP_282506393.1#71|Burkholderia_cepacia	312	+	-	0	907	1218	252402	252713	WP_282506394.1#71	NZ_CP073637.1	GCF_029962485.1
WP_282506393.1#71|Burkholderia_cepacia	1398	+	-	0	1345	2742	252840	254237	WP_282506395.1#71	NZ_CP073637.1	GCF_029962485.1
WP_282506393.1#71|Burkholderia_cepacia	1341	+	-	0	2805	4145	254300	255640	WP_176048892.1#71	NZ_CP073637.1	GCF_029962485.1
WP_282506393.1#71|Burkholderia_cepacia	975	+	-	9	4358	5332	255853	256827	WP_282506396.1#71	NZ_CP073637.1	GCF_029962485.1



WP_075065614.1#40|Candidatus_Berkiella_aquae	1128	+	+	47	-7233	-6106	770795	771922	WP_075065617.1#40	NZ_LKAJ02000001.1	GCF_001431295.2
WP_075065614.1#40|Candidatus_Berkiella_aquae	1005	+	+	47	-6121	-5117	771907	772911	WP_200957101.1#40	NZ_LKAJ02000001.1	GCF_001431295.2
WP_075065614.1#40|Candidatus_Berkiella_aquae	765	+	+	6	-5130	-4366	772898	773662	WP_075065616.1#40	NZ_LKAJ02000001.1	GCF_001431295.2
WP_075065614.1#40|Candidatus_Berkiella_aquae	3855	+	+	0	-4161	-307	773867	777721	WP_139016570.1#40	NZ_LKAJ02000001.1	GCF_001431295.2
WP_075065614.1#40|Candidatus_Berkiella_aquae	5691	+	+	67	1	5691	778029	783719	WP_075065614.1#40	NZ_LKAJ02000001.1	GCF_001431295.2
WP_075065614.1#40|Candidatus_Berkiella_aquae	696	+	+	3	5717	6412	783745	784440	WP_075065613.1#40	NZ_LKAJ02000001.1	GCF_001431295.2
WP_075065614.1#40|Candidatus_Berkiella_aquae	249	+	+	0	6461	6709	784489	784737	WP_075065612.1#40	NZ_LKAJ02000001.1	GCF_001431295.2
WP_075065614.1#40|Candidatus_Berkiella_aquae	285	+	+	0	6727	7011	784755	785039	WP_075065611.1#40	NZ_LKAJ02000001.1	GCF_001431295.2
WP_075065614.1#40|Candidatus_Berkiella_aquae	585	+	+	0	7439	8023	785467	786051	WP_075065609.1#40	NZ_LKAJ02000001.1	GCF_001431295.2



WP_146142487.1#55|Paraburkholderia_sp__BL18I3N2	2922	-	-	20	-6785	-3864	473995	476916	WP_106302948.1#55	NZ_PVNC01000002.1	GCF_003001875.1
WP_146142487.1#55|Paraburkholderia_sp__BL18I3N2	579	-	-	26	-3861	-3283	473414	473992	WP_106302945.1#55	NZ_PVNC01000002.1	GCF_003001875.1
WP_146142487.1#55|Paraburkholderia_sp__BL18I3N2	1362	-	+	2	-2610	-1249	471380	472741	WP_181309199.1#55	NZ_PVNC01000002.1	GCF_003001875.1
WP_146142487.1#55|Paraburkholderia_sp__BL18I3N2	1134	-	+	1	-1252	-119	470250	471383	WP_106302939.1#55	NZ_PVNC01000002.1	GCF_003001875.1
WP_146142487.1#55|Paraburkholderia_sp__BL18I3N2	654	-	+	67	1	654	469477	470130	WP_146142487.1#55	NZ_PVNC01000002.1	GCF_003001875.1
WP_146142487.1#55|Paraburkholderia_sp__BL18I3N2	924	-	-	0	872	1795	468336	469259	WP_181309211.1#55	NZ_PVNC01000002.1	GCF_003001875.1
WP_146142487.1#55|Paraburkholderia_sp__BL18I3N2	831	-	-	0	1825	2655	467476	468306	WP_106302933.1#55	NZ_PVNC01000002.1	GCF_003001875.1
WP_146142487.1#55|Paraburkholderia_sp__BL18I3N2	126	-	-	0	2794	2919	467212	467337	WP_258194248.1#55	NZ_PVNC01000002.1	GCF_003001875.1
WP_146142487.1#55|Paraburkholderia_sp__BL18I3N2	1200	-	-	0	3595	4794	465337	466536	WP_258194247.1#55	NZ_PVNC01000002.1	GCF_003001875.1



WP_085052580.1#107|Candidatus_Magnetominusculus_xianensis	297	+	+	0	-3144	-2848	10351	10647	WP_236861653.1#107	NZ_LNQR01000070.1	GCF_001541255.1
WP_085052580.1#107|Candidatus_Magnetominusculus_xianensis	318	+	+	0	-2831	-2514	10664	10981	WP_157072928.1#107	NZ_LNQR01000070.1	GCF_001541255.1
WP_085052580.1#107|Candidatus_Magnetominusculus_xianensis	1134	+	+	2	-2362	-1229	11133	12266	WP_085052578.1#107	NZ_LNQR01000070.1	GCF_001541255.1
WP_085052580.1#107|Candidatus_Magnetominusculus_xianensis	1227	+	+	1	-1229	-3	12266	13492	WP_085052579.1#107	NZ_LNQR01000070.1	GCF_001541255.1
WP_085052580.1#107|Candidatus_Magnetominusculus_xianensis	810	+	+	67	1	810	13496	14305	WP_085052580.1#107	NZ_LNQR01000070.1	GCF_001541255.1
WP_085052580.1#107|Candidatus_Magnetominusculus_xianensis	879	+	+	0	949	1827	14444	15322	WP_085052581.1#107	NZ_LNQR01000070.1	GCF_001541255.1
WP_085052580.1#107|Candidatus_Magnetominusculus_xianensis	2079	+	+	0	1824	3902	15319	17397	WP_085052582.1#107	NZ_LNQR01000070.1	GCF_001541255.1
WP_085052580.1#107|Candidatus_Magnetominusculus_xianensis	387	+	+	0	4008	4394	17503	17889	WP_085052583.1#107	NZ_LNQR01000070.1	GCF_001541255.1
WP_085052580.1#107|Candidatus_Magnetominusculus_xianensis	1386	+	+	0	4391	5776	17886	19271	WP_085052584.1#107	NZ_LNQR01000070.1	GCF_001541255.1



WP_286145222.1#123|Bacteroides_caecimuris	251	-	+	69	-2576	-2326	3504	3754	pseudogene_123.5*#123	NZ_CASOOE010000316.1	GCF_949416795.1
WP_286145222.1#123|Bacteroides_caecimuris	1134	-	+	2	-2264	-1131	2309	3442	WP_286145224.1#123	NZ_CASOOE010000316.1	GCF_949416795.1
WP_286145222.1#123|Bacteroides_caecimuris	1134	-	+	1	-1134	-1	1179	2312	WP_286145223.1#123	NZ_CASOOE010000316.1	GCF_949416795.1
WP_286145222.1#123|Bacteroides_caecimuris	834	-	+	67	1	834	344	1177	WP_286145222.1#123	NZ_CASOOE010000316.1	GCF_949416795.1
WP_286145222.1#123|Bacteroides_caecimuris	208	-	+	0	970	1177	1	208	WP_286145221.1#123	NZ_CASOOE010000316.1	GCF_949416795.1



WP_268607373.1#28|Paenibacillus_apiarius	724	+	+	67	1	724	1	724	WP_268607373.1#28	NZ_JAMDNJ010000024.1	GCF_026797635.1
WP_268607373.1#28|Paenibacillus_apiarius	522	+	+	50	738	1259	738	1259	WP_087433098.1#28	NZ_JAMDNJ010000024.1	GCF_026797635.1
WP_268607373.1#28|Paenibacillus_apiarius	1788	+	+	7	1486	3273	1486	3273	WP_140397857.1#28	NZ_JAMDNJ010000024.1	GCF_026797635.1
WP_268607373.1#28|Paenibacillus_apiarius	384	+	+	56	3306	3689	3306	3689	WP_087433100.1#28	NZ_JAMDNJ010000024.1	GCF_026797635.1
WP_268607373.1#28|Paenibacillus_apiarius	997	+	+	69	3890	4886	3890	4886	pseudogene_28.0*#28	NZ_JAMDNJ010000024.1	GCF_026797635.1



WP_141106995.1#134|Herbaspirillum_aquaticum	1482	-	+	42	-5256	-3775	70533	72014	WP_088755258.1#134	NZ_NJGV01000009.1	GCF_002213425.1
WP_141106995.1#134|Herbaspirillum_aquaticum	1212	-	+	0	-3729	-2518	69276	70487	WP_088755393.1#134	NZ_NJGV01000009.1	GCF_002213425.1
WP_141106995.1#134|Herbaspirillum_aquaticum	1131	-	-	0	-2531	-1401	68159	69289	WP_088755257.1#134	NZ_NJGV01000009.1	GCF_002213425.1
WP_141106995.1#134|Herbaspirillum_aquaticum	897	-	-	9	-1271	-375	67133	68029	WP_088755256.1#134	NZ_NJGV01000009.1	GCF_002213425.1
WP_141106995.1#134|Herbaspirillum_aquaticum	810	-	+	67	1	810	65948	66757	WP_141106995.1#134	NZ_NJGV01000009.1	GCF_002213425.1
WP_141106995.1#134|Herbaspirillum_aquaticum	567	-	+	44	811	1377	65381	65947	WP_088755254.1#134	NZ_NJGV01000009.1	GCF_002213425.1
WP_141106995.1#134|Herbaspirillum_aquaticum	594	-	+	44	1520	2113	64645	65238	WP_141106994.1#134	NZ_NJGV01000009.1	GCF_002213425.1
WP_141106995.1#134|Herbaspirillum_aquaticum	213	-	+	0	2362	2574	64184	64396	WP_141106993.1#134	NZ_NJGV01000009.1	GCF_002213425.1
WP_141106995.1#134|Herbaspirillum_aquaticum	639	-	+	0	2558	3196	63562	64200	WP_088755252.1#134	NZ_NJGV01000009.1	GCF_002213425.1



WP_123805068.1#81|Neisseria_weixii	1476	+	+	69	-2019	-544	1	1476	pseudogene_81.9*#81	NZ_RPFL01000082.1	GCF_003813805.1
WP_123805068.1#81|Neisseria_weixii	447	+	+	0	-547	-101	1473	1919	WP_123805067.1#81	NZ_RPFL01000082.1	GCF_003813805.1
WP_123805068.1#81|Neisseria_weixii	579	+	+	67	1	579	2021	2599	WP_123805068.1#81	NZ_RPFL01000082.1	GCF_003813805.1
WP_123805068.1#81|Neisseria_weixii	444	+	+	5	576	1019	2596	3039	WP_123805069.1#81	NZ_RPFL01000082.1	GCF_003813805.1



WP_267964056.1#10|Testudinibacter_sp__TR_2022	351	+	+	0	-1905	-1555	1799	2149	WP_139614565.1#10	NZ_VDHG01000122.1	GCF_006228005.1
WP_267964056.1#10|Testudinibacter_sp__TR_2022	168	+	+	0	-1394	-1227	2310	2477	WP_176552320.1#10	NZ_VDHG01000122.1	GCF_006228005.1
WP_267964056.1#10|Testudinibacter_sp__TR_2022	348	+	+	0	-1151	-804	2553	2900	WP_139625057.1#10	NZ_VDHG01000122.1	GCF_006228005.1
WP_267964056.1#10|Testudinibacter_sp__TR_2022	720	+	+	0	-784	-65	2920	3639	WP_139625056.1#10	NZ_VDHG01000122.1	GCF_006228005.1
WP_267964056.1#10|Testudinibacter_sp__TR_2022	1050	+	+	67	1	1050	3705	4754	WP_267964056.1#10	NZ_VDHG01000122.1	GCF_006228005.1
WP_267964056.1#10|Testudinibacter_sp__TR_2022	477	+	+	0	1050	1526	4754	5230	WP_139638624.1#10	NZ_VDHG01000122.1	GCF_006228005.1
WP_267964056.1#10|Testudinibacter_sp__TR_2022	540	+	+	5	1703	2242	5407	5946	WP_139638625.1#10	NZ_VDHG01000122.1	GCF_006228005.1
WP_267964056.1#10|Testudinibacter_sp__TR_2022	216	+	+	0	2243	2458	5947	6162	WP_139638626.1#10	NZ_VDHG01000122.1	GCF_006228005.1
WP_267964056.1#10|Testudinibacter_sp__TR_2022	311	+	+	69	2455	2765	6159	6469	pseudogene_10.3*#10	NZ_VDHG01000122.1	GCF_006228005.1



WP_238890804.1#66|Achromobacter_insuavis	10905	+	+	4	-12178	-1274	44510	55414	WP_238890801.1#66	NZ_JAKJWN010000005.1	GCF_022321175.1
WP_238890804.1#66|Achromobacter_insuavis	450	+	+	0	-1265	-816	55423	55872	WP_238890802.1#66	NZ_JAKJWN010000005.1	GCF_022321175.1
WP_238890804.1#66|Achromobacter_insuavis	317	+	-	69	-787	-471	55901	56217	pseudogene_66.4*#66	NZ_JAKJWN010000005.1	GCF_022321175.1
WP_238890804.1#66|Achromobacter_insuavis	291	+	+	4	-295	-5	56393	56683	WP_238890803.1#66	NZ_JAKJWN010000005.1	GCF_022321175.1
WP_238890804.1#66|Achromobacter_insuavis	969	+	+	67	1	969	56689	57657	WP_238890804.1#66	NZ_JAKJWN010000005.1	GCF_022321175.1
WP_238890804.1#66|Achromobacter_insuavis	558	+	+	5	970	1527	57658	58215	WP_238890805.1#66	NZ_JAKJWN010000005.1	GCF_022321175.1
WP_238890804.1#66|Achromobacter_insuavis	270	+	+	0	2150	2419	58838	59107	WP_238890806.1#66	NZ_JAKJWN010000005.1	GCF_022321175.1
WP_238890804.1#66|Achromobacter_insuavis	387	+	+	0	2477	2863	59165	59551	WP_238890807.1#66	NZ_JAKJWN010000005.1	GCF_022321175.1
WP_238890804.1#66|Achromobacter_insuavis	702	+	-	0	2877	3578	59565	60266	WP_238890808.1#66	NZ_JAKJWN010000005.1	GCF_022321175.1



WP_167575070.1#135|Kluyvera_genomosp__3	846	-	+	21	-3110	-2265	919500	920345	WP_223882185.1#135	NZ_CP050321.1	GCF_011765685.1
WP_167575070.1#135|Kluyvera_genomosp__3	504	-	+	55	-2265	-1762	918997	919500	WP_167575072.1#135	NZ_CP050321.1	GCF_011765685.1
WP_167575070.1#135|Kluyvera_genomosp__3	765	-	+	69	-1308	-544	917779	918543	pseudogene_135.3*#135	NZ_CP050321.1	GCF_011765685.1
WP_167575070.1#135|Kluyvera_genomosp__3	327	-	+	0	-520	-194	917429	917755	WP_167575071.1#135	NZ_CP050321.1	GCF_011765685.1
WP_167575070.1#135|Kluyvera_genomosp__3	600	-	+	67	1	600	916635	917234	WP_167575070.1#135	NZ_CP050321.1	GCF_011765685.1
WP_167575070.1#135|Kluyvera_genomosp__3	546	-	+	5	630	1175	916060	916605	WP_167575069.1#135	NZ_CP050321.1	GCF_011765685.1
WP_167575070.1#135|Kluyvera_genomosp__3	108	-	-	48	1224	1331	915904	916011	WP_223803881.1#135	NZ_CP050321.1	GCF_011765685.1
WP_167575070.1#135|Kluyvera_genomosp__3	376	-	+	69	1557	1932	915303	915678	pseudogene_135.2*#135	NZ_CP050321.1	GCF_011765685.1
WP_167575070.1#135|Kluyvera_genomosp__3	558	-	+	0	2680	3237	913998	914555	WP_167575067.1#135	NZ_CP050321.1	GCF_011765685.1



WP_265309916.1#26|Stenotrophomonas_sp__SRS1	1434	+	+	0	-21167	-19734	207814	209247	WP_123731038.1#26	NZ_JAINFD010000004.1	GCF_026130205.1
WP_265309916.1#26|Stenotrophomonas_sp__SRS1	1650	+	+	8	-19269	-17620	209712	211361	WP_260232304.1#26	NZ_JAINFD010000004.1	GCF_026130205.1
WP_265309916.1#26|Stenotrophomonas_sp__SRS1	16284	+	+	4	-17550	-1267	211431	227714	WP_265309914.1#26	NZ_JAINFD010000004.1	GCF_026130205.1
WP_265309916.1#26|Stenotrophomonas_sp__SRS1	615	+	+	4	-698	-84	228283	228897	WP_265309915.1#26	NZ_JAINFD010000004.1	GCF_026130205.1
WP_265309916.1#26|Stenotrophomonas_sp__SRS1	1392	+	+	67	1	1392	228982	230373	WP_265309916.1#26	NZ_JAINFD010000004.1	GCF_026130205.1
WP_265309916.1#26|Stenotrophomonas_sp__SRS1	540	+	+	5	1389	1928	230370	230909	WP_265309917.1#26	NZ_JAINFD010000004.1	GCF_026130205.1
WP_265309916.1#26|Stenotrophomonas_sp__SRS1	513	+	+	0	2127	2639	231108	231620	WP_265309918.1#26	NZ_JAINFD010000004.1	GCF_026130205.1
WP_265309916.1#26|Stenotrophomonas_sp__SRS1	564	+	+	4	3065	3628	232046	232609	WP_265309919.1#26	NZ_JAINFD010000004.1	GCF_026130205.1
WP_265309916.1#26|Stenotrophomonas_sp__SRS1	207	+	+	0	4010	4216	232991	233197	WP_179460560.1#26	NZ_JAINFD010000004.1	GCF_026130205.1



WP_227711619.1#20|Moraxella_catarrhalis	591	+	+	0	-1249	-659	1	591	WP_163598228.1#20	NZ_JAABLA010000027.1	GCF_010603985.1
WP_227711619.1#20|Moraxella_catarrhalis	423	+	+	0	-657	-235	593	1015	WP_063514671.1#20	NZ_JAABLA010000027.1	GCF_010603985.1
WP_227711619.1#20|Moraxella_catarrhalis	771	+	+	67	1	771	1251	2021	WP_227711619.1#20	NZ_JAABLA010000027.1	GCF_010603985.1
WP_227711619.1#20|Moraxella_catarrhalis	690	+	+	19	768	1457	2018	2707	WP_064604439.1#20	NZ_JAABLA010000027.1	GCF_010603985.1
WP_227711619.1#20|Moraxella_catarrhalis	207	+	+	0	1486	1692	2736	2942	WP_163598229.1#20	NZ_JAABLA010000027.1	GCF_010603985.1



WP_010201967.1#43|Psychrobacter_sp__PAMC_21119	2490	+	+	0	-6983	-4494	186295	188784	WP_010201963.1#43	NZ_AHVZ01000041.1	GCF_000247495.1
WP_010201967.1#43|Psychrobacter_sp__PAMC_21119	837	+	-	54	-4440	-3604	188838	189674	WP_010201964.1#43	NZ_AHVZ01000041.1	GCF_000247495.1
WP_010201967.1#43|Psychrobacter_sp__PAMC_21119	864	+	-	0	-3354	-2491	189924	190787	WP_010201965.1#43	NZ_AHVZ01000041.1	GCF_000247495.1
WP_010201967.1#43|Psychrobacter_sp__PAMC_21119	1761	+	+	8	-2116	-356	191162	192922	WP_010201966.1#43	NZ_AHVZ01000041.1	GCF_000247495.1
WP_010201967.1#43|Psychrobacter_sp__PAMC_21119	6225	+	+	67	1	6225	193279	199503	WP_010201967.1#43	NZ_AHVZ01000041.1	GCF_000247495.1
WP_010201967.1#43|Psychrobacter_sp__PAMC_21119	582	+	+	5	6222	6803	199500	200081	WP_010201969.1#43	NZ_AHVZ01000041.1	GCF_000247495.1
WP_010201967.1#43|Psychrobacter_sp__PAMC_21119	528	+	-	0	6934	7461	200212	200739	WP_010201970.1#43	NZ_AHVZ01000041.1	GCF_000247495.1
WP_010201967.1#43|Psychrobacter_sp__PAMC_21119	81	+	+	69	7781	7861	201059	201139	pseudogene_43.5*#43	NZ_AHVZ01000041.1	GCF_000247495.1
WP_010201967.1#43|Psychrobacter_sp__PAMC_21119	534	+	-	0	7902	8435	201180	201713	WP_141629774.1#43	NZ_AHVZ01000041.1	GCF_000247495.1



WP_325792823.1#101|Acinetobacter_pittii	924	+	-	0	-5216	-4293	57459	58382	WP_325792979.1#101	NZ_JAMWIO010000005.1	GCF_035793255.1
WP_325792823.1#101|Acinetobacter_pittii	900	+	+	9	-4182	-3283	58493	59392	WP_325792820.1#101	NZ_JAMWIO010000005.1	GCF_035793255.1
WP_325792823.1#101|Acinetobacter_pittii	996	+	-	0	-3195	-2200	59480	60475	WP_325792821.1#101	NZ_JAMWIO010000005.1	GCF_035793255.1
WP_325792823.1#101|Acinetobacter_pittii	1758	+	+	8	-1820	-63	60855	62612	WP_325792822.1#101	NZ_JAMWIO010000005.1	GCF_035793255.1
WP_325792823.1#101|Acinetobacter_pittii	12849	+	+	67	1	12849	62676	75524	WP_325792823.1#101	NZ_JAMWIO010000005.1	GCF_035793255.1
WP_325792823.1#101|Acinetobacter_pittii	543	+	+	5	12846	13388	75521	76063	WP_325792824.1#101	NZ_JAMWIO010000005.1	GCF_035793255.1
WP_325792823.1#101|Acinetobacter_pittii	1500	+	+	69	13515	15014	76190	77689	pseudogene_101.0*#101	NZ_JAMWIO010000005.1	GCF_035793255.1
WP_325792823.1#101|Acinetobacter_pittii	507	+	+	0	15026	15532	77701	78207	WP_311079829.1#101	NZ_JAMWIO010000005.1	GCF_035793255.1
WP_325792823.1#101|Acinetobacter_pittii	360	+	+	0	15968	16327	78643	79002	WP_151302531.1#101	NZ_JAMWIO010000005.1	GCF_035793255.1



WP_250350613.1#23|Avibacterium_sp__20_132	402	-	+	0	-2865	-2464	123433	123834	WP_250350617.1#23	NZ_CP091456.1	GCF_023611925.1
WP_250350613.1#23|Avibacterium_sp__20_132	240	-	+	0	-2407	-2168	123137	123376	WP_250350616.1#23	NZ_CP091456.1	GCF_023611925.1
WP_250350613.1#23|Avibacterium_sp__20_132	1425	-	+	4	-2095	-671	121640	123064	WP_250350615.1#23	NZ_CP091456.1	GCF_023611925.1
WP_250350613.1#23|Avibacterium_sp__20_132	567	-	+	0	-687	-121	121090	121656	WP_250350614.1#23	NZ_CP091456.1	GCF_023611925.1
WP_250350613.1#23|Avibacterium_sp__20_132	2280	-	+	67	1	2280	118689	120968	WP_250350613.1#23	NZ_CP091456.1	GCF_023611925.1
WP_250350613.1#23|Avibacterium_sp__20_132	675	-	+	19	2277	2951	118018	118692	WP_250350612.1#23	NZ_CP091456.1	GCF_023611925.1
WP_250350613.1#23|Avibacterium_sp__20_132	1983	-	+	4	3144	5126	115843	117825	WP_250350611.1#23	NZ_CP091456.1	GCF_023611925.1
WP_250350613.1#23|Avibacterium_sp__20_132	825	-	+	0	5135	5959	115010	115834	WP_250350610.1#23	NZ_CP091456.1	GCF_023611925.1
WP_250350613.1#23|Avibacterium_sp__20_132	249	-	+	4	5993	6241	114728	114976	WP_250350609.1#23	NZ_CP091456.1	GCF_023611925.1



WP_019671778.1#77|Psychrobacter_lutiphocae	651	-	+	0	-2497	-1847	571501	572151	WP_019671775.1#77	NZ_CAJHAE010000001.1	GCF_904846305.1
WP_019671778.1#77|Psychrobacter_lutiphocae	216	-	+	0	-1361	-1146	570800	571015	WP_019671776.1#77	NZ_CAJHAE010000001.1	GCF_904846305.1
WP_019671778.1#77|Psychrobacter_lutiphocae	351	-	+	0	-1067	-717	570371	570721	WP_227672870.1#77	NZ_CAJHAE010000001.1	GCF_904846305.1
WP_019671778.1#77|Psychrobacter_lutiphocae	438	-	+	0	-525	-88	569742	570179	WP_051086833.1#77	NZ_CAJHAE010000001.1	GCF_904846305.1
WP_019671778.1#77|Psychrobacter_lutiphocae	420	-	+	67	1	420	569234	569653	WP_019671778.1#77	NZ_CAJHAE010000001.1	GCF_904846305.1
WP_019671778.1#77|Psychrobacter_lutiphocae	657	-	+	19	417	1073	568581	569237	WP_019671779.1#77	NZ_CAJHAE010000001.1	GCF_904846305.1
WP_019671778.1#77|Psychrobacter_lutiphocae	429	-	+	63	1280	1708	567946	568374	WP_019671781.1#77	NZ_CAJHAE010000001.1	GCF_904846305.1
WP_019671778.1#77|Psychrobacter_lutiphocae	492	-	+	0	1991	2482	567172	567663	WP_019671783.1#77	NZ_CAJHAE010000001.1	GCF_904846305.1
WP_019671778.1#77|Psychrobacter_lutiphocae	480	-	+	0	2840	3319	566335	566814	WP_227672869.1#77	NZ_CAJHAE010000001.1	GCF_904846305.1



WP_276530326.1#68|Photorhabdus_aegyptia	1444	+	+	67	1	1444	1	1444	WP_276530326.1#68	NZ_CAWQOZ010000029.1	GCF_963896415.1
WP_276530326.1#68|Photorhabdus_aegyptia	546	+	+	5	1450	1995	1450	1995	WP_011144624.1#68	NZ_CAWQOZ010000029.1	GCF_963896415.1
WP_276530326.1#68|Photorhabdus_aegyptia	372	+	+	69	2189	2560	2189	2560	pseudogene_68.7*#68	NZ_CAWQOZ010000029.1	GCF_963896415.1
WP_276530326.1#68|Photorhabdus_aegyptia	216	+	+	22	2618	2833	2618	2833	WP_267483638.1#68	NZ_CAWQOZ010000029.1	GCF_963896415.1
WP_276530326.1#68|Photorhabdus_aegyptia	168	+	+	22	2820	2987	2820	2987	WP_267483637.1#68	NZ_CAWQOZ010000029.1	GCF_963896415.1



WP_265814190.1#27|Pseudomonas_sp__COW5	258	+	+	0	-6165	-5908	5131079	5131336	WP_085711324.1#27	NZ_JAPHVP010000001.1	GCF_026240005.1
WP_265814190.1#27|Pseudomonas_sp__COW5	585	+	-	0	-5902	-5318	5131342	5131926	WP_265814187.1#27	NZ_JAPHVP010000001.1	GCF_026240005.1
WP_265814190.1#27|Pseudomonas_sp__COW5	3642	+	-	0	-5321	-1680	5131923	5135564	WP_265814188.1#27	NZ_JAPHVP010000001.1	GCF_026240005.1
WP_265814190.1#27|Pseudomonas_sp__COW5	1245	+	-	0	-1683	-439	5135561	5136805	WP_265814189.1#27	NZ_JAPHVP010000001.1	GCF_026240005.1
WP_265814190.1#27|Pseudomonas_sp__COW5	10062	+	+	67	1	10062	5137245	5147306	WP_265814190.1#27	NZ_JAPHVP010000001.1	GCF_026240005.1
WP_265814190.1#27|Pseudomonas_sp__COW5	543	+	+	5	10067	10609	5147311	5147853	WP_265814191.1#27	NZ_JAPHVP010000001.1	GCF_026240005.1
WP_265814190.1#27|Pseudomonas_sp__COW5	363	+	+	22	10831	11193	5148075	5148437	WP_265814192.1#27	NZ_JAPHVP010000001.1	GCF_026240005.1
WP_265814190.1#27|Pseudomonas_sp__COW5	306	+	+	0	11686	11991	5148930	5149235	WP_265814193.1#27	NZ_JAPHVP010000001.1	GCF_026240005.1
WP_265814190.1#27|Pseudomonas_sp__COW5	531	+	+	0	12133	12663	5149377	5149907	WP_265814194.1#27	NZ_JAPHVP010000001.1	GCF_026240005.1



WP_007897161.1#127|Pseudomonas_sp__GM102	11866	-	+	67	1	11866	3918	15783	WP_007897161.1#127	NZ_AKJB01000031.1	GCF_000282555.1
WP_007897161.1#127|Pseudomonas_sp__GM102	549	-	+	5	11871	12419	3365	3913	WP_007897160.1#127	NZ_AKJB01000031.1	GCF_000282555.1
WP_007897161.1#127|Pseudomonas_sp__GM102	561	-	+	0	12576	13136	2648	3208	WP_007897158.1#127	NZ_AKJB01000031.1	GCF_000282555.1
WP_007897161.1#127|Pseudomonas_sp__GM102	273	-	-	0	13197	13469	2315	2587	WP_007897156.1#127	NZ_AKJB01000031.1	GCF_000282555.1
WP_007897161.1#127|Pseudomonas_sp__GM102	1707	-	+	8	13796	15502	282	1988	WP_007897154.1#127	NZ_AKJB01000031.1	GCF_000282555.1



WP_241582048.1#97|Rosenbergiella_nectarea	1104	+	+	4	-1730	-627	1	1104	WP_241651030.1#97	NZ_JAKZKP010000036.1	GCF_022602755.1
WP_241582048.1#97|Rosenbergiella_nectarea	465	+	+	0	-630	-166	1101	1565	WP_241582050.1#97	NZ_JAKZKP010000036.1	GCF_022602755.1
WP_241582048.1#97|Rosenbergiella_nectarea	798	+	+	67	1	798	1732	2529	WP_241582048.1#97	NZ_JAKZKP010000036.1	GCF_022602755.1
WP_241582048.1#97|Rosenbergiella_nectarea	543	+	+	5	801	1343	2532	3074	WP_241582046.1#97	NZ_JAKZKP010000036.1	GCF_022602755.1



WP_232036572.1#21|Pragia_fontium	351	-	+	0	-12974	-12624	3628126	3628476	WP_074824329.1#21	NZ_LR134531.1	GCF_900638655.1
WP_232036572.1#21|Pragia_fontium	1668	-	+	8	-11875	-10208	3625710	3627377	WP_074824415.1#21	NZ_LR134531.1	GCF_900638655.1
WP_232036572.1#21|Pragia_fontium	9366	-	+	4	-10194	-829	3616331	3625696	WP_126468143.1#21	NZ_LR134531.1	GCF_900638655.1
WP_232036572.1#21|Pragia_fontium	525	-	+	0	-832	-308	3615810	3616334	WP_232036573.1#21	NZ_LR134531.1	GCF_900638655.1
WP_232036572.1#21|Pragia_fontium	1224	-	+	67	1	1224	3614278	3615501	WP_232036572.1#21	NZ_LR134531.1	GCF_900638655.1
WP_232036572.1#21|Pragia_fontium	552	-	+	5	1227	1778	3613724	3614275	WP_074824318.1#21	NZ_LR134531.1	GCF_900638655.1
WP_232036572.1#21|Pragia_fontium	1947	-	+	0	2520	4466	3611036	3612982	WP_126468142.1#21	NZ_LR134531.1	GCF_900638655.1
WP_232036572.1#21|Pragia_fontium	1170	-	-	0	4559	5728	3609774	3610943	WP_074824313.1#21	NZ_LR134531.1	GCF_900638655.1
WP_232036572.1#21|Pragia_fontium	1149	-	-	0	5725	6873	3608629	3609777	WP_047782171.1#21	NZ_LR134531.1	GCF_900638655.1



WP_171149313.1#137|Erwinia_sp__JH02	561	-	+	0	-5125	-4565	587508	588068	WP_133846976.1#137	NZ_JABANZ010000005.1	GCF_013074405.1
WP_171149313.1#137|Erwinia_sp__JH02	756	-	-	0	-4485	-3730	586673	587428	WP_133846977.1#137	NZ_JABANZ010000005.1	GCF_013074405.1
WP_171149313.1#137|Erwinia_sp__JH02	1392	-	-	0	-3717	-2326	585269	586660	WP_159336745.1#137	NZ_JABANZ010000005.1	GCF_013074405.1
WP_171149313.1#137|Erwinia_sp__JH02	1725	-	+	8	-1794	-70	583013	584737	WP_171149314.1#137	NZ_JABANZ010000005.1	GCF_013074405.1
WP_171149313.1#137|Erwinia_sp__JH02	9117	-	+	67	1	9117	573826	582942	WP_171149313.1#137	NZ_JABANZ010000005.1	GCF_013074405.1
WP_171149313.1#137|Erwinia_sp__JH02	492	-	+	45	9114	9605	573338	573829	WP_171149312.1#137	NZ_JABANZ010000005.1	GCF_013074405.1
WP_171149313.1#137|Erwinia_sp__JH02	879	-	+	4	9754	10632	572311	573189	WP_346775683.1#137	NZ_JABANZ010000005.1	GCF_013074405.1
WP_171149313.1#137|Erwinia_sp__JH02	321	-	-	0	10689	11009	571934	572254	WP_133842672.1#137	NZ_JABANZ010000005.1	GCF_013074405.1
WP_171149313.1#137|Erwinia_sp__JH02	915	-	-	0	11024	11938	571005	571919	WP_133842754.1#137	NZ_JABANZ010000005.1	GCF_013074405.1



WP_053075926.1#47|Pluralibacter_gergoviae	768	-	-	0	-3450	-2683	10300	11067	WP_048283784.1#47	NZ_LDZI01000009.1	GCF_001038375.1
WP_053075926.1#47|Pluralibacter_gergoviae	1242	-	-	0	-2683	-1442	9059	10300	WP_048283783.1#47	NZ_LDZI01000009.1	GCF_001038375.1
WP_053075926.1#47|Pluralibacter_gergoviae	663	-	+	58	-1133	-471	8088	8750	WP_043081991.1#47	NZ_LDZI01000009.1	GCF_001038375.1
WP_053075926.1#47|Pluralibacter_gergoviae	210	-	-	0	-406	-197	7814	8023	WP_048283782.1#47	NZ_LDZI01000009.1	GCF_001038375.1
WP_053075926.1#47|Pluralibacter_gergoviae	4119	-	+	67	1	4119	3498	7616	WP_053075926.1#47	NZ_LDZI01000009.1	GCF_001038375.1
WP_053075926.1#47|Pluralibacter_gergoviae	411	-	+	45	4211	4621	2996	3406	WP_155407638.1#47	NZ_LDZI01000009.1	GCF_001038375.1
WP_053075926.1#47|Pluralibacter_gergoviae	561	-	+	21	4865	5425	2192	2752	WP_080967089.1#47	NZ_LDZI01000009.1	GCF_001038375.1
WP_053075926.1#47|Pluralibacter_gergoviae	240	-	-	48	5784	6023	1594	1833	WP_048283781.1#47	NZ_LDZI01000009.1	GCF_001038375.1
WP_053075926.1#47|Pluralibacter_gergoviae	513	-	+	4	6143	6655	962	1474	WP_155407637.1#47	NZ_LDZI01000009.1	GCF_001038375.1



