WP_013683184.1#84|Archaeoglobus_veneficus_SNP6	294	+	-	0	-3008	-2715	409586	409879	WP_013683180.1#84	NC_015320.1	GCF_000194625.1
WP_013683184.1#84|Archaeoglobus_veneficus_SNP6	900	+	+	0	-2501	-1602	410093	410992	WP_048085492.1#84	NC_015320.1	GCF_000194625.1
WP_013683184.1#84|Archaeoglobus_veneficus_SNP6	579	+	-	13	-1515	-937	411079	411657	WP_013683182.1#84	NC_015320.1	GCF_000194625.1
WP_013683184.1#84|Archaeoglobus_veneficus_SNP6	579	+	-	13	-852	-274	411742	412320	WP_013683183.1#84	NC_015320.1	GCF_000194625.1
WP_013683184.1#84|Archaeoglobus_veneficus_SNP6	261	+	+	64	1	261	412595	412855	WP_013683184.1#84	NC_015320.1	GCF_000194625.1
WP_013683184.1#84|Archaeoglobus_veneficus_SNP6	222	+	+	1	239	460	412833	413054	WP_013683185.1#84	NC_015320.1	GCF_000194625.1
WP_013683184.1#84|Archaeoglobus_veneficus_SNP6	303	+	-	13	462	764	413056	413358	WP_052302954.1#84	NC_015320.1	GCF_000194625.1
WP_013683184.1#84|Archaeoglobus_veneficus_SNP6	417	+	+	0	947	1363	413541	413957	WP_013683186.1#84	NC_015320.1	GCF_000194625.1
WP_013683184.1#84|Archaeoglobus_veneficus_SNP6	294	+	-	13	1424	1717	414018	414311	WP_048085493.1#84	NC_015320.1	GCF_000194625.1



WP_066061893.1#54|Candidatus_Desulfofervidus_auxilii	1230	-	+	0	-8074	-6845	1007565	1008794	WP_066061901.1#54	NZ_CP013015.1	GCF_001577525.1
WP_066061893.1#54|Candidatus_Desulfofervidus_auxilii	144	-	+	0	-6404	-6261	1006981	1007124	WP_156469400.1#54	NZ_CP013015.1	GCF_001577525.1
WP_066061893.1#54|Candidatus_Desulfofervidus_auxilii	2934	-	+	10	-6279	-3346	1004066	1006999	WP_156469399.1#54	NZ_CP013015.1	GCF_001577525.1
WP_066061893.1#54|Candidatus_Desulfofervidus_auxilii	3351	-	+	11	-3349	1	1000719	1004069	WP_066061896.1#54	NZ_CP013015.1	GCF_001577525.1
WP_066061893.1#54|Candidatus_Desulfofervidus_auxilii	261	-	+	64	1	261	1000459	1000719	WP_066061893.1#54	NZ_CP013015.1	GCF_001577525.1
WP_066061893.1#54|Candidatus_Desulfofervidus_auxilii	213	-	+	1	248	460	1000260	1000472	WP_066061890.1#54	NZ_CP013015.1	GCF_001577525.1
WP_066061893.1#54|Candidatus_Desulfofervidus_auxilii	588	-	+	0	469	1056	999664	1000251	WP_066061887.1#54	NZ_CP013015.1	GCF_001577525.1
WP_066061893.1#54|Candidatus_Desulfofervidus_auxilii	765	-	-	0	1210	1974	998746	999510	WP_066061884.1#54	NZ_CP013015.1	GCF_001577525.1
WP_066061893.1#54|Candidatus_Desulfofervidus_auxilii	654	-	-	0	1981	2634	998086	998739	WP_066061881.1#54	NZ_CP013015.1	GCF_001577525.1



WP_148678869.1#1|Aeropyrum_pernix_K1	270	-	+	0	-1997	-1728	203657	203926	WP_010865630.1#1	NC_000854.2	GCF_000011125.1
WP_148678869.1#1|Aeropyrum_pernix_K1	519	-	+	32	-1741	-1223	203152	203670	WP_010865629.1#1	NC_000854.2	GCF_000011125.1
WP_148678869.1#1|Aeropyrum_pernix_K1	327	-	+	0	-819	-493	202422	202748	WP_010865628.1#1	NC_000854.2	GCF_000011125.1
WP_148678869.1#1|Aeropyrum_pernix_K1	228	-	+	1	-223	4	201925	202152	WP_010865627.1#1	NC_000854.2	GCF_000011125.1
WP_148678869.1#1|Aeropyrum_pernix_K1	237	-	+	64	1	237	201692	201928	WP_148678869.1#1	NC_000854.2	GCF_000011125.1
WP_148678869.1#1|Aeropyrum_pernix_K1	492	-	+	0	621	1112	200817	201308	WP_148678868.1#1	NC_000854.2	GCF_000011125.1
WP_148678869.1#1|Aeropyrum_pernix_K1	189	-	+	38	1294	1482	200447	200635	WP_148679244.1#1	NC_000854.2	GCF_000011125.1
WP_148678869.1#1|Aeropyrum_pernix_K1	216	-	+	0	1798	2013	199916	200131	WP_010865625.1#1	NC_000854.2	GCF_000011125.1
WP_148678869.1#1|Aeropyrum_pernix_K1	351	-	+	0	2252	2602	199327	199677	WP_010865624.1#1	NC_000854.2	GCF_000011125.1



WP_014025870.1#101|Pyrolobus_fumarii_1A	150	+	+	42	-2774	-2625	287395	287544	WP_167827789.1#101	NC_015931.1	GCF_000223395.1
WP_014025870.1#101|Pyrolobus_fumarii_1A	450	+	+	0	-2566	-2117	287603	288052	WP_014025868.1#101	NC_015931.1	GCF_000223395.1
WP_014025870.1#101|Pyrolobus_fumarii_1A	879	+	+	0	-2110	-1232	288059	288937	WP_048191332.1#101	NC_015931.1	GCF_000223395.1
WP_014025870.1#101|Pyrolobus_fumarii_1A	249	+	+	1	-284	-36	289885	290133	WP_048191334.1#101	NC_015931.1	GCF_000223395.1
WP_014025870.1#101|Pyrolobus_fumarii_1A	243	+	+	64	1	243	290170	290412	WP_014025870.1#101	NC_015931.1	GCF_000223395.1
WP_014025870.1#101|Pyrolobus_fumarii_1A	702	+	-	0	960	1661	291129	291830	WP_014025872.1#101	NC_015931.1	GCF_000223395.1
WP_014025870.1#101|Pyrolobus_fumarii_1A	129	+	-	0	1906	2034	292075	292203	WP_244403880.1#101	NC_015931.1	GCF_000223395.1
WP_014025870.1#101|Pyrolobus_fumarii_1A	987	+	-	0	2712	3698	292881	293867	WP_014025873.1#101	NC_015931.1	GCF_000223395.1
WP_014025870.1#101|Pyrolobus_fumarii_1A	255	+	+	42	4455	4709	294624	294878	WP_014025874.1#101	NC_015931.1	GCF_000223395.1



WP_056933661.1#52|Thermococcus_barophilus	810	+	+	0	-2313	-1504	776859	777668	WP_056933657.1#52	NZ_CP013050.1	GCF_001433455.1
WP_056933661.1#52|Thermococcus_barophilus	345	+	+	0	-1507	-1163	777665	778009	WP_056933658.1#52	NZ_CP013050.1	GCF_001433455.1
WP_056933661.1#52|Thermococcus_barophilus	201	+	+	0	-1056	-856	778116	778316	WP_056933659.1#52	NZ_CP013050.1	GCF_001433455.1
WP_056933661.1#52|Thermococcus_barophilus	552	+	+	0	-859	-308	778313	778864	WP_056933660.1#52	NZ_CP013050.1	GCF_001433455.1
WP_056933661.1#52|Thermococcus_barophilus	288	+	+	64	1	288	779173	779460	WP_056933661.1#52	NZ_CP013050.1	GCF_001433455.1
WP_056933661.1#52|Thermococcus_barophilus	207	+	+	1	285	491	779457	779663	WP_056933662.1#52	NZ_CP013050.1	GCF_001433455.1
WP_056933661.1#52|Thermococcus_barophilus	228	+	+	9	595	822	779767	779994	WP_056933663.1#52	NZ_CP013050.1	GCF_001433455.1
WP_056933661.1#52|Thermococcus_barophilus	231	+	+	28	819	1049	779991	780221	WP_056933664.1#52	NZ_CP013050.1	GCF_001433455.1
WP_056933661.1#52|Thermococcus_barophilus	1044	+	+	0	1126	2169	780298	781341	WP_235507167.1#52	NZ_CP013050.1	GCF_001433455.1



WP_012939521.1#27|Archaeoglobus_profundus_DSM_5631	222	-	+	0	-3398	-3177	101983	102204	WP_012939525.1#27	NC_013741.1	GCF_000025285.1
WP_012939521.1#27|Archaeoglobus_profundus_DSM_5631	1317	-	+	0	-3180	-1864	100670	101986	WP_012939524.1#27	NC_013741.1	GCF_000025285.1
WP_012939521.1#27|Archaeoglobus_profundus_DSM_5631	729	-	+	0	-1863	-1135	99941	100669	WP_012939523.1#27	NC_013741.1	GCF_000025285.1
WP_012939521.1#27|Archaeoglobus_profundus_DSM_5631	567	-	+	0	-1171	-605	99411	99977	WP_012939522.1#27	NC_013741.1	GCF_000025285.1
WP_012939521.1#27|Archaeoglobus_profundus_DSM_5631	255	-	+	64	1	255	98551	98805	WP_012939521.1#27	NC_013741.1	GCF_000025285.1
WP_012939521.1#27|Archaeoglobus_profundus_DSM_5631	198	-	+	1	236	433	98373	98570	WP_012939520.1#27	NC_013741.1	GCF_000025285.1
WP_012939521.1#27|Archaeoglobus_profundus_DSM_5631	876	-	-	40	541	1416	97390	98265	WP_012939519.1#27	NC_013741.1	GCF_000025285.1
WP_012939521.1#27|Archaeoglobus_profundus_DSM_5631	1002	-	-	0	1464	2465	96341	97342	WP_012939518.1#27	NC_013741.1	GCF_000025285.1
WP_012939521.1#27|Archaeoglobus_profundus_DSM_5631	453	-	-	0	2487	2939	95867	96319	WP_012939517.1#27	NC_013741.1	GCF_000025285.1



WP_287794614.1#71|Archaeoglobus_sp_	2397	+	+	0	-3993	-1597	4594	6990	WP_287794609.1#71	NZ_JARRCC010000036.1	GCF_029982885.1
WP_287794614.1#71|Archaeoglobus_sp_	528	+	+	0	-1586	-1059	7001	7528	WP_048096735.1#71	NZ_JARRCC010000036.1	GCF_029982885.1
WP_287794614.1#71|Archaeoglobus_sp_	477	+	+	0	-809	-333	7778	8254	WP_287794611.1#71	NZ_JARRCC010000036.1	GCF_029982885.1
WP_287794614.1#71|Archaeoglobus_sp_	255	+	+	0	-253	1	8334	8588	WP_287794613.1#71	NZ_JARRCC010000036.1	GCF_029982885.1
WP_287794614.1#71|Archaeoglobus_sp_	255	+	+	64	1	255	8588	8842	WP_287794614.1#71	NZ_JARRCC010000036.1	GCF_029982885.1
WP_287794614.1#71|Archaeoglobus_sp_	207	+	+	1	236	442	8823	9029	WP_287794616.1#71	NZ_JARRCC010000036.1	GCF_029982885.1
WP_287794614.1#71|Archaeoglobus_sp_	136	+	-	65	531	666	9118	9253	tRNA_71.1*#71	NZ_JARRCC010000036.1	GCF_029982885.1
WP_287794614.1#71|Archaeoglobus_sp_	675	+	+	0	740	1414	9327	10001	WP_287794617.1#71	NZ_JARRCC010000036.1	GCF_029982885.1
WP_287794614.1#71|Archaeoglobus_sp_	2511	+	+	0	1437	3947	10024	12534	WP_010879887.1#71	NZ_JARRCC010000036.1	GCF_029982885.1



WP_042682559.1#39|Thermococcus_paralvinellae	231	+	+	16	-3746	-3516	1920870	1921100	WP_042682552.1#39	NZ_CP006965.1	GCF_000517445.1
WP_042682559.1#39|Thermococcus_paralvinellae	1140	+	+	12	-3485	-2346	1921131	1922270	WP_042682554.1#39	NZ_CP006965.1	GCF_000517445.1
WP_042682559.1#39|Thermococcus_paralvinellae	924	+	+	5	-2340	-1417	1922276	1923199	WP_042682556.1#39	NZ_CP006965.1	GCF_000517445.1
WP_042682559.1#39|Thermococcus_paralvinellae	1416	+	+	3	-1411	4	1923205	1924620	WP_042682557.1#39	NZ_CP006965.1	GCF_000517445.1
WP_042682559.1#39|Thermococcus_paralvinellae	186	+	+	64	1	186	1924617	1924802	WP_042682559.1#39	NZ_CP006965.1	GCF_000517445.1
WP_042682559.1#39|Thermococcus_paralvinellae	216	+	+	1	236	451	1924852	1925067	WP_042682561.1#39	NZ_CP006965.1	GCF_000517445.1
WP_042682559.1#39|Thermococcus_paralvinellae	525	+	+	4	461	985	1925077	1925601	WP_042682562.1#39	NZ_CP006965.1	GCF_000517445.1
WP_042682559.1#39|Thermococcus_paralvinellae	741	+	+	8	996	1736	1925612	1926352	WP_042682564.1#39	NZ_CP006965.1	GCF_000517445.1
WP_042682559.1#39|Thermococcus_paralvinellae	471	+	-	32	1804	2274	1926420	1926890	WP_042682566.1#39	NZ_CP006965.1	GCF_000517445.1



WP_058938039.1#86|Thermococcus_celericrescens	342	-	+	0	-1588	-1247	23264	23605	WP_058938043.1#86	NZ_LLYW01000005.1	GCF_001484195.1
WP_058938039.1#86|Thermococcus_celericrescens	204	-	+	0	-1172	-969	22986	23189	WP_058938042.1#86	NZ_LLYW01000005.1	GCF_001484195.1
WP_058938039.1#86|Thermococcus_celericrescens	399	-	+	0	-969	-571	22588	22986	WP_058938041.1#86	NZ_LLYW01000005.1	GCF_001484195.1
WP_058938039.1#86|Thermococcus_celericrescens	558	-	+	0	-566	-9	22026	22583	WP_058938040.1#86	NZ_LLYW01000005.1	GCF_001484195.1
WP_058938039.1#86|Thermococcus_celericrescens	243	-	+	64	1	243	21774	22016	WP_058938039.1#86	NZ_LLYW01000005.1	GCF_001484195.1
WP_058938039.1#86|Thermococcus_celericrescens	210	-	+	1	253	462	21555	21764	WP_245610384.1#86	NZ_LLYW01000005.1	GCF_001484195.1
WP_058938039.1#86|Thermococcus_celericrescens	189	-	+	0	523	711	21306	21494	WP_058938037.1#86	NZ_LLYW01000005.1	GCF_001484195.1
WP_058938039.1#86|Thermococcus_celericrescens	471	-	+	38	699	1169	20848	21318	WP_058938036.1#86	NZ_LLYW01000005.1	GCF_001484195.1
WP_058938039.1#86|Thermococcus_celericrescens	864	-	+	2	1166	2029	19988	20851	WP_058938035.1#86	NZ_LLYW01000005.1	GCF_001484195.1



WP_042698123.1#28|Thermococcus_sp__PK	1140	+	+	12	-3840	-2701	192554	193693	WP_042698109.1#28	NZ_KE387149.1	GCF_000430485.1
WP_042698123.1#28|Thermococcus_sp__PK	180	+	+	18	-2658	-2479	193736	193915	WP_042698114.1#28	NZ_KE387149.1	GCF_000430485.1
WP_042698123.1#28|Thermococcus_sp__PK	936	+	+	5	-2393	-1458	194001	194936	WP_042698116.1#28	NZ_KE387149.1	GCF_000430485.1
WP_042698123.1#28|Thermococcus_sp__PK	1416	+	+	3	-1452	-37	194942	196357	WP_042698119.1#28	NZ_KE387149.1	GCF_000430485.1
WP_042698123.1#28|Thermococcus_sp__PK	261	+	+	64	1	261	196395	196655	WP_042698123.1#28	NZ_KE387149.1	GCF_000430485.1
WP_042698123.1#28|Thermococcus_sp__PK	216	+	+	1	245	460	196639	196854	WP_042698127.1#28	NZ_KE387149.1	GCF_000430485.1
WP_042698123.1#28|Thermococcus_sp__PK	537	+	+	4	487	1023	196881	197417	WP_042698130.1#28	NZ_KE387149.1	GCF_000430485.1
WP_042698123.1#28|Thermococcus_sp__PK	240	+	+	66	1034	1273	197428	197667	pseudogene_28.6*#28	NZ_KE387149.1	GCF_000430485.1
WP_042698123.1#28|Thermococcus_sp__PK	124	+	+	0	1398	1521	197792	197915	WP_198011279.1#28	NZ_KE387149.1	GCF_000430485.1



WP_287261702.1#15|Methanothrix_sp_	327	-	+	66	-1457	-1131	212654	212980	pseudogene_15.4*#15	NZ_JABLXT010000002.1	GCF_013177915.1
WP_287261702.1#15|Methanothrix_sp_	339	-	+	0	-961	-623	212146	212484	WP_287261708.1#15	NZ_JABLXT010000002.1	GCF_013177915.1
WP_287261702.1#15|Methanothrix_sp_	219	-	+	1	-645	-427	211950	212168	WP_287261705.1#15	NZ_JABLXT010000002.1	GCF_013177915.1
WP_287261702.1#15|Methanothrix_sp_	274	-	+	66	-337	-64	211587	211860	pseudogene_15.2*#15	NZ_JABLXT010000002.1	GCF_013177915.1
WP_287261702.1#15|Methanothrix_sp_	411	-	+	64	1	411	211112	211522	WP_287261702.1#15	NZ_JABLXT010000002.1	GCF_013177915.1
WP_287261702.1#15|Methanothrix_sp_	216	-	+	1	395	610	210913	211128	WP_287261699.1#15	NZ_JABLXT010000002.1	GCF_013177915.1
WP_287261702.1#15|Methanothrix_sp_	177	-	+	0	764	940	210583	210759	WP_287261696.1#15	NZ_JABLXT010000002.1	GCF_013177915.1
WP_287261702.1#15|Methanothrix_sp_	1020	-	-	0	949	1968	209555	210574	WP_287261693.1#15	NZ_JABLXT010000002.1	GCF_013177915.1
WP_287261702.1#15|Methanothrix_sp_	1395	-	-	0	2068	3462	208061	209455	WP_287261691.1#15	NZ_JABLXT010000002.1	GCF_013177915.1



WP_048150730.1#24|Palaeococcus_ferrophilus_DSM_13482	228	+	+	16	-3937	-3710	79982	80209	WP_048150718.1#24	NZ_LANF01000013.1	GCF_000966265.1
WP_048150730.1#24|Palaeococcus_ferrophilus_DSM_13482	1140	+	+	12	-3678	-2539	80241	81380	WP_048150722.1#24	NZ_LANF01000013.1	GCF_000966265.1
WP_048150730.1#24|Palaeococcus_ferrophilus_DSM_13482	936	+	+	5	-2376	-1441	81543	82478	WP_048150725.1#24	NZ_LANF01000013.1	GCF_000966265.1
WP_048150730.1#24|Palaeococcus_ferrophilus_DSM_13482	1437	+	+	3	-1435	1	82484	83920	WP_048150727.1#24	NZ_LANF01000013.1	GCF_000966265.1
WP_048150730.1#24|Palaeococcus_ferrophilus_DSM_13482	255	+	+	64	1	255	83920	84174	WP_048150730.1#24	NZ_LANF01000013.1	GCF_000966265.1
WP_048150730.1#24|Palaeococcus_ferrophilus_DSM_13482	216	+	+	1	252	467	84171	84386	WP_048150734.1#24	NZ_LANF01000013.1	GCF_000966265.1
WP_048150730.1#24|Palaeococcus_ferrophilus_DSM_13482	546	+	+	4	491	1036	84410	84955	WP_048150736.1#24	NZ_LANF01000013.1	GCF_000966265.1
WP_048150730.1#24|Palaeococcus_ferrophilus_DSM_13482	663	+	+	8	1125	1787	85044	85706	WP_245612507.1#24	NZ_LANF01000013.1	GCF_000966265.1
WP_048150730.1#24|Palaeococcus_ferrophilus_DSM_13482	201	+	+	0	2004	2204	85923	86123	WP_157255160.1#24	NZ_LANF01000013.1	GCF_000966265.1



WP_054841080.1#51|Thermococcus_peptonophilus	219	-	+	16	-3945	-3727	1264415	1264633	WP_062389603.1#51	NZ_CP014750.1	GCF_001592435.1
WP_054841080.1#51|Thermococcus_peptonophilus	1140	-	+	12	-3690	-2551	1263239	1264378	WP_062389600.1#51	NZ_CP014750.1	GCF_001592435.1
WP_054841080.1#51|Thermococcus_peptonophilus	936	-	+	5	-2381	-1446	1262134	1263069	WP_062389597.1#51	NZ_CP014750.1	GCF_001592435.1
WP_054841080.1#51|Thermococcus_peptonophilus	1437	-	+	3	-1440	-4	1260692	1262128	WP_062389594.1#51	NZ_CP014750.1	GCF_001592435.1
WP_054841080.1#51|Thermococcus_peptonophilus	243	-	+	64	1	243	1260445	1260687	WP_054841080.1#51	NZ_CP014750.1	GCF_001592435.1
WP_054841080.1#51|Thermococcus_peptonophilus	216	-	+	1	244	459	1260229	1260444	WP_062389591.1#51	NZ_CP014750.1	GCF_001592435.1
WP_054841080.1#51|Thermococcus_peptonophilus	546	-	+	4	484	1029	1259659	1260204	WP_062389588.1#51	NZ_CP014750.1	GCF_001592435.1
WP_054841080.1#51|Thermococcus_peptonophilus	744	-	+	8	1048	1791	1258897	1259640	WP_062389585.1#51	NZ_CP014750.1	GCF_001592435.1
WP_054841080.1#51|Thermococcus_peptonophilus	1230	-	+	0	1908	3137	1257551	1258780	WP_062389582.1#51	NZ_CP014750.1	GCF_001592435.1



WP_099209478.1#56|Thermococcus_henrietii	180	+	+	18	-3028	-2849	334839	335018	WP_099209474.1#56	NZ_LT900021.1	GCF_900198835.1
WP_099209478.1#56|Thermococcus_henrietii	453	+	+	39	-2852	-2400	335015	335467	WP_099209475.1#56	NZ_LT900021.1	GCF_900198835.1
WP_099209478.1#56|Thermococcus_henrietii	939	+	+	5	-2399	-1461	335468	336406	WP_099209476.1#56	NZ_LT900021.1	GCF_900198835.1
WP_099209478.1#56|Thermococcus_henrietii	1431	+	+	3	-1459	-29	336408	337838	WP_099209477.1#56	NZ_LT900021.1	GCF_900198835.1
WP_099209478.1#56|Thermococcus_henrietii	249	+	+	64	1	249	337868	338116	WP_099209478.1#56	NZ_LT900021.1	GCF_900198835.1
WP_099209478.1#56|Thermococcus_henrietii	213	+	+	1	246	458	338113	338325	WP_099209479.1#56	NZ_LT900021.1	GCF_900198835.1
WP_099209478.1#56|Thermococcus_henrietii	543	+	+	4	471	1013	338338	338880	WP_099209480.1#56	NZ_LT900021.1	GCF_900198835.1
WP_099209478.1#56|Thermococcus_henrietii	750	+	+	8	1023	1772	338890	339639	WP_099209481.1#56	NZ_LT900021.1	GCF_900198835.1
WP_099209478.1#56|Thermococcus_henrietii	1356	+	+	36	1778	3133	339645	341000	WP_099209482.1#56	NZ_LT900021.1	GCF_900198835.1



WP_148882947.1#2|Thermococcus_aciditolerans	180	-	+	18	-3038	-2859	1374404	1374583	WP_139681552.1#2	NZ_CP041932.1	GCF_008152015.1
WP_148882947.1#2|Thermococcus_aciditolerans	453	-	+	39	-2862	-2410	1373955	1374407	WP_148882950.1#2	NZ_CP041932.1	GCF_008152015.1
WP_148882947.1#2|Thermococcus_aciditolerans	936	-	+	5	-2409	-1474	1373019	1373954	WP_148882949.1#2	NZ_CP041932.1	GCF_008152015.1
WP_148882947.1#2|Thermococcus_aciditolerans	1431	-	+	3	-1468	-38	1371583	1373013	WP_148882948.1#2	NZ_CP041932.1	GCF_008152015.1
WP_148882947.1#2|Thermococcus_aciditolerans	252	-	+	64	1	252	1371293	1371544	WP_148882947.1#2	NZ_CP041932.1	GCF_008152015.1
WP_148882947.1#2|Thermococcus_aciditolerans	219	-	+	1	249	467	1371078	1371296	WP_246112251.1#2	NZ_CP041932.1	GCF_008152015.1
WP_148882947.1#2|Thermococcus_aciditolerans	546	-	+	4	497	1042	1370503	1371048	WP_148882946.1#2	NZ_CP041932.1	GCF_008152015.1
WP_148882947.1#2|Thermococcus_aciditolerans	741	-	+	8	1058	1798	1369747	1370487	WP_148882945.1#2	NZ_CP041932.1	GCF_008152015.1
WP_148882947.1#2|Thermococcus_aciditolerans	864	-	-	2	1868	2731	1368814	1369677	WP_148882944.1#2	NZ_CP041932.1	GCF_008152015.1



WP_297510651.1#48|Thermococcus_sp_	216	+	+	16	-3926	-3711	7351	7566	WP_297510645.1#48	NZ_JALUFF010000081.1	GCF_027052235.1
WP_297510651.1#48|Thermococcus_sp_	1140	+	+	12	-3689	-2550	7588	8727	WP_297510761.1#48	NZ_JALUFF010000081.1	GCF_027052235.1
WP_297510651.1#48|Thermococcus_sp_	936	+	+	5	-2395	-1460	8882	9817	WP_297510764.1#48	NZ_JALUFF010000081.1	GCF_027052235.1
WP_297510651.1#48|Thermococcus_sp_	1431	+	+	3	-1454	-24	9823	11253	WP_297510648.1#48	NZ_JALUFF010000081.1	GCF_027052235.1
WP_297510651.1#48|Thermococcus_sp_	252	+	+	64	1	252	11278	11529	WP_297510651.1#48	NZ_JALUFF010000081.1	GCF_027052235.1
WP_297510651.1#48|Thermococcus_sp_	216	+	+	1	249	464	11526	11741	WP_297510654.1#48	NZ_JALUFF010000081.1	GCF_027052235.1
WP_297510651.1#48|Thermococcus_sp_	546	+	+	4	496	1041	11773	12318	WP_297510658.1#48	NZ_JALUFF010000081.1	GCF_027052235.1
WP_297510651.1#48|Thermococcus_sp_	738	+	+	8	1060	1797	12337	13074	WP_297510661.1#48	NZ_JALUFF010000081.1	GCF_027052235.1
WP_297510651.1#48|Thermococcus_sp_	78	+	+	65	1870	1947	13147	13224	tRNA_48.0*#48	NZ_JALUFF010000081.1	GCF_027052235.1



WP_176234111.1#43|Candidatus_Hakubella_thermalkaliphila	258	+	+	64	1	258	230	487	WP_176234111.1#43	NZ_BLRY01000494.1	GCF_013281955.1
WP_176234111.1#43|Candidatus_Hakubella_thermalkaliphila	118	+	+	1	261	378	490	607	WP_176234112.1#43	NZ_BLRY01000494.1	GCF_013281955.1



WP_296907532.1#47|Thermotoga_sp_	165	-	+	9	-758	-594	3369	3533	WP_296907535.1#47	NZ_JAGGZH010000142.1	GCF_021162145.1
WP_296907532.1#47|Thermotoga_sp_	195	-	+	28	-556	-362	3137	3331	WP_366932612.1#47	NZ_JAGGZH010000142.1	GCF_021162145.1
WP_296907532.1#47|Thermotoga_sp_	240	-	+	64	1	240	2535	2774	WP_296907532.1#47	NZ_JAGGZH010000142.1	GCF_021162145.1
WP_296907532.1#47|Thermotoga_sp_	222	-	+	1	237	458	2317	2538	WP_296907530.1#47	NZ_JAGGZH010000142.1	GCF_021162145.1
WP_296907532.1#47|Thermotoga_sp_	507	-	+	27	566	1072	1703	2209	WP_296907527.1#47	NZ_JAGGZH010000142.1	GCF_021162145.1
WP_296907532.1#47|Thermotoga_sp_	159	-	+	66	1137	1295	1480	1638	pseudogene_47.3*#47	NZ_JAGGZH010000142.1	GCF_021162145.1
WP_296907532.1#47|Thermotoga_sp_	366	-	-	0	1341	1706	1069	1434	WP_296907525.1#47	NZ_JAGGZH010000142.1	GCF_021162145.1



WP_207567191.1#11|Thermosipho_ferrireducens	228	+	+	0	-2123	-1896	567427	567654	WP_207567188.1#11	NZ_CP071446.1	GCF_017358165.1
WP_207567191.1#11|Thermosipho_ferrireducens	345	+	+	0	-1899	-1555	567651	567995	WP_207567189.1#11	NZ_CP071446.1	GCF_017358165.1
WP_207567191.1#11|Thermosipho_ferrireducens	279	+	+	0	-1354	-1076	568196	568474	WP_228288194.1#11	NZ_CP071446.1	GCF_017358165.1
WP_207567191.1#11|Thermosipho_ferrireducens	405	+	+	0	-1098	-694	568452	568856	WP_207567190.1#11	NZ_CP071446.1	GCF_017358165.1
WP_207567191.1#11|Thermosipho_ferrireducens	240	+	+	64	1	240	569551	569790	WP_207567191.1#11	NZ_CP071446.1	GCF_017358165.1
WP_207567191.1#11|Thermosipho_ferrireducens	213	+	+	1	237	449	569787	569999	WP_207567192.1#11	NZ_CP071446.1	GCF_017358165.1
WP_207567191.1#11|Thermosipho_ferrireducens	1251	+	+	2	902	2152	570452	571702	WP_207567193.1#11	NZ_CP071446.1	GCF_017358165.1
WP_207567191.1#11|Thermosipho_ferrireducens	783	+	+	0	2149	2931	571699	572481	WP_207567194.1#11	NZ_CP071446.1	GCF_017358165.1
WP_207567191.1#11|Thermosipho_ferrireducens	1167	+	+	2	2928	4094	572478	573644	WP_207567195.1#11	NZ_CP071446.1	GCF_017358165.1



WP_011393809.1#23|Neomoorella_thermoacetica	1200	-	-	61	-4501	-3302	2360071	2361270	WP_338818448.1#23	NZ_CP136551.1	GCF_037477965.1
WP_011393809.1#23|Neomoorella_thermoacetica	1140	-	-	61	-3288	-2149	2358918	2360057	WP_025773502.1#23	NZ_CP136551.1	GCF_037477965.1
WP_011393809.1#23|Neomoorella_thermoacetica	708	-	-	6	-2156	-1449	2358218	2358925	WP_081364384.1#23	NZ_CP136551.1	GCF_037477965.1
WP_011393809.1#23|Neomoorella_thermoacetica	1197	-	-	17	-1449	-253	2357022	2358218	WP_011393810.1#23	NZ_CP136551.1	GCF_037477965.1
WP_011393809.1#23|Neomoorella_thermoacetica	258	-	+	64	1	258	2356511	2356768	WP_011393809.1#23	NZ_CP136551.1	GCF_037477965.1
WP_011393809.1#23|Neomoorella_thermoacetica	213	-	+	1	258	470	2356299	2356511	WP_011393808.1#23	NZ_CP136551.1	GCF_037477965.1
WP_011393809.1#23|Neomoorella_thermoacetica	447	-	+	33	573	1019	2355750	2356196	WP_071522047.1#23	NZ_CP136551.1	GCF_037477965.1
WP_011393809.1#23|Neomoorella_thermoacetica	1605	-	+	15	997	2601	2354168	2355772	WP_081364135.1#23	NZ_CP136551.1	GCF_037477965.1
WP_011393809.1#23|Neomoorella_thermoacetica	696	-	+	17	2622	3317	2353452	2354147	WP_011393805.1#23	NZ_CP136551.1	GCF_037477965.1



WP_152945557.1#26|Desulfofundulus_thermobenzoicus	210	-	+	0	-2639	-2430	79096	79305	WP_152945560.1#26	NZ_WHYR01000009.1	GCF_009428905.1
WP_152945557.1#26|Desulfofundulus_thermobenzoicus	144	-	+	0	-2216	-2073	78739	78882	WP_152945559.1#26	NZ_WHYR01000009.1	GCF_009428905.1
WP_152945557.1#26|Desulfofundulus_thermobenzoicus	1059	-	+	66	-2070	-1012	77678	78736	pseudogene_26.2*#26	NZ_WHYR01000009.1	GCF_009428905.1
WP_152945557.1#26|Desulfofundulus_thermobenzoicus	381	-	+	66	-549	-169	76835	77215	pseudogene_26.6*#26	NZ_WHYR01000009.1	GCF_009428905.1
WP_152945557.1#26|Desulfofundulus_thermobenzoicus	261	-	+	64	1	261	76405	76665	WP_152945557.1#26	NZ_WHYR01000009.1	GCF_009428905.1
WP_152945557.1#26|Desulfofundulus_thermobenzoicus	222	-	+	1	258	479	76187	76408	WP_152945556.1#26	NZ_WHYR01000009.1	GCF_009428905.1
WP_152945557.1#26|Desulfofundulus_thermobenzoicus	1290	-	+	0	755	2044	74622	75911	WP_152945555.1#26	NZ_WHYR01000009.1	GCF_009428905.1
WP_152945557.1#26|Desulfofundulus_thermobenzoicus	591	-	+	0	2103	2693	73973	74563	WP_341473758.1#26	NZ_WHYR01000009.1	GCF_009428905.1
WP_152945557.1#26|Desulfofundulus_thermobenzoicus	543	-	+	0	2700	3242	73424	73966	WP_152945554.1#26	NZ_WHYR01000009.1	GCF_009428905.1



WP_077132321.1#61|Spirosoma_montaniterrae	621	-	+	14	-4058	-3438	3984854	3985474	WP_077132326.1#61	NZ_CP014263.1	GCF_001988955.1
WP_077132321.1#61|Spirosoma_montaniterrae	1131	-	-	0	-3124	-1994	3983410	3984540	WP_077132324.1#61	NZ_CP014263.1	GCF_001988955.1
WP_077132321.1#61|Spirosoma_montaniterrae	75	-	+	0	-1751	-1677	3983093	3983167	WP_232326068.1#61	NZ_CP014263.1	GCF_001988955.1
WP_077132321.1#61|Spirosoma_montaniterrae	1047	-	+	34	-1139	-93	3981509	3982555	WP_077132323.1#61	NZ_CP014263.1	GCF_001988955.1
WP_077132321.1#61|Spirosoma_montaniterrae	288	-	+	64	1	288	3981128	3981415	WP_077132321.1#61	NZ_CP014263.1	GCF_001988955.1
WP_077132321.1#61|Spirosoma_montaniterrae	195	-	+	1	285	479	3980937	3981131	WP_077132320.1#61	NZ_CP014263.1	GCF_001988955.1
WP_077132321.1#61|Spirosoma_montaniterrae	1527	-	+	36	589	2115	3979301	3980827	WP_077132318.1#61	NZ_CP014263.1	GCF_001988955.1
WP_077132321.1#61|Spirosoma_montaniterrae	684	-	+	0	2168	2851	3978565	3979248	WP_077132316.1#61	NZ_CP014263.1	GCF_001988955.1
WP_077132321.1#61|Spirosoma_montaniterrae	1440	-	-	0	2971	4410	3977006	3978445	WP_077132315.1#61	NZ_CP014263.1	GCF_001988955.1



WP_077924380.1#25|Spirosoma_sp__209	2370	-	+	0	-7976	-5607	37142	39511	WP_077924384.1#25	NZ_MVEC01000027.1	GCF_002006735.1
WP_077924380.1#25|Spirosoma_sp__209	2883	-	-	6	-5510	-2628	34163	37045	WP_077924383.1#25	NZ_MVEC01000027.1	GCF_002006735.1
WP_077924380.1#25|Spirosoma_sp__209	774	-	+	44	-2235	-1462	32997	33770	WP_077924382.1#25	NZ_MVEC01000027.1	GCF_002006735.1
WP_077924380.1#25|Spirosoma_sp__209	1047	-	+	34	-1157	-111	31646	32692	WP_077924381.1#25	NZ_MVEC01000027.1	GCF_002006735.1
WP_077924380.1#25|Spirosoma_sp__209	282	-	+	64	1	282	31253	31534	WP_077924380.1#25	NZ_MVEC01000027.1	GCF_002006735.1
WP_077924380.1#25|Spirosoma_sp__209	195	-	+	1	266	460	31075	31269	WP_077924379.1#25	NZ_MVEC01000027.1	GCF_002006735.1
WP_077924380.1#25|Spirosoma_sp__209	1098	-	-	0	822	1919	29616	30713	WP_077924378.1#25	NZ_MVEC01000027.1	GCF_002006735.1
WP_077924380.1#25|Spirosoma_sp__209	1164	-	-	0	1972	3135	28400	29563	WP_077924377.1#25	NZ_MVEC01000027.1	GCF_002006735.1
WP_077924380.1#25|Spirosoma_sp__209	1662	-	-	2	3248	4909	26626	28287	WP_077924376.1#25	NZ_MVEC01000027.1	GCF_002006735.1



WP_190350798.1#7|Pseudanabaena_cinerea_FACHB_1277	189	-	+	66	-3580	-3392	52345	52533	pseudogene_7.1*#7	NZ_JACJPY010000025.1	GCF_014696345.1
WP_190350798.1#7|Pseudanabaena_cinerea_FACHB_1277	3261	-	+	10	-3294	-34	48987	52247	WP_190350799.1#7	NZ_JACJPY010000025.1	GCF_014696345.1
WP_190350798.1#7|Pseudanabaena_cinerea_FACHB_1277	261	-	+	64	1	261	48692	48952	WP_190350798.1#7	NZ_JACJPY010000025.1	GCF_014696345.1
WP_190350798.1#7|Pseudanabaena_cinerea_FACHB_1277	210	-	+	1	258	467	48486	48695	WP_190350797.1#7	NZ_JACJPY010000025.1	GCF_014696345.1
WP_190350798.1#7|Pseudanabaena_cinerea_FACHB_1277	3993	-	+	11	480	4472	44481	48473	WP_190350796.1#7	NZ_JACJPY010000025.1	GCF_014696345.1
WP_190350798.1#7|Pseudanabaena_cinerea_FACHB_1277	831	-	-	0	4698	5528	43425	44255	WP_190350795.1#7	NZ_JACJPY010000025.1	GCF_014696345.1
WP_190350798.1#7|Pseudanabaena_cinerea_FACHB_1277	807	-	-	0	5540	6346	42607	43413	WP_206754453.1#7	NZ_JACJPY010000025.1	GCF_014696345.1



WP_277867428.1#83|Candidatus_Synechococcus_calcipolaris_G9	975	-	+	0	-6576	-5602	1782032	1783006	WP_277867432.1#83	NZ_JAKKUT010000002.1	GCF_029582805.1
WP_277867428.1#83|Candidatus_Synechococcus_calcipolaris_G9	2712	-	+	0	-5605	-2894	1779324	1782035	WP_277867431.1#83	NZ_JAKKUT010000002.1	GCF_029582805.1
WP_277867428.1#83|Candidatus_Synechococcus_calcipolaris_G9	1587	-	+	0	-2227	-641	1777071	1778657	WP_277867430.1#83	NZ_JAKKUT010000002.1	GCF_029582805.1
WP_277867428.1#83|Candidatus_Synechococcus_calcipolaris_G9	621	-	+	55	-616	4	1776426	1777046	WP_277867429.1#83	NZ_JAKKUT010000002.1	GCF_029582805.1
WP_277867428.1#83|Candidatus_Synechococcus_calcipolaris_G9	264	-	+	64	1	264	1776166	1776429	WP_277867428.1#83	NZ_JAKKUT010000002.1	GCF_029582805.1
WP_277867428.1#83|Candidatus_Synechococcus_calcipolaris_G9	210	-	+	1	261	470	1775960	1776169	WP_277867427.1#83	NZ_JAKKUT010000002.1	GCF_029582805.1
WP_277867428.1#83|Candidatus_Synechococcus_calcipolaris_G9	222	-	+	9	494	715	1775715	1775936	WP_277867426.1#83	NZ_JAKKUT010000002.1	GCF_029582805.1
WP_277867428.1#83|Candidatus_Synechococcus_calcipolaris_G9	1179	-	+	0	966	2144	1774286	1775464	WP_277867425.1#83	NZ_JAKKUT010000002.1	GCF_029582805.1
WP_277867428.1#83|Candidatus_Synechococcus_calcipolaris_G9	648	-	+	0	2146	2793	1773637	1774284	WP_277867424.1#83	NZ_JAKKUT010000002.1	GCF_029582805.1



WP_247219311.1#67|Synechococcus_sp__C9	564	+	+	49	-2274	-1711	45163	45726	WP_247219303.1#67	NZ_JALAAD010000002.1	GCF_022984075.1
WP_247219311.1#67|Synechococcus_sp__C9	855	+	+	21	-1687	-833	45750	46604	WP_247219305.1#67	NZ_JALAAD010000002.1	GCF_022984075.1
WP_247219311.1#67|Synechococcus_sp__C9	330	+	+	0	-803	-474	46634	46963	WP_247219307.1#67	NZ_JALAAD010000002.1	GCF_022984075.1
WP_247219311.1#67|Synechococcus_sp__C9	474	+	+	55	-469	4	46968	47441	WP_247219309.1#67	NZ_JALAAD010000002.1	GCF_022984075.1
WP_247219311.1#67|Synechococcus_sp__C9	264	+	+	64	1	264	47438	47701	WP_247219311.1#67	NZ_JALAAD010000002.1	GCF_022984075.1
WP_247219311.1#67|Synechococcus_sp__C9	210	+	+	1	261	470	47698	47907	WP_247219313.1#67	NZ_JALAAD010000002.1	GCF_022984075.1
WP_247219311.1#67|Synechococcus_sp__C9	609	+	-	0	972	1580	48409	49017	WP_247219315.1#67	NZ_JALAAD010000002.1	GCF_022984075.1
WP_247219311.1#67|Synechococcus_sp__C9	1260	+	-	0	2003	3262	49440	50699	WP_247219317.1#67	NZ_JALAAD010000002.1	GCF_022984075.1
WP_247219311.1#67|Synechococcus_sp__C9	204	+	+	66	3618	3821	51055	51258	pseudogene_67.0*#67	NZ_JALAAD010000002.1	GCF_022984075.1



WP_318730630.1#73|Roseofilum_sp__Guam	312	+	-	57	-1371	-1060	10599	10910	WP_318730626.1#73	NZ_JAGHZN010000063.1	GCF_017746735.1
WP_318730630.1#73|Roseofilum_sp__Guam	423	+	-	0	-1016	-594	10954	11376	WP_318730627.1#73	NZ_JAGHZN010000063.1	GCF_017746735.1
WP_318730630.1#73|Roseofilum_sp__Guam	237	+	-	0	-616	-380	11354	11590	WP_318730628.1#73	NZ_JAGHZN010000063.1	GCF_017746735.1
WP_318730630.1#73|Roseofilum_sp__Guam	231	+	+	9	-312	-82	11658	11888	WP_318730629.1#73	NZ_JAGHZN010000063.1	GCF_017746735.1
WP_318730630.1#73|Roseofilum_sp__Guam	261	+	+	64	1	261	11971	12231	WP_318730630.1#73	NZ_JAGHZN010000063.1	GCF_017746735.1
WP_318730630.1#73|Roseofilum_sp__Guam	213	+	+	1	258	470	12228	12440	WP_318730631.1#73	NZ_JAGHZN010000063.1	GCF_017746735.1
WP_318730630.1#73|Roseofilum_sp__Guam	348	+	+	58	510	857	12480	12827	WP_318730632.1#73	NZ_JAGHZN010000063.1	GCF_017746735.1
WP_318730630.1#73|Roseofilum_sp__Guam	428	+	-	66	994	1421	12964	13391	pseudogene_73.7*#73	NZ_JAGHZN010000063.1	GCF_017746735.1
WP_318730630.1#73|Roseofilum_sp__Guam	855	+	-	0	1722	2576	13692	14546	WP_318730634.1#73	NZ_JAGHZN010000063.1	GCF_017746735.1



WP_223047104.1#96|Leptothermofonsia_sichuanensis_E412	414	+	+	0	-1693	-1280	4950298	4950711	WP_223047100.1#96	NZ_CP072600.1	GCF_019891175.1
WP_223047104.1#96|Leptothermofonsia_sichuanensis_E412	345	+	+	58	-1292	-948	4950699	4951043	WP_223047101.1#96	NZ_CP072600.1	GCF_019891175.1
WP_223047104.1#96|Leptothermofonsia_sichuanensis_E412	339	+	+	46	-785	-447	4951206	4951544	WP_223047102.1#96	NZ_CP072600.1	GCF_019891175.1
WP_223047104.1#96|Leptothermofonsia_sichuanensis_E412	354	+	+	47	-457	-104	4951534	4951887	WP_223047103.1#96	NZ_CP072600.1	GCF_019891175.1
WP_223047104.1#96|Leptothermofonsia_sichuanensis_E412	261	+	+	64	1	261	4951992	4952252	WP_223047104.1#96	NZ_CP072600.1	GCF_019891175.1
WP_223047104.1#96|Leptothermofonsia_sichuanensis_E412	213	+	+	1	258	470	4952249	4952461	WP_223047105.1#96	NZ_CP072600.1	GCF_019891175.1
WP_223047104.1#96|Leptothermofonsia_sichuanensis_E412	228	+	+	48	513	740	4952504	4952731	WP_223047106.1#96	NZ_CP072600.1	GCF_019891175.1
WP_223047104.1#96|Leptothermofonsia_sichuanensis_E412	684	+	+	0	737	1420	4952728	4953411	WP_223047107.1#96	NZ_CP072600.1	GCF_019891175.1
WP_223047104.1#96|Leptothermofonsia_sichuanensis_E412	141	+	+	0	1410	1550	4953401	4953541	WP_223047108.1#96	NZ_CP072600.1	GCF_019891175.1



WP_159785678.1#63|Sodalinema_sp_	1845	-	+	0	-5272	-3428	4372	6216	WP_410250919.1#63	NZ_JAWOCL010000023.1	GCF_046483825.1
WP_159785678.1#63|Sodalinema_sp_	1911	-	+	0	-2999	-1089	2033	3943	WP_170190652.1#63	NZ_JAWOCL010000023.1	GCF_046483825.1
WP_159785678.1#63|Sodalinema_sp_	207	-	+	1	-985	-779	1723	1929	WP_410250918.1#63	NZ_JAWOCL010000023.1	GCF_046483825.1
WP_159785678.1#63|Sodalinema_sp_	543	-	-	0	-696	-154	1098	1640	WP_410250917.1#63	NZ_JAWOCL010000023.1	GCF_046483825.1
WP_159785678.1#63|Sodalinema_sp_	258	-	+	64	1	258	686	943	WP_159785678.1#63	NZ_JAWOCL010000023.1	GCF_046483825.1
WP_159785678.1#63|Sodalinema_sp_	207	-	+	1	258	464	480	686	WP_159785681.1#63	NZ_JAWOCL010000023.1	GCF_046483825.1
WP_159785678.1#63|Sodalinema_sp_	222	-	-	0	493	714	230	451	WP_410250916.1#63	NZ_JAWOCL010000023.1	GCF_046483825.1



WP_261207242.1#13|Laspinema_sp__D2d	1095	+	-	0	-10853	-9759	95986	97080	WP_261207238.1#13	NZ_JAMXFC010000016.1	GCF_025370755.1
WP_261207242.1#13|Laspinema_sp__D2d	924	+	-	0	-9685	-8762	97154	98077	WP_261207239.1#13	NZ_JAMXFC010000016.1	GCF_025370755.1
WP_261207242.1#13|Laspinema_sp__D2d	369	+	-	0	-8566	-8198	98273	98641	WP_261207240.1#13	NZ_JAMXFC010000016.1	GCF_025370755.1
WP_261207242.1#13|Laspinema_sp__D2d	7671	+	+	0	-7851	-181	98988	106658	WP_261207241.1#13	NZ_JAMXFC010000016.1	GCF_025370755.1
WP_261207242.1#13|Laspinema_sp__D2d	255	+	+	64	1	255	106840	107094	WP_261207242.1#13	NZ_JAMXFC010000016.1	GCF_025370755.1
WP_261207242.1#13|Laspinema_sp__D2d	225	+	+	1	258	482	107097	107321	WP_261207243.1#13	NZ_JAMXFC010000016.1	GCF_025370755.1
WP_261207242.1#13|Laspinema_sp__D2d	912	+	-	0	619	1530	107458	108369	WP_261207244.1#13	NZ_JAMXFC010000016.1	GCF_025370755.1
WP_261207242.1#13|Laspinema_sp__D2d	1614	+	-	2	1666	3279	108505	110118	WP_261207245.1#13	NZ_JAMXFC010000016.1	GCF_025370755.1
WP_261207242.1#13|Laspinema_sp__D2d	4299	+	-	2	3272	7570	110111	114409	WP_261207246.1#13	NZ_JAMXFC010000016.1	GCF_025370755.1



WP_194059929.1#93|Sphaerospermopsis_sp__LEGE_08334	390	+	+	0	-3880	-3491	5903	6292	WP_194059927.1#93	NZ_JADEXH010000074.1	GCF_015207205.1
WP_194059929.1#93|Sphaerospermopsis_sp__LEGE_08334	189	+	+	0	-3314	-3126	6469	6657	WP_096566007.1#93	NZ_JADEXH010000074.1	GCF_015207205.1
WP_194059929.1#93|Sphaerospermopsis_sp__LEGE_08334	1227	+	-	0	-2921	-1695	6862	8088	WP_194059928.1#93	NZ_JADEXH010000074.1	GCF_015207205.1
WP_194059929.1#93|Sphaerospermopsis_sp__LEGE_08334	1392	+	+	56	-1427	-36	8356	9747	WP_228020700.1#93	NZ_JADEXH010000074.1	GCF_015207205.1
WP_194059929.1#93|Sphaerospermopsis_sp__LEGE_08334	261	+	+	64	1	261	9784	10044	WP_194059929.1#93	NZ_JADEXH010000074.1	GCF_015207205.1
WP_194059929.1#93|Sphaerospermopsis_sp__LEGE_08334	201	+	+	1	258	458	10041	10241	WP_194059930.1#93	NZ_JADEXH010000074.1	GCF_015207205.1
WP_194059929.1#93|Sphaerospermopsis_sp__LEGE_08334	705	+	-	0	1057	1761	10840	11544	WP_194059931.1#93	NZ_JADEXH010000074.1	GCF_015207205.1
WP_194059929.1#93|Sphaerospermopsis_sp__LEGE_08334	507	+	-	45	1969	2475	11752	12258	WP_194059932.1#93	NZ_JADEXH010000074.1	GCF_015207205.1
WP_194059929.1#93|Sphaerospermopsis_sp__LEGE_08334	519	+	-	45	2489	3007	12272	12790	WP_194059933.1#93	NZ_JADEXH010000074.1	GCF_015207205.1



WP_155751016.1#5|Scytonema_sp__UIC_10036	1089	-	-	0	-6478	-5390	5922	7010	WP_347566397.1#5	NZ_WJFC01000168.1	GCF_009725235.1
WP_155751016.1#5|Scytonema_sp__UIC_10036	1323	-	-	2	-4907	-3585	4117	5439	WP_166482561.1#5	NZ_WJFC01000168.1	GCF_009725235.1
WP_155751016.1#5|Scytonema_sp__UIC_10036	1860	-	-	2	-3383	-1524	2056	3915	WP_155751018.1#5	NZ_WJFC01000168.1	GCF_009725235.1
WP_155751016.1#5|Scytonema_sp__UIC_10036	1047	-	-	0	-1419	-373	905	1951	WP_155751017.1#5	NZ_WJFC01000168.1	GCF_009725235.1
WP_155751016.1#5|Scytonema_sp__UIC_10036	261	-	+	64	1	261	271	531	WP_155751016.1#5	NZ_WJFC01000168.1	GCF_009725235.1
WP_155751016.1#5|Scytonema_sp__UIC_10036	240	-	+	1	258	497	35	274	WP_155751015.1#5	NZ_WJFC01000168.1	GCF_009725235.1



WP_192221677.1#32|Microcoleus_sp__FACHB_SPT15	339	-	+	0	-2779	-2441	451234	451572	WP_192221681.1#32	NZ_JACJNU010000062.1	GCF_014849525.1
WP_192221677.1#32|Microcoleus_sp__FACHB_SPT15	1506	-	+	0	-2374	-869	449662	451167	WP_192221680.1#32	NZ_JACJNU010000062.1	GCF_014849525.1
WP_192221677.1#32|Microcoleus_sp__FACHB_SPT15	252	-	-	0	-826	-575	449368	449619	WP_192221679.1#32	NZ_JACJNU010000062.1	GCF_014849525.1
WP_192221677.1#32|Microcoleus_sp__FACHB_SPT15	297	-	+	66	-348	-52	448845	449141	pseudogene_32.6*#32	NZ_JACJNU010000062.1	GCF_014849525.1
WP_192221677.1#32|Microcoleus_sp__FACHB_SPT15	255	-	+	64	1	255	448538	448792	WP_192221677.1#32	NZ_JACJNU010000062.1	GCF_014849525.1
WP_192221677.1#32|Microcoleus_sp__FACHB_SPT15	195	-	+	1	258	452	448341	448535	WP_192221676.1#32	NZ_JACJNU010000062.1	GCF_014849525.1
WP_192221677.1#32|Microcoleus_sp__FACHB_SPT15	846	-	+	0	1007	1852	446941	447786	WP_192221675.1#32	NZ_JACJNU010000062.1	GCF_014849525.1
WP_192221677.1#32|Microcoleus_sp__FACHB_SPT15	1401	-	-	0	2003	3403	445390	446790	WP_192221674.1#32	NZ_JACJNU010000062.1	GCF_014849525.1
WP_192221677.1#32|Microcoleus_sp__FACHB_SPT15	372	-	-	0	3561	3932	444861	445232	WP_192221673.1#32	NZ_JACJNU010000062.1	GCF_014849525.1



WP_073592319.1#55|_Phormidium_ambiguum__IAM_M_71	426	+	+	0	-3754	-3329	15075	15500	WP_143170957.1#55	NZ_MRCE01000004.1	GCF_001904725.1
WP_073592319.1#55|_Phormidium_ambiguum__IAM_M_71	1041	+	+	0	-3311	-2271	15518	16558	WP_073592317.1#55	NZ_MRCE01000004.1	GCF_001904725.1
WP_073592319.1#55|_Phormidium_ambiguum__IAM_M_71	1548	+	-	43	-1878	-331	16951	18498	WP_073592318.1#55	NZ_MRCE01000004.1	GCF_001904725.1
WP_073592319.1#55|_Phormidium_ambiguum__IAM_M_71	216	+	+	66	-235	-20	18594	18809	pseudogene_55.1*#55	NZ_MRCE01000004.1	GCF_001904725.1
WP_073592319.1#55|_Phormidium_ambiguum__IAM_M_71	261	+	+	64	1	261	18830	19090	WP_073592319.1#55	NZ_MRCE01000004.1	GCF_001904725.1
WP_073592319.1#55|_Phormidium_ambiguum__IAM_M_71	198	+	+	1	258	455	19087	19284	WP_073592320.1#55	NZ_MRCE01000004.1	GCF_001904725.1
WP_073592319.1#55|_Phormidium_ambiguum__IAM_M_71	813	+	+	21	638	1450	19467	20279	WP_073592321.1#55	NZ_MRCE01000004.1	GCF_001904725.1
WP_073592319.1#55|_Phormidium_ambiguum__IAM_M_71	192	+	+	21	1477	1668	20306	20497	WP_073592322.1#55	NZ_MRCE01000004.1	GCF_001904725.1
WP_073592319.1#55|_Phormidium_ambiguum__IAM_M_71	1671	+	+	0	1867	3537	20696	22366	WP_073592323.1#55	NZ_MRCE01000004.1	GCF_001904725.1



WP_119066390.1#42|Rubrobacter_indicoceani	1308	+	-	0	-5735	-4428	555976	557283	WP_162924384.1#42	NZ_CP031115.1	GCF_003568865.1
WP_119066390.1#42|Rubrobacter_indicoceani	1455	+	+	41	-4209	-2755	557502	558956	WP_119066386.1#42	NZ_CP031115.1	GCF_003568865.1
WP_119066390.1#42|Rubrobacter_indicoceani	1269	+	+	41	-2755	-1487	558956	560224	WP_162924385.1#42	NZ_CP031115.1	GCF_003568865.1
WP_119066390.1#42|Rubrobacter_indicoceani	1479	+	+	0	-1487	-9	560224	561702	WP_240432536.1#42	NZ_CP031115.1	GCF_003568865.1
WP_119066390.1#42|Rubrobacter_indicoceani	222	+	+	64	1	222	561712	561933	WP_119066390.1#42	NZ_CP031115.1	GCF_003568865.1
WP_119066390.1#42|Rubrobacter_indicoceani	486	+	+	1	230	715	561941	562426	WP_119066392.1#42	NZ_CP031115.1	GCF_003568865.1
WP_119066390.1#42|Rubrobacter_indicoceani	1317	+	-	0	728	2044	562439	563755	WP_162924386.1#42	NZ_CP031115.1	GCF_003568865.1
WP_119066390.1#42|Rubrobacter_indicoceani	720	+	-	0	2195	2914	563906	564625	WP_119066396.1#42	NZ_CP031115.1	GCF_003568865.1
WP_119066390.1#42|Rubrobacter_indicoceani	903	+	+	0	3130	4032	564841	565743	WP_240432538.1#42	NZ_CP031115.1	GCF_003568865.1



WP_298087508.1#18|uncultured_Corynebacterium_sp_	1776	+	+	0	-3865	-2090	44	1819	WP_298087505.1#18	NZ_CALFAB010000142.1	GCF_937930035.1
WP_298087508.1#18|uncultured_Corynebacterium_sp_	996	+	+	0	-2093	-1098	1816	2811	WP_367179065.1#18	NZ_CALFAB010000142.1	GCF_937930035.1
WP_298087508.1#18|uncultured_Corynebacterium_sp_	267	+	-	0	-953	-687	2956	3222	WP_298087506.1#18	NZ_CALFAB010000142.1	GCF_937930035.1
WP_298087508.1#18|uncultured_Corynebacterium_sp_	399	+	+	25	-407	-9	3502	3900	WP_298087507.1#18	NZ_CALFAB010000142.1	GCF_937930035.1
WP_298087508.1#18|uncultured_Corynebacterium_sp_	213	+	+	64	1	213	3910	4122	WP_298087508.1#18	NZ_CALFAB010000142.1	GCF_937930035.1
WP_298087508.1#18|uncultured_Corynebacterium_sp_	333	+	+	1	249	581	4158	4490	WP_298087509.1#18	NZ_CALFAB010000142.1	GCF_937930035.1



WP_256008033.1#82|Corynebacterium_pseudogenitalium	1428	+	-	0	-2700	-1273	216754	218181	WP_256008029.1#82	NZ_JAGPYV010000003.1	GCF_024453955.1
WP_256008033.1#82|Corynebacterium_pseudogenitalium	396	+	-	0	-1244	-849	218210	218605	WP_305085038.1#82	NZ_JAGPYV010000003.1	GCF_024453955.1
WP_256008033.1#82|Corynebacterium_pseudogenitalium	186	+	-	0	-845	-660	218609	218794	WP_256008031.1#82	NZ_JAGPYV010000003.1	GCF_024453955.1
WP_256008033.1#82|Corynebacterium_pseudogenitalium	408	+	+	25	-393	14	219061	219468	WP_256008032.1#82	NZ_JAGPYV010000003.1	GCF_024453955.1
WP_256008033.1#82|Corynebacterium_pseudogenitalium	231	+	+	64	1	231	219455	219685	WP_256008033.1#82	NZ_JAGPYV010000003.1	GCF_024453955.1
WP_256008033.1#82|Corynebacterium_pseudogenitalium	333	+	+	1	245	577	219699	220031	WP_256008034.1#82	NZ_JAGPYV010000003.1	GCF_024453955.1
WP_256008033.1#82|Corynebacterium_pseudogenitalium	183	+	+	0	659	841	220113	220295	WP_256008035.1#82	NZ_JAGPYV010000003.1	GCF_024453955.1
WP_256008033.1#82|Corynebacterium_pseudogenitalium	591	+	-	0	1099	1689	220553	221143	WP_256008036.1#82	NZ_JAGPYV010000003.1	GCF_024453955.1
WP_256008033.1#82|Corynebacterium_pseudogenitalium	73	+	-	65	1880	1952	221334	221406	tRNA_82.1*#82	NZ_JAGPYV010000003.1	GCF_024453955.1



WP_269082326.1#69|Corynebacterium_testudinoris	1206	+	+	11	-3770	-2565	1	1206	WP_221709761.1#69	NZ_JAASJB010000003.1	GCF_019731555.1
WP_269082326.1#69|Corynebacterium_testudinoris	1152	+	+	0	-2544	-1393	1227	2378	WP_260452632.1#69	NZ_JAASJB010000003.1	GCF_019731555.1
WP_269082326.1#69|Corynebacterium_testudinoris	921	+	+	0	-1396	-476	2375	3295	WP_047252067.1#69	NZ_JAASJB010000003.1	GCF_019731555.1
WP_269082326.1#69|Corynebacterium_testudinoris	402	+	+	25	-328	73	3443	3844	WP_047252066.1#69	NZ_JAASJB010000003.1	GCF_019731555.1
WP_269082326.1#69|Corynebacterium_testudinoris	282	+	+	64	1	282	3772	4053	WP_269082326.1#69	NZ_JAASJB010000003.1	GCF_019731555.1
WP_269082326.1#69|Corynebacterium_testudinoris	327	+	+	1	293	619	4064	4390	WP_047252065.1#69	NZ_JAASJB010000003.1	GCF_019731555.1
WP_269082326.1#69|Corynebacterium_testudinoris	3543	+	+	24	714	4256	4485	8027	WP_047252064.1#69	NZ_JAASJB010000003.1	GCF_019731555.1
WP_269082326.1#69|Corynebacterium_testudinoris	816	+	+	0	4276	5091	8047	8862	WP_047252063.1#69	NZ_JAASJB010000003.1	GCF_019731555.1
WP_269082326.1#69|Corynebacterium_testudinoris	612	+	-	0	5304	5915	9075	9686	WP_047252061.1#69	NZ_JAASJB010000003.1	GCF_019731555.1



WP_308134755.1#19|Thiothrix_subterranea	498	-	-	0	-1893	-1396	3844050	3844547	WP_308134751.1#19	NZ_CP133217.1	GCF_030930995.1
WP_308134755.1#19|Thiothrix_subterranea	342	-	-	0	-1331	-990	3843644	3843985	WP_308134752.1#19	NZ_CP133217.1	GCF_030930995.1
WP_308134755.1#19|Thiothrix_subterranea	327	-	-	0	-896	-570	3843224	3843550	WP_308134753.1#19	NZ_CP133217.1	GCF_030930995.1
WP_308134755.1#19|Thiothrix_subterranea	393	-	-	0	-479	-87	3842741	3843133	WP_308134754.1#19	NZ_CP133217.1	GCF_030930995.1
WP_308134755.1#19|Thiothrix_subterranea	231	-	+	64	1	231	3842423	3842653	WP_308134755.1#19	NZ_CP133217.1	GCF_030930995.1
WP_308134755.1#19|Thiothrix_subterranea	186	-	+	1	242	427	3842227	3842412	WP_308134756.1#19	NZ_CP133217.1	GCF_030930995.1
WP_308134755.1#19|Thiothrix_subterranea	1221	-	+	0	430	1650	3841004	3842224	WP_308134757.1#19	NZ_CP133217.1	GCF_030930995.1
WP_308134755.1#19|Thiothrix_subterranea	1542	-	-	0	1647	3188	3839466	3841007	WP_308871893.1#19	NZ_CP133217.1	GCF_030930995.1
WP_308134755.1#19|Thiothrix_subterranea	780	-	+	0	3281	4060	3838594	3839373	WP_308134759.1#19	NZ_CP133217.1	GCF_030930995.1



WP_195742109.1#9|Methylobacillus_flagellatus_KT	786	-	+	0	-2464	-1679	1394663	1395448	WP_011479537.1#9	NC_007947.1	GCF_000013705.1
WP_195742109.1#9|Methylobacillus_flagellatus_KT	86	-	+	65	-1410	-1325	1394309	1394394	tRNA_9.2*#9	NC_007947.1	GCF_000013705.1
WP_195742109.1#9|Methylobacillus_flagellatus_KT	366	-	-	0	-1272	-907	1393891	1394256	WP_011479536.1#9	NC_007947.1	GCF_000013705.1
WP_195742109.1#9|Methylobacillus_flagellatus_KT	519	-	-	0	-801	-283	1393267	1393785	WP_011479535.1#9	NC_007947.1	GCF_000013705.1
WP_195742109.1#9|Methylobacillus_flagellatus_KT	231	-	+	64	1	231	1392753	1392983	WP_195742109.1#9	NC_007947.1	GCF_000013705.1
WP_195742109.1#9|Methylobacillus_flagellatus_KT	183	-	+	1	241	423	1392561	1392743	WP_011479534.1#9	NC_007947.1	GCF_000013705.1
WP_195742109.1#9|Methylobacillus_flagellatus_KT	258	-	-	0	751	1008	1391976	1392233	WP_195742152.1#9	NC_007947.1	GCF_000013705.1
WP_195742109.1#9|Methylobacillus_flagellatus_KT	309	-	+	0	1069	1377	1391607	1391915	WP_011479532.1#9	NC_007947.1	GCF_000013705.1
WP_195742109.1#9|Methylobacillus_flagellatus_KT	813	-	+	0	1389	2201	1390783	1391595	WP_011479531.1#9	NC_007947.1	GCF_000013705.1



WP_106371085.1#31|Chlorogloea_sp__CCALA_695	654	+	-	20	-2097	-1444	8359	9012	WP_233221058.1#31	NZ_CAWNSX010000024.1	GCF_963877105.1
WP_106371085.1#31|Chlorogloea_sp__CCALA_695	681	+	+	0	-1331	-651	9125	9805	WP_106371083.1#31	NZ_CAWNSX010000024.1	GCF_963877105.1
WP_106371085.1#31|Chlorogloea_sp__CCALA_695	327	+	+	0	-585	-259	9871	10197	WP_106371084.1#31	NZ_CAWNSX010000024.1	GCF_963877105.1
WP_106371085.1#31|Chlorogloea_sp__CCALA_695	174	+	+	0	-218	-45	10238	10411	WP_158260555.1#31	NZ_CAWNSX010000024.1	GCF_963877105.1
WP_106371085.1#31|Chlorogloea_sp__CCALA_695	261	+	+	64	1	261	10457	10717	WP_106371085.1#31	NZ_CAWNSX010000024.1	GCF_963877105.1
WP_106371085.1#31|Chlorogloea_sp__CCALA_695	255	+	+	1	258	512	10714	10968	WP_233221059.1#31	NZ_CAWNSX010000024.1	GCF_963877105.1
WP_106371085.1#31|Chlorogloea_sp__CCALA_695	729	+	+	0	709	1437	11165	11893	WP_106371086.1#31	NZ_CAWNSX010000024.1	GCF_963877105.1
WP_106371085.1#31|Chlorogloea_sp__CCALA_695	393	+	+	0	1434	1826	11890	12282	WP_106371087.1#31	NZ_CAWNSX010000024.1	GCF_963877105.1
WP_106371085.1#31|Chlorogloea_sp__CCALA_695	528	+	-	0	2019	2546	12475	13002	WP_106371088.1#31	NZ_CAWNSX010000024.1	GCF_963877105.1



WP_007354483.1#21|Kamptonema_sp__PCC_6506	3171	-	+	0	-4523	-1353	6778	9948	WP_007354487.1#21	NZ_CACA01000142.1	GCF_000180455.1
WP_007354483.1#21|Kamptonema_sp__PCC_6506	225	-	-	0	-1268	-1044	6469	6693	WP_007354486.1#21	NZ_CACA01000142.1	GCF_000180455.1
WP_007354483.1#21|Kamptonema_sp__PCC_6506	582	-	+	20	-1042	-461	5886	6467	WP_007354485.1#21	NZ_CACA01000142.1	GCF_000180455.1
WP_007354483.1#21|Kamptonema_sp__PCC_6506	414	-	+	0	-464	-51	5476	5889	WP_007354484.1#21	NZ_CACA01000142.1	GCF_000180455.1
WP_007354483.1#21|Kamptonema_sp__PCC_6506	276	-	+	64	1	276	5149	5424	WP_007354483.1#21	NZ_CACA01000142.1	GCF_000180455.1
WP_007354483.1#21|Kamptonema_sp__PCC_6506	270	-	+	1	273	542	4883	5152	WP_007354482.1#21	NZ_CACA01000142.1	GCF_000180455.1
WP_007354483.1#21|Kamptonema_sp__PCC_6506	246	-	-	0	568	813	4612	4857	WP_148288977.1#21	NZ_CACA01000142.1	GCF_000180455.1
WP_007354483.1#21|Kamptonema_sp__PCC_6506	2880	-	-	24	779	3658	1767	4646	WP_007354481.1#21	NZ_CACA01000142.1	GCF_000180455.1
WP_007354483.1#21|Kamptonema_sp__PCC_6506	693	-	-	0	3665	4357	1068	1760	WP_007354480.1#21	NZ_CACA01000142.1	GCF_000180455.1



WP_153111059.1#4|Propionivibrio_limicola	663	-	+	0	-5852	-5190	86142	86804	WP_170285853.1#4	NZ_SSSR01000010.1	GCF_009469695.1
WP_153111059.1#4|Propionivibrio_limicola	2178	-	+	2	-5197	-3020	83972	86149	WP_153111062.1#4	NZ_SSSR01000010.1	GCF_009469695.1
WP_153111059.1#4|Propionivibrio_limicola	1614	-	-	63	-2922	-1309	82261	83874	WP_153111061.1#4	NZ_SSSR01000010.1	GCF_009469695.1
WP_153111059.1#4|Propionivibrio_limicola	246	-	-	40	-1079	-834	81786	82031	WP_153111060.1#4	NZ_SSSR01000010.1	GCF_009469695.1
WP_153111059.1#4|Propionivibrio_limicola	252	-	+	64	1	252	80700	80951	WP_153111059.1#4	NZ_SSSR01000010.1	GCF_009469695.1
WP_153111059.1#4|Propionivibrio_limicola	195	-	+	1	249	443	80509	80703	WP_153111058.1#4	NZ_SSSR01000010.1	GCF_009469695.1
WP_153111059.1#4|Propionivibrio_limicola	1263	-	-	0	541	1803	79149	80411	WP_153111057.1#4	NZ_SSSR01000010.1	GCF_009469695.1
WP_153111059.1#4|Propionivibrio_limicola	345	-	-	0	1852	2196	78756	79100	WP_211364175.1#4	NZ_SSSR01000010.1	GCF_009469695.1
WP_153111059.1#4|Propionivibrio_limicola	1449	-	-	0	2200	3648	77304	78752	WP_153111056.1#4	NZ_SSSR01000010.1	GCF_009469695.1



WP_105220587.1#89|Gloeocapsopsis_dulcis_AAB1___1H9	1524	-	+	0	-4621	-3098	4188	5711	WP_105220590.1#89	NZ_PTJN01000058.1	GCF_002964865.1
WP_105220587.1#89|Gloeocapsopsis_dulcis_AAB1___1H9	429	-	+	0	-2916	-2488	3578	4006	WP_105220589.1#89	NZ_PTJN01000058.1	GCF_002964865.1
WP_105220587.1#89|Gloeocapsopsis_dulcis_AAB1___1H9	861	-	-	0	-2334	-1474	2564	3424	WP_105220588.1#89	NZ_PTJN01000058.1	GCF_002964865.1
WP_105220587.1#89|Gloeocapsopsis_dulcis_AAB1___1H9	882	-	-	0	-1411	-530	1620	2501	WP_196601992.1#89	NZ_PTJN01000058.1	GCF_002964865.1
WP_105220587.1#89|Gloeocapsopsis_dulcis_AAB1___1H9	258	-	+	64	1	258	832	1089	WP_105220587.1#89	NZ_PTJN01000058.1	GCF_002964865.1
WP_105220587.1#89|Gloeocapsopsis_dulcis_AAB1___1H9	261	-	+	1	260	520	570	830	WP_105220586.1#89	NZ_PTJN01000058.1	GCF_002964865.1
WP_105220587.1#89|Gloeocapsopsis_dulcis_AAB1___1H9	74	-	+	65	763	836	254	327	tRNA_89.6*#89	NZ_PTJN01000058.1	GCF_002964865.1



WP_320002369.1#74|Cyanobacterium_aponinum_AL20118	3216	+	+	0	-5504	-2289	788	4003	WP_320002371.1#74	NZ_CP149439.1	GCF_045345185.1
WP_320002369.1#74|Cyanobacterium_aponinum_AL20118	234	+	+	0	-2292	-2059	4000	4233	WP_320002372.1#74	NZ_CP149439.1	GCF_045345185.1
WP_320002369.1#74|Cyanobacterium_aponinum_AL20118	738	+	-	0	-1791	-1054	4501	5238	WP_320002367.1#74	NZ_CP149439.1	GCF_045345185.1
WP_320002369.1#74|Cyanobacterium_aponinum_AL20118	687	+	+	27	-727	-41	5565	6251	WP_320002368.1#74	NZ_CP149439.1	GCF_045345185.1
WP_320002369.1#74|Cyanobacterium_aponinum_AL20118	264	+	+	64	1	264	6293	6556	WP_320002369.1#74	NZ_CP149439.1	GCF_045345185.1
WP_320002369.1#74|Cyanobacterium_aponinum_AL20118	249	+	+	1	261	509	6553	6801	WP_320002370.1#74	NZ_CP149439.1	GCF_045345185.1



WP_293444321.1#46|Persephonella_sp_	549	-	+	0	-2891	-2343	36214	36762	WP_293444327.1#46	NZ_WGCC01000033.1	GCF_015493945.1
WP_293444321.1#46|Persephonella_sp_	774	-	+	0	-2353	-1580	35451	36224	WP_293444325.1#46	NZ_WGCC01000033.1	GCF_015493945.1
WP_293444321.1#46|Persephonella_sp_	1305	-	+	0	-1580	-276	34147	35451	WP_293444323.1#46	NZ_WGCC01000033.1	GCF_015493945.1
WP_293444321.1#46|Persephonella_sp_	74	-	+	65	-285	-212	34083	34156	tRNA_46.7*#46	NZ_WGCC01000033.1	GCF_015493945.1
WP_293444321.1#46|Persephonella_sp_	240	-	+	64	1	240	33631	33870	WP_293444321.1#46	NZ_WGCC01000033.1	GCF_015493945.1
WP_293444321.1#46|Persephonella_sp_	198	-	+	1	231	428	33443	33640	WP_293444319.1#46	NZ_WGCC01000033.1	GCF_015493945.1
WP_293444321.1#46|Persephonella_sp_	1902	-	-	2	538	2439	31432	33333	WP_293444317.1#46	NZ_WGCC01000033.1	GCF_015493945.1
WP_293444321.1#46|Persephonella_sp_	438	-	-	0	2436	2873	30998	31435	WP_293444315.1#46	NZ_WGCC01000033.1	GCF_015493945.1
WP_293444321.1#46|Persephonella_sp_	1866	-	-	0	2875	4740	29131	30996	WP_293444313.1#46	NZ_WGCC01000033.1	GCF_015493945.1



WP_293449181.1#17|Persephonella_sp_	519	-	-	0	-5161	-4643	6950	7468	WP_293442323.1#17	NZ_WFPS01000088.1	GCF_015487465.1
WP_293449181.1#17|Persephonella_sp_	486	-	-	0	-4536	-4051	6358	6843	WP_293442326.1#17	NZ_WFPS01000088.1	GCF_015487465.1
WP_293449181.1#17|Persephonella_sp_	3297	-	+	24	-3981	-685	2992	6288	WP_293449183.1#17	NZ_WFPS01000088.1	GCF_015487465.1
WP_293449181.1#17|Persephonella_sp_	675	-	+	0	-695	-21	2328	3002	WP_293442332.1#17	NZ_WFPS01000088.1	GCF_015487465.1
WP_293449181.1#17|Persephonella_sp_	246	-	+	64	1	246	2061	2306	WP_293449181.1#17	NZ_WFPS01000088.1	GCF_015487465.1
WP_293449181.1#17|Persephonella_sp_	201	-	+	1	243	443	1864	2064	WP_293449179.1#17	NZ_WFPS01000088.1	GCF_015487465.1
WP_293449181.1#17|Persephonella_sp_	159	-	+	0	485	643	1664	1822	WP_293449176.1#17	NZ_WFPS01000088.1	GCF_015487465.1
WP_293449181.1#17|Persephonella_sp_	342	-	+	0	718	1059	1248	1589	WP_293449201.1#17	NZ_WFPS01000088.1	GCF_015487465.1
WP_293449181.1#17|Persephonella_sp_	429	-	+	0	1067	1495	812	1240	WP_293449174.1#17	NZ_WFPS01000088.1	GCF_015487465.1



WP_330203140.1#75|Cyanobacterium_sp__DS4	207	-	-	0	-2809	-2603	3517907	3518113	WP_330203144.1#75	NZ_CP084098.1	GCF_036345015.1
WP_330203140.1#75|Cyanobacterium_sp__DS4	555	-	-	2	-2599	-2045	3517349	3517903	WP_330203143.1#75	NZ_CP084098.1	GCF_036345015.1
WP_330203140.1#75|Cyanobacterium_sp__DS4	894	-	+	0	-1945	-1052	3516356	3517249	WP_330203142.1#75	NZ_CP084098.1	GCF_036345015.1
WP_330203140.1#75|Cyanobacterium_sp__DS4	843	-	-	0	-950	-108	3515412	3516254	WP_330203141.1#75	NZ_CP084098.1	GCF_036345015.1
WP_330203140.1#75|Cyanobacterium_sp__DS4	267	-	+	64	1	267	3515037	3515303	WP_330203140.1#75	NZ_CP084098.1	GCF_036345015.1
WP_330203140.1#75|Cyanobacterium_sp__DS4	267	-	+	1	260	526	3514778	3515044	WP_041922404.1#75	NZ_CP084098.1	GCF_036345015.1
WP_330203140.1#75|Cyanobacterium_sp__DS4	1179	-	-	60	617	1795	3513509	3514687	WP_330203139.1#75	NZ_CP084098.1	GCF_036345015.1
WP_330203140.1#75|Cyanobacterium_sp__DS4	324	-	-	0	1861	2184	3513120	3513443	WP_015218279.1#75	NZ_CP084098.1	GCF_036345015.1
WP_330203140.1#75|Cyanobacterium_sp__DS4	1980	-	+	0	3144	5123	3510181	3512160	WP_330203138.1#75	NZ_CP084098.1	GCF_036345015.1



WP_204305170.1#10|Desulfurobacterium_thermolithotrophum	633	+	+	14	-2495	-1863	157553	158185	WP_163329302.1#10	NZ_CP176813.1	GCF_010588305.2
WP_204305170.1#10|Desulfurobacterium_thermolithotrophum	612	+	+	14	-1841	-1230	158207	158818	WP_163329300.1#10	NZ_CP176813.1	GCF_010588305.2
WP_204305170.1#10|Desulfurobacterium_thermolithotrophum	624	+	+	14	-1208	-585	158840	159463	WP_163329298.1#10	NZ_CP176813.1	GCF_010588305.2
WP_204305170.1#10|Desulfurobacterium_thermolithotrophum	198	+	+	0	-354	-157	159694	159891	WP_411376633.1#10	NZ_CP176813.1	GCF_010588305.2
WP_204305170.1#10|Desulfurobacterium_thermolithotrophum	246	+	+	64	1	246	160049	160294	WP_204305170.1#10	NZ_CP176813.1	GCF_010588305.2
WP_204305170.1#10|Desulfurobacterium_thermolithotrophum	228	+	+	1	243	470	160291	160518	WP_163329294.1#10	NZ_CP176813.1	GCF_010588305.2
WP_204305170.1#10|Desulfurobacterium_thermolithotrophum	333	+	+	46	562	894	160610	160942	WP_204305169.1#10	NZ_CP176813.1	GCF_010588305.2
WP_204305170.1#10|Desulfurobacterium_thermolithotrophum	378	+	+	47	887	1264	160935	161312	WP_163329292.1#10	NZ_CP176813.1	GCF_010588305.2
WP_204305170.1#10|Desulfurobacterium_thermolithotrophum	183	+	+	0	1415	1597	161463	161645	WP_204305168.1#10	NZ_CP176813.1	GCF_010588305.2



WP_071782636.1#87|Planktothrix_agardhii	1188	-	-	0	-8917	-7730	5243552	5244739	WP_026796053.1#87	NZ_LR882949.1	GCF_904830945.1
WP_071782636.1#87|Planktothrix_agardhii	1122	-	+	0	-7607	-6486	5242308	5243429	WP_233423153.1#87	NZ_LR882949.1	GCF_904830945.1
WP_071782636.1#87|Planktothrix_agardhii	2469	-	-	0	-6075	-3607	5239429	5241897	WP_301947660.1#87	NZ_LR882949.1	GCF_904830945.1
WP_071782636.1#87|Planktothrix_agardhii	3360	-	+	10	-3535	-176	5235998	5239357	WP_254031865.1#87	NZ_LR882949.1	GCF_904830945.1
WP_071782636.1#87|Planktothrix_agardhii	246	-	+	64	1	246	5235576	5235821	WP_071782636.1#87	NZ_LR882949.1	GCF_904830945.1
WP_071782636.1#87|Planktothrix_agardhii	201	-	+	1	243	443	5235379	5235579	WP_026785230.1#87	NZ_LR882949.1	GCF_904830945.1
WP_071782636.1#87|Planktothrix_agardhii	615	-	+	0	468	1082	5234740	5235354	WP_036831444.1#87	NZ_LR882949.1	GCF_904830945.1
WP_071782636.1#87|Planktothrix_agardhii	3801	-	+	11	1258	5058	5230764	5234564	WP_254031864.1#87	NZ_LR882949.1	GCF_904830945.1
WP_071782636.1#87|Planktothrix_agardhii	378	-	+	0	5176	5553	5230269	5230646	WP_026796049.1#87	NZ_LR882949.1	GCF_904830945.1



WP_286393918.1#14|Pseudanabaena_mucicola_str__Chao_1806	1182	+	+	0	-3549	-2368	290139	291320	WP_286393909.1#14	NZ_CP097329.1	GCF_030323025.1
WP_286393918.1#14|Pseudanabaena_mucicola_str__Chao_1806	1728	+	-	11	-2360	-633	291328	293055	WP_286393911.1#14	NZ_CP097329.1	GCF_030323025.1
WP_286393918.1#14|Pseudanabaena_mucicola_str__Chao_1806	288	+	+	0	-532	-245	293156	293443	WP_286393913.1#14	NZ_CP097329.1	GCF_030323025.1
WP_286393918.1#14|Pseudanabaena_mucicola_str__Chao_1806	258	+	+	0	-243	14	293445	293702	WP_286393916.1#14	NZ_CP097329.1	GCF_030323025.1
WP_286393918.1#14|Pseudanabaena_mucicola_str__Chao_1806	264	+	+	64	1	264	293689	293952	WP_286393918.1#14	NZ_CP097329.1	GCF_030323025.1
WP_286393918.1#14|Pseudanabaena_mucicola_str__Chao_1806	201	+	+	1	261	461	293949	294149	WP_286393919.1#14	NZ_CP097329.1	GCF_030323025.1
WP_286393918.1#14|Pseudanabaena_mucicola_str__Chao_1806	468	+	+	0	480	947	294168	294635	WP_286393922.1#14	NZ_CP097329.1	GCF_030323025.1
WP_286393918.1#14|Pseudanabaena_mucicola_str__Chao_1806	4089	+	-	56	975	5063	294663	298751	WP_286393923.1#14	NZ_CP097329.1	GCF_030323025.1
WP_286393918.1#14|Pseudanabaena_mucicola_str__Chao_1806	480	+	-	0	5448	5927	299136	299615	WP_286393926.1#14	NZ_CP097329.1	GCF_030323025.1



WP_194020805.1#33|Synechocystis_salina_LEGE_00031	597	-	-	20	-5472	-4876	12181	12777	WP_194020809.1#33	NZ_JADEVV010000063.1	GCF_015207985.1
WP_194020805.1#33|Synechocystis_salina_LEGE_00031	294	-	+	0	-4718	-4425	11730	12023	WP_194020808.1#33	NZ_JADEVV010000063.1	GCF_015207985.1
WP_194020805.1#33|Synechocystis_salina_LEGE_00031	3447	-	+	10	-3693	-247	7552	10998	WP_194020807.1#33	NZ_JADEVV010000063.1	GCF_015207985.1
WP_194020805.1#33|Synechocystis_salina_LEGE_00031	225	-	+	0	-216	8	7297	7521	WP_194020806.1#33	NZ_JADEVV010000063.1	GCF_015207985.1
WP_194020805.1#33|Synechocystis_salina_LEGE_00031	249	-	+	64	1	249	7056	7304	WP_194020805.1#33	NZ_JADEVV010000063.1	GCF_015207985.1
WP_194020805.1#33|Synechocystis_salina_LEGE_00031	201	-	+	1	246	446	6859	7059	WP_194020804.1#33	NZ_JADEVV010000063.1	GCF_015207985.1
WP_194020805.1#33|Synechocystis_salina_LEGE_00031	576	-	+	0	449	1024	6281	6856	WP_228024239.1#33	NZ_JADEVV010000063.1	GCF_015207985.1
WP_194020805.1#33|Synechocystis_salina_LEGE_00031	456	-	-	0	1129	1584	5721	6176	WP_194020803.1#33	NZ_JADEVV010000063.1	GCF_015207985.1
WP_194020805.1#33|Synechocystis_salina_LEGE_00031	1542	-	+	0	1759	3300	4005	5546	WP_194020802.1#33	NZ_JADEVV010000063.1	GCF_015207985.1



WP_190495306.1#44|Phormidium_sp__FACHB_1136	264	-	-	0	-3502	-3239	3902	4165	WP_347239346.1#44	NZ_JACJRS010000033.1	GCF_014697375.1
WP_190495306.1#44|Phormidium_sp__FACHB_1136	231	-	-	0	-3235	-3005	3668	3898	WP_190495312.1#44	NZ_JACJRS010000033.1	GCF_014697375.1
WP_190495306.1#44|Phormidium_sp__FACHB_1136	417	-	+	0	-2732	-2316	2979	3395	WP_190495310.1#44	NZ_JACJRS010000033.1	GCF_014697375.1
WP_190495306.1#44|Phormidium_sp__FACHB_1136	1689	-	+	44	-2016	-328	991	2679	WP_190495308.1#44	NZ_JACJRS010000033.1	GCF_014697375.1
WP_190495306.1#44|Phormidium_sp__FACHB_1136	246	-	+	64	1	246	417	662	WP_190495306.1#44	NZ_JACJRS010000033.1	GCF_014697375.1
WP_190495306.1#44|Phormidium_sp__FACHB_1136	201	-	+	1	243	443	220	420	WP_190495304.1#44	NZ_JACJRS010000033.1	GCF_014697375.1



WP_198405995.1#94|Parathermosynechococcus_lividus	249	+	+	64	1	249	92	340	WP_198405995.1#94	NZ_JBRCJC010000090.1	GCF_053488715.1
WP_198405995.1#94|Parathermosynechococcus_lividus	201	+	+	1	246	446	337	537	WP_448527640.1#94	NZ_JBRCJC010000090.1	GCF_053488715.1
WP_198405995.1#94|Parathermosynechococcus_lividus	135	+	+	0	515	649	606	740	WP_448527641.1#94	NZ_JBRCJC010000090.1	GCF_053488715.1
WP_198405995.1#94|Parathermosynechococcus_lividus	192	+	+	0	633	824	724	915	WP_448527642.1#94	NZ_JBRCJC010000090.1	GCF_053488715.1
WP_198405995.1#94|Parathermosynechococcus_lividus	228	+	+	9	821	1048	912	1139	WP_448527643.1#94	NZ_JBRCJC010000090.1	GCF_053488715.1



WP_193995715.1#8|Leptolyngbya_cf__ectocarpi_LEGE_11479	2633	-	+	57	-5343	-2711	4605	7237	WP_193995719.1#8	NZ_JADEXP010000328.1	GCF_015207065.1
WP_193995715.1#8|Leptolyngbya_cf__ectocarpi_LEGE_11479	234	-	+	0	-2416	-2183	4077	4310	WP_193995718.1#8	NZ_JADEXP010000328.1	GCF_015207065.1
WP_193995715.1#8|Leptolyngbya_cf__ectocarpi_LEGE_11479	276	-	-	0	-2012	-1737	3631	3906	WP_193995717.1#8	NZ_JADEXP010000328.1	GCF_015207065.1
WP_193995715.1#8|Leptolyngbya_cf__ectocarpi_LEGE_11479	1311	-	-	0	-1613	-303	2197	3507	WP_193995716.1#8	NZ_JADEXP010000328.1	GCF_015207065.1
WP_193995715.1#8|Leptolyngbya_cf__ectocarpi_LEGE_11479	249	-	+	64	1	249	1645	1893	WP_193995715.1#8	NZ_JADEXP010000328.1	GCF_015207065.1
WP_193995715.1#8|Leptolyngbya_cf__ectocarpi_LEGE_11479	201	-	+	1	246	446	1448	1648	WP_193995714.1#8	NZ_JADEXP010000328.1	GCF_015207065.1
WP_193995715.1#8|Leptolyngbya_cf__ectocarpi_LEGE_11479	1366	-	-	0	528	1893	1	1366	WP_193995713.1#8	NZ_JADEXP010000328.1	GCF_015207065.1



WP_016923591.1#50|Prochlorothrix_hollandica_PCC_9006___CALU_1027	276	+	+	0	-1510	-1235	2463	2738	WP_017713127.1#50	NZ_KB235939.1	GCF_000332315.1
WP_016923591.1#50|Prochlorothrix_hollandica_PCC_9006___CALU_1027	402	+	+	0	-1238	-837	2735	3136	WP_017713128.1#50	NZ_KB235939.1	GCF_000332315.1
WP_016923591.1#50|Prochlorothrix_hollandica_PCC_9006___CALU_1027	303	+	+	0	-718	-416	3255	3557	WP_016923592.1#50	NZ_KB235939.1	GCF_000332315.1
WP_016923591.1#50|Prochlorothrix_hollandica_PCC_9006___CALU_1027	234	+	+	48	-428	-195	3545	3778	WP_017713129.1#50	NZ_KB235939.1	GCF_000332315.1
WP_016923591.1#50|Prochlorothrix_hollandica_PCC_9006___CALU_1027	252	+	+	64	1	252	3974	4225	WP_016923591.1#50	NZ_KB235939.1	GCF_000332315.1
WP_016923591.1#50|Prochlorothrix_hollandica_PCC_9006___CALU_1027	201	+	+	1	249	449	4222	4422	WP_016923590.1#50	NZ_KB235939.1	GCF_000332315.1
WP_016923591.1#50|Prochlorothrix_hollandica_PCC_9006___CALU_1027	819	+	+	0	688	1506	4661	5479	WP_017713130.1#50	NZ_KB235939.1	GCF_000332315.1
WP_016923591.1#50|Prochlorothrix_hollandica_PCC_9006___CALU_1027	600	+	-	49	1715	2314	5688	6287	WP_044076979.1#50	NZ_KB235939.1	GCF_000332315.1
WP_016923591.1#50|Prochlorothrix_hollandica_PCC_9006___CALU_1027	159	+	-	0	2311	2469	6284	6442	WP_154655069.1#50	NZ_KB235939.1	GCF_000332315.1



WP_008870512.1#22|Desulfonatronovibrio_magnus	240	+	+	0	-1580	-1341	1450	1689	WP_045214124.1#22	NZ_JYNP01000113.1	GCF_000934755.1
WP_008870512.1#22|Desulfonatronovibrio_magnus	351	+	+	0	-1179	-829	1851	2201	WP_045214126.1#22	NZ_JYNP01000113.1	GCF_000934755.1
WP_008870512.1#22|Desulfonatronovibrio_magnus	258	+	-	0	-797	-540	2233	2490	WP_084591019.1#22	NZ_JYNP01000113.1	GCF_000934755.1
WP_008870512.1#22|Desulfonatronovibrio_magnus	237	+	+	66	-363	-127	2667	2903	pseudogene_22.5*#22	NZ_JYNP01000113.1	GCF_000934755.1
WP_008870512.1#22|Desulfonatronovibrio_magnus	243	+	+	64	1	243	3031	3273	WP_008870512.1#22	NZ_JYNP01000113.1	GCF_000934755.1
WP_008870512.1#22|Desulfonatronovibrio_magnus	201	+	+	1	240	440	3270	3470	WP_008870513.1#22	NZ_JYNP01000113.1	GCF_000934755.1
WP_008870512.1#22|Desulfonatronovibrio_magnus	1200	+	+	2	456	1655	3486	4685	WP_045214131.1#22	NZ_JYNP01000113.1	GCF_000934755.1
WP_008870512.1#22|Desulfonatronovibrio_magnus	1098	+	+	0	1964	3061	4994	6091	WP_045214132.1#22	NZ_JYNP01000113.1	GCF_000934755.1
WP_008870512.1#22|Desulfonatronovibrio_magnus	795	+	+	0	3024	3818	6054	6848	WP_045214134.1#22	NZ_JYNP01000113.1	GCF_000934755.1



WP_207680157.1#76|Desulfonema_magnum	648	+	-	0	-5561	-4914	7275815	7276462	WP_207680153.1#76	NZ_CP061800.1	GCF_017377395.1
WP_207680157.1#76|Desulfonema_magnum	1008	+	-	0	-4422	-3415	7276954	7277961	WP_207680154.1#76	NZ_CP061800.1	GCF_017377395.1
WP_207680157.1#76|Desulfonema_magnum	351	+	-	0	-3317	-2967	7278059	7278409	WP_207680155.1#76	NZ_CP061800.1	GCF_017377395.1
WP_207680157.1#76|Desulfonema_magnum	2412	+	+	0	-2713	-302	7278663	7281074	WP_207680156.1#76	NZ_CP061800.1	GCF_017377395.1
WP_207680157.1#76|Desulfonema_magnum	258	+	+	64	1	258	7281377	7281634	WP_207680157.1#76	NZ_CP061800.1	GCF_017377395.1
WP_207680157.1#76|Desulfonema_magnum	201	+	+	1	239	439	7281615	7281815	WP_207680158.1#76	NZ_CP061800.1	GCF_017377395.1
WP_207680157.1#76|Desulfonema_magnum	603	+	+	0	812	1414	7282188	7282790	WP_246556123.1#76	NZ_CP061800.1	GCF_017377395.1
WP_207680157.1#76|Desulfonema_magnum	879	+	-	0	1469	2347	7282845	7283723	WP_207680159.1#76	NZ_CP061800.1	GCF_017377395.1
WP_207680157.1#76|Desulfonema_magnum	894	+	-	0	3680	4573	7285056	7285949	WP_207680160.1#76	NZ_CP061800.1	GCF_017377395.1



WP_287277414.1#70|Okeania_sp__SIO2G4	366	+	+	0	-9554	-9189	23870	24235	WP_287277410.1#70	NZ_JAAHGW010000049.1	GCF_010672295.1
WP_287277414.1#70|Okeania_sp__SIO2G4	696	+	+	0	-8963	-8268	24461	25156	WP_287277411.1#70	NZ_JAAHGW010000049.1	GCF_010672295.1
WP_287277414.1#70|Okeania_sp__SIO2G4	1404	+	+	0	-8096	-6693	25328	26731	WP_287277412.1#70	NZ_JAAHGW010000049.1	GCF_010672295.1
WP_287277414.1#70|Okeania_sp__SIO2G4	5706	+	+	0	-6214	-509	27210	32915	WP_287277413.1#70	NZ_JAAHGW010000049.1	GCF_010672295.1
WP_287277414.1#70|Okeania_sp__SIO2G4	240	+	+	64	1	240	33425	33664	WP_287277414.1#70	NZ_JAAHGW010000049.1	GCF_010672295.1
WP_287277414.1#70|Okeania_sp__SIO2G4	201	+	+	1	243	443	33667	33867	WP_287277415.1#70	NZ_JAAHGW010000049.1	GCF_010672295.1
WP_287277414.1#70|Okeania_sp__SIO2G4	1308	+	+	0	620	1927	34044	35351	WP_287277416.1#70	NZ_JAAHGW010000049.1	GCF_010672295.1
WP_287277414.1#70|Okeania_sp__SIO2G4	255	+	+	0	2061	2315	35485	35739	WP_287277417.1#70	NZ_JAAHGW010000049.1	GCF_010672295.1
WP_287277414.1#70|Okeania_sp__SIO2G4	411	+	+	0	2312	2722	35736	36146	WP_287277418.1#70	NZ_JAAHGW010000049.1	GCF_010672295.1



WP_228041883.1#34|Planktothrix_mougeotii_LEGE_06226	186	+	-	0	-2681	-2496	8584	8769	WP_193872096.1#34	NZ_JADEWU010000122.1	GCF_015207485.1
WP_228041883.1#34|Planktothrix_mougeotii_LEGE_06226	537	+	-	0	-2414	-1878	8851	9387	WP_193872098.1#34	NZ_JADEWU010000122.1	GCF_015207485.1
WP_228041883.1#34|Planktothrix_mougeotii_LEGE_06226	897	+	+	0	-1599	-703	9666	10562	WP_193872100.1#34	NZ_JADEWU010000122.1	GCF_015207485.1
WP_228041883.1#34|Planktothrix_mougeotii_LEGE_06226	561	+	+	0	-608	-48	10657	11217	WP_193872102.1#34	NZ_JADEWU010000122.1	GCF_015207485.1
WP_228041883.1#34|Planktothrix_mougeotii_LEGE_06226	255	+	+	64	1	255	11266	11520	WP_228041883.1#34	NZ_JADEWU010000122.1	GCF_015207485.1
WP_228041883.1#34|Planktothrix_mougeotii_LEGE_06226	201	+	+	1	252	452	11517	11717	WP_193872104.1#34	NZ_JADEWU010000122.1	GCF_015207485.1
WP_228041883.1#34|Planktothrix_mougeotii_LEGE_06226	243	+	+	0	486	728	11751	11993	WP_193872106.1#34	NZ_JADEWU010000122.1	GCF_015207485.1



WP_218606753.1#65|Methanospirillum_purgamenti	477	-	-	0	-6159	-5683	2008843	2009319	WP_218606757.1#65	NZ_CP077107.1	GCF_019263745.1
WP_218606753.1#65|Methanospirillum_purgamenti	987	-	-	0	-5672	-4686	2007846	2008832	WP_218606756.1#65	NZ_CP077107.1	GCF_019263745.1
WP_218606753.1#65|Methanospirillum_purgamenti	2679	-	+	0	-4541	-1863	2005023	2007701	WP_218606755.1#65	NZ_CP077107.1	GCF_019263745.1
WP_218606753.1#65|Methanospirillum_purgamenti	1800	-	+	0	-1866	-67	2003227	2005026	WP_218606754.1#65	NZ_CP077107.1	GCF_019263745.1
WP_218606753.1#65|Methanospirillum_purgamenti	243	-	+	64	1	243	2002917	2003159	WP_218606753.1#65	NZ_CP077107.1	GCF_019263745.1
WP_218606753.1#65|Methanospirillum_purgamenti	201	-	+	1	240	440	2002720	2002920	WP_218606752.1#65	NZ_CP077107.1	GCF_019263745.1
WP_218606753.1#65|Methanospirillum_purgamenti	1347	-	+	0	687	2033	2001127	2002473	WP_218606751.1#65	NZ_CP077107.1	GCF_019263745.1
WP_218606753.1#65|Methanospirillum_purgamenti	915	-	-	0	2051	2965	2000195	2001109	WP_218606750.1#65	NZ_CP077107.1	GCF_019263745.1
WP_218606753.1#65|Methanospirillum_purgamenti	210	-	-	0	3040	3249	1999911	2000120	WP_214419877.1#65	NZ_CP077107.1	GCF_019263745.1



WP_253490016.1#81|Methanocalculus_alkaliphilus	246	-	+	64	1	246	4882	5127	WP_253490016.1#81	NZ_JALJYG010000029.1	GCF_024170505.1
WP_253490016.1#81|Methanocalculus_alkaliphilus	201	-	+	1	243	443	4685	4885	WP_253490015.1#81	NZ_JALJYG010000029.1	GCF_024170505.1
WP_253490016.1#81|Methanocalculus_alkaliphilus	174	-	-	28	796	969	4159	4332	WP_366518477.1#81	NZ_JALJYG010000029.1	GCF_024170505.1
WP_253490016.1#81|Methanocalculus_alkaliphilus	207	-	-	9	1006	1212	3916	4122	WP_253490014.1#81	NZ_JALJYG010000029.1	GCF_024170505.1
WP_253490016.1#81|Methanocalculus_alkaliphilus	150	-	+	0	1401	1550	3578	3727	WP_253490011.1#81	NZ_JALJYG010000029.1	GCF_024170505.1



WP_286678913.1#99|Candidatus_Aquicultor_secundus	282	+	+	0	-3136	-2855	6684	6965	WP_286678909.1#99	NZ_MNXI01000115.1	GCF_001871795.1
WP_286678913.1#99|Candidatus_Aquicultor_secundus	525	+	-	0	-2737	-2213	7083	7607	WP_286678910.1#99	NZ_MNXI01000115.1	GCF_001871795.1
WP_286678913.1#99|Candidatus_Aquicultor_secundus	348	+	+	0	-1950	-1603	7870	8217	WP_286678911.1#99	NZ_MNXI01000115.1	GCF_001871795.1
WP_286678913.1#99|Candidatus_Aquicultor_secundus	1497	+	+	15	-1517	-21	8303	9799	WP_286678912.1#99	NZ_MNXI01000115.1	GCF_001871795.1
WP_286678913.1#99|Candidatus_Aquicultor_secundus	213	+	+	64	1	213	9821	10033	WP_286678913.1#99	NZ_MNXI01000115.1	GCF_001871795.1
WP_286678913.1#99|Candidatus_Aquicultor_secundus	201	+	+	1	210	410	10030	10230	WP_286678914.1#99	NZ_MNXI01000115.1	GCF_001871795.1
WP_286678913.1#99|Candidatus_Aquicultor_secundus	1071	+	+	0	1042	2112	10862	11932	WP_286678915.1#99	NZ_MNXI01000115.1	GCF_001871795.1
WP_286678913.1#99|Candidatus_Aquicultor_secundus	1326	+	+	0	2207	3532	12027	13352	WP_286678916.1#99	NZ_MNXI01000115.1	GCF_001871795.1
WP_286678913.1#99|Candidatus_Aquicultor_secundus	1764	+	+	0	3694	5457	13514	15277	WP_286678917.1#99	NZ_MNXI01000115.1	GCF_001871795.1



WP_161540659.1#92|Rhodothermus_marinus	453	+	+	0	-3438	-2986	1029187	1029639	WP_161540656.1#92	NZ_AP019797.1	GCF_009936275.1
WP_161540659.1#92|Rhodothermus_marinus	504	+	+	19	-2765	-2262	1029860	1030363	WP_161540657.1#92	NZ_AP019797.1	GCF_009936275.1
WP_161540659.1#92|Rhodothermus_marinus	788	+	-	0	-1914	-1127	1030711	1031498	WP_197738544.1#92	NZ_AP019797.1	GCF_009936275.1
WP_161540659.1#92|Rhodothermus_marinus	504	+	+	19	-896	-393	1031729	1032232	WP_161540658.1#92	NZ_AP019797.1	GCF_009936275.1
WP_161540659.1#92|Rhodothermus_marinus	240	+	+	64	1	240	1032626	1032865	WP_161540659.1#92	NZ_AP019797.1	GCF_009936275.1
WP_161540659.1#92|Rhodothermus_marinus	201	+	+	1	237	437	1032862	1033062	WP_012843395.1#92	NZ_AP019797.1	GCF_009936275.1
WP_161540659.1#92|Rhodothermus_marinus	525	+	+	19	753	1277	1033378	1033902	WP_161540660.1#92	NZ_AP019797.1	GCF_009936275.1
WP_161540659.1#92|Rhodothermus_marinus	1251	+	+	0	2195	3445	1034820	1036070	WP_161540661.1#92	NZ_AP019797.1	GCF_009936275.1
WP_161540659.1#92|Rhodothermus_marinus	1347	+	+	0	3553	4899	1036178	1037524	WP_161540662.1#92	NZ_AP019797.1	GCF_009936275.1



WP_073041389.1#29|Desulfacinum_infernum_DSM_9756	639	+	-	0	-4972	-4334	25505	26143	WP_073041368.1#29	NZ_FQVB01000041.1	GCF_900129305.1
WP_073041389.1#29|Desulfacinum_infernum_DSM_9756	1125	+	-	0	-4180	-3056	26297	27421	WP_178372021.1#29	NZ_FQVB01000041.1	GCF_900129305.1
WP_073041389.1#29|Desulfacinum_infernum_DSM_9756	1002	+	+	0	-2759	-1758	27718	28719	WP_073041372.1#29	NZ_FQVB01000041.1	GCF_900129305.1
WP_073041389.1#29|Desulfacinum_infernum_DSM_9756	1743	+	+	0	-1795	-53	28682	30424	WP_073041375.1#29	NZ_FQVB01000041.1	GCF_900129305.1
WP_073041389.1#29|Desulfacinum_infernum_DSM_9756	249	+	+	64	1	249	30478	30726	WP_073041389.1#29	NZ_FQVB01000041.1	GCF_900129305.1
WP_073041389.1#29|Desulfacinum_infernum_DSM_9756	201	+	+	1	246	446	30723	30923	WP_073041377.1#29	NZ_FQVB01000041.1	GCF_900129305.1
WP_073041389.1#29|Desulfacinum_infernum_DSM_9756	786	+	+	66	553	1338	31030	31815	pseudogene_29.1*#29	NZ_FQVB01000041.1	GCF_900129305.1
WP_073041389.1#29|Desulfacinum_infernum_DSM_9756	218	+	-	66	1462	1679	31939	32156	pseudogene_29.8*#29	NZ_FQVB01000041.1	GCF_900129305.1



WP_107564023.1#90|Candidatus_Methylomirabilis_limnetica	219	-	+	1	-2457	-2239	21994	22212	WP_107564026.1#90	NZ_NVQC01000038.1	GCF_003044035.1
WP_107564023.1#90|Candidatus_Methylomirabilis_limnetica	1194	-	+	0	-1918	-725	20480	21673	WP_275666234.1#90	NZ_NVQC01000038.1	GCF_003044035.1
WP_107564023.1#90|Candidatus_Methylomirabilis_limnetica	237	-	+	0	-719	-483	20238	20474	WP_107564025.1#90	NZ_NVQC01000038.1	GCF_003044035.1
WP_107564023.1#90|Candidatus_Methylomirabilis_limnetica	312	-	+	0	-502	-191	19946	20257	WP_107564024.1#90	NZ_NVQC01000038.1	GCF_003044035.1
WP_107564023.1#90|Candidatus_Methylomirabilis_limnetica	249	-	+	64	1	249	19506	19754	WP_107564023.1#90	NZ_NVQC01000038.1	GCF_003044035.1
WP_107564023.1#90|Candidatus_Methylomirabilis_limnetica	201	-	+	1	246	446	19309	19509	WP_107564022.1#90	NZ_NVQC01000038.1	GCF_003044035.1
WP_107564023.1#90|Candidatus_Methylomirabilis_limnetica	2871	-	+	2	833	3703	16052	18922	WP_107564021.1#90	NZ_NVQC01000038.1	GCF_003044035.1
WP_107564023.1#90|Candidatus_Methylomirabilis_limnetica	975	-	+	0	4817	5791	13964	14938	WP_107564019.1#90	NZ_NVQC01000038.1	GCF_003044035.1
WP_107564023.1#90|Candidatus_Methylomirabilis_limnetica	1428	-	+	0	6117	7544	12211	13638	WP_161954183.1#90	NZ_NVQC01000038.1	GCF_003044035.1



WP_322311704.1#38|Parvibaculum_sp_	384	-	-	0	-2912	-2529	50109	50492	WP_322311708.1#38	NZ_JAXMIG010000003.1	GCF_034377405.1
WP_322311704.1#38|Parvibaculum_sp_	471	-	-	0	-2536	-2066	49646	50116	WP_322311707.1#38	NZ_JAXMIG010000003.1	GCF_034377405.1
WP_322311704.1#38|Parvibaculum_sp_	657	-	+	59	-1994	-1338	48918	49574	WP_322311706.1#38	NZ_JAXMIG010000003.1	GCF_034377405.1
WP_322311704.1#38|Parvibaculum_sp_	1251	-	+	0	-1272	-22	47602	48852	WP_322311705.1#38	NZ_JAXMIG010000003.1	GCF_034377405.1
WP_322311704.1#38|Parvibaculum_sp_	270	-	+	64	1	270	47310	47579	WP_322311704.1#38	NZ_JAXMIG010000003.1	GCF_034377405.1
WP_322311704.1#38|Parvibaculum_sp_	201	-	+	1	267	467	47113	47313	WP_322311703.1#38	NZ_JAXMIG010000003.1	GCF_034377405.1
WP_322311704.1#38|Parvibaculum_sp_	555	-	+	0	497	1051	46529	47083	WP_322311702.1#38	NZ_JAXMIG010000003.1	GCF_034377405.1
WP_322311704.1#38|Parvibaculum_sp_	1350	-	+	0	1122	2471	45109	46458	WP_322311701.1#38	NZ_JAXMIG010000003.1	GCF_034377405.1
WP_322311704.1#38|Parvibaculum_sp_	885	-	-	0	2696	3580	44000	44884	WP_322311700.1#38	NZ_JAXMIG010000003.1	GCF_034377405.1



WP_291419026.1#37|Devosia_sp_	1248	-	-	0	-3541	-2294	32371	33618	WP_291419034.1#37	NZ_JAGIAW010000003.1	GCF_017744655.1
WP_291419026.1#37|Devosia_sp_	888	-	+	0	-2211	-1324	31401	32288	WP_291419032.1#37	NZ_JAGIAW010000003.1	GCF_017744655.1
WP_291419026.1#37|Devosia_sp_	381	-	+	0	-1355	-975	31052	31432	WP_291419030.1#37	NZ_JAGIAW010000003.1	GCF_017744655.1
WP_291419026.1#37|Devosia_sp_	945	-	+	0	-965	-21	30098	31042	WP_291419028.1#37	NZ_JAGIAW010000003.1	GCF_017744655.1
WP_291419026.1#37|Devosia_sp_	255	-	+	64	1	255	29822	30076	WP_291419026.1#37	NZ_JAGIAW010000003.1	GCF_017744655.1
WP_291419026.1#37|Devosia_sp_	198	-	+	1	252	449	29628	29825	WP_035084635.1#37	NZ_JAGIAW010000003.1	GCF_017744655.1
WP_291419026.1#37|Devosia_sp_	633	-	+	0	516	1148	28929	29561	WP_291419023.1#37	NZ_JAGIAW010000003.1	GCF_017744655.1
WP_291419026.1#37|Devosia_sp_	843	-	-	0	1153	1995	28082	28924	WP_291419021.1#37	NZ_JAGIAW010000003.1	GCF_017744655.1
WP_291419026.1#37|Devosia_sp_	1527	-	+	0	2175	3701	26376	27902	WP_291419019.1#37	NZ_JAGIAW010000003.1	GCF_017744655.1



WP_114388969.1#41|Notoacmeibacter_marinus	1011	+	+	22	-6260	-5250	344335	345345	WP_205319971.1#41	NZ_KZ851842.1	GCF_003336765.1
WP_114388969.1#41|Notoacmeibacter_marinus	2613	+	-	2	-5225	-2613	345370	347982	WP_114388967.1#41	NZ_KZ851842.1	GCF_003336765.1
WP_114388969.1#41|Notoacmeibacter_marinus	633	+	-	0	-2616	-1984	347979	348611	WP_094075821.1#41	NZ_KZ851842.1	GCF_003336765.1
WP_114388969.1#41|Notoacmeibacter_marinus	1809	+	+	7	-1812	-4	348783	350591	WP_114388968.1#41	NZ_KZ851842.1	GCF_003336765.1
WP_114388969.1#41|Notoacmeibacter_marinus	270	+	+	64	1	270	350596	350865	WP_114388969.1#41	NZ_KZ851842.1	GCF_003336765.1
WP_114388969.1#41|Notoacmeibacter_marinus	222	+	+	1	267	488	350862	351083	WP_245410500.1#41	NZ_KZ851842.1	GCF_003336765.1
WP_114388969.1#41|Notoacmeibacter_marinus	558	+	-	0	592	1149	351187	351744	WP_114389361.1#41	NZ_KZ851842.1	GCF_003336765.1
WP_114388969.1#41|Notoacmeibacter_marinus	105	+	+	66	1235	1339	351830	351934	pseudogene_41.7*#41	NZ_KZ851842.1	GCF_003336765.1
WP_114388969.1#41|Notoacmeibacter_marinus	438	+	-	0	1428	1865	352023	352460	WP_114388970.1#41	NZ_KZ851842.1	GCF_003336765.1



WP_233023331.1#77|Rhodopseudomonas_boonkerdii	402	+	+	23	-4370	-3969	5083806	5084207	WP_233023327.1#77	NZ_CP036537.1	GCF_021184025.1
WP_233023331.1#77|Rhodopseudomonas_boonkerdii	282	+	+	31	-3972	-3691	5084204	5084485	WP_233023328.1#77	NZ_CP036537.1	GCF_021184025.1
WP_233023331.1#77|Rhodopseudomonas_boonkerdii	1656	+	-	0	-3670	-2015	5084506	5086161	WP_233023329.1#77	NZ_CP036537.1	GCF_021184025.1
WP_233023331.1#77|Rhodopseudomonas_boonkerdii	1806	+	+	7	-1875	-70	5086301	5088106	WP_233023330.1#77	NZ_CP036537.1	GCF_021184025.1
WP_233023331.1#77|Rhodopseudomonas_boonkerdii	258	+	+	64	1	258	5088177	5088434	WP_233023331.1#77	NZ_CP036537.1	GCF_021184025.1
WP_233023331.1#77|Rhodopseudomonas_boonkerdii	225	+	+	1	255	479	5088431	5088655	WP_233023332.1#77	NZ_CP036537.1	GCF_021184025.1
WP_233023331.1#77|Rhodopseudomonas_boonkerdii	1221	+	+	0	743	1963	5088919	5090139	WP_233023333.1#77	NZ_CP036537.1	GCF_021184025.1
WP_233023331.1#77|Rhodopseudomonas_boonkerdii	2214	+	-	2	2129	4342	5090305	5092518	WP_233023334.1#77	NZ_CP036537.1	GCF_021184025.1
WP_233023331.1#77|Rhodopseudomonas_boonkerdii	930	+	+	0	4724	5653	5092900	5093829	WP_233023335.1#77	NZ_CP036537.1	GCF_021184025.1



WP_224000773.1#45|Aureimonas_sp__SA4125	219	+	-	0	-4153	-3935	4129879	4130097	WP_224000759.1#45	NZ_AP025032.1	GCF_019973775.1
WP_224000773.1#45|Aureimonas_sp__SA4125	477	+	+	0	-3476	-3000	4130556	4131032	WP_224000761.1#45	NZ_AP025032.1	GCF_019973775.1
WP_224000773.1#45|Aureimonas_sp__SA4125	954	+	+	0	-2920	-1967	4131112	4132065	WP_224000763.1#45	NZ_AP025032.1	GCF_019973775.1
WP_224000773.1#45|Aureimonas_sp__SA4125	1812	+	+	7	-1852	-41	4132180	4133991	WP_224000771.1#45	NZ_AP025032.1	GCF_019973775.1
WP_224000773.1#45|Aureimonas_sp__SA4125	252	+	+	64	1	252	4134033	4134284	WP_224000773.1#45	NZ_AP025032.1	GCF_019973775.1
WP_224000773.1#45|Aureimonas_sp__SA4125	222	+	+	1	249	470	4134281	4134502	WP_224000775.1#45	NZ_AP025032.1	GCF_019973775.1
WP_224000773.1#45|Aureimonas_sp__SA4125	1257	+	+	0	692	1948	4134724	4135980	WP_224000777.1#45	NZ_AP025032.1	GCF_019973775.1
WP_224000773.1#45|Aureimonas_sp__SA4125	1362	+	-	0	2011	3372	4136043	4137404	WP_224000779.1#45	NZ_AP025032.1	GCF_019973775.1
WP_224000773.1#45|Aureimonas_sp__SA4125	987	+	-	0	3606	4592	4137638	4138624	WP_224000781.1#45	NZ_AP025032.1	GCF_019973775.1



WP_052958362.1#59|Aquamicrobium_sp__LC103	1140	+	-	17	-3819	-2680	79	1218	WP_047147766.1#59	NZ_LBCQ02000011.1	GCF_001014615.2
WP_052958362.1#59|Aquamicrobium_sp__LC103	480	+	-	33	-2683	-2204	1215	1694	WP_047147765.1#59	NZ_LBCQ02000011.1	GCF_001014615.2
WP_052958362.1#59|Aquamicrobium_sp__LC103	1812	+	+	7	-2024	-213	1874	3685	WP_047147764.1#59	NZ_LBCQ02000011.1	GCF_001014615.2
WP_052958362.1#59|Aquamicrobium_sp__LC103	258	+	+	64	1	258	3899	4156	WP_052958362.1#59	NZ_LBCQ02000011.1	GCF_001014615.2
WP_052958362.1#59|Aquamicrobium_sp__LC103	219	+	+	1	255	473	4153	4371	WP_047147763.1#59	NZ_LBCQ02000011.1	GCF_001014615.2
WP_052958362.1#59|Aquamicrobium_sp__LC103	240	+	+	0	742	981	4640	4879	WP_047147762.1#59	NZ_LBCQ02000011.1	GCF_001014615.2
WP_052958362.1#59|Aquamicrobium_sp__LC103	468	+	+	0	1612	2079	5510	5977	WP_047147760.1#59	NZ_LBCQ02000011.1	GCF_001014615.2
WP_052958362.1#59|Aquamicrobium_sp__LC103	2088	+	+	0	2181	4268	6079	8166	WP_082137739.1#59	NZ_LBCQ02000011.1	GCF_001014615.2



WP_257316635.1#12|Shinella_pollutisoli	936	-	-	0	-6662	-5727	52068	53003	WP_257316639.1#12	NZ_JBHRSP010000053.1	GCF_042643305.1
WP_257316635.1#12|Shinella_pollutisoli	1029	-	+	22	-5563	-4535	50876	51904	WP_257316638.1#12	NZ_JBHRSP010000053.1	GCF_042643305.1
WP_257316635.1#12|Shinella_pollutisoli	807	-	+	0	-4510	-3704	50045	50851	WP_257316637.1#12	NZ_JBHRSP010000053.1	GCF_042643305.1
WP_257316635.1#12|Shinella_pollutisoli	3483	-	+	30	-3491	-9	46350	49832	WP_257316636.1#12	NZ_JBHRSP010000053.1	GCF_042643305.1
WP_257316635.1#12|Shinella_pollutisoli	264	-	+	64	1	264	46077	46340	WP_257316635.1#12	NZ_JBHRSP010000053.1	GCF_042643305.1
WP_257316635.1#12|Shinella_pollutisoli	195	-	+	1	255	449	45892	46086	WP_257316633.1#12	NZ_JBHRSP010000053.1	GCF_042643305.1
WP_257316635.1#12|Shinella_pollutisoli	966	-	-	0	459	1424	44917	45882	WP_257316632.1#12	NZ_JBHRSP010000053.1	GCF_042643305.1
WP_257316635.1#12|Shinella_pollutisoli	318	-	-	0	1436	1753	44588	44905	WP_371747778.1#12	NZ_JBHRSP010000053.1	GCF_042643305.1
WP_257316635.1#12|Shinella_pollutisoli	285	-	-	0	2139	2423	43918	44202	WP_257316631.1#12	NZ_JBHRSP010000053.1	GCF_042643305.1



WP_102961234.1#57|Mangrovicella_endophytica	1191	-	-	0	-5336	-4146	34729	35919	WP_102961237.1#57	NZ_PKMZ01000013.1	GCF_002893625.1
WP_102961234.1#57|Mangrovicella_endophytica	150	-	+	0	-3828	-3679	34262	34411	WP_157944692.1#57	NZ_PKMZ01000013.1	GCF_002893625.1
WP_102961234.1#57|Mangrovicella_endophytica	1446	-	+	0	-3682	-2237	32820	34265	WP_102961236.1#57	NZ_PKMZ01000013.1	GCF_002893625.1
WP_102961234.1#57|Mangrovicella_endophytica	1827	-	+	7	-2107	-281	30864	32690	WP_198598404.1#57	NZ_PKMZ01000013.1	GCF_002893625.1
WP_102961234.1#57|Mangrovicella_endophytica	255	-	+	64	1	255	30328	30582	WP_102961234.1#57	NZ_PKMZ01000013.1	GCF_002893625.1
WP_102961234.1#57|Mangrovicella_endophytica	198	-	+	1	252	449	30134	30331	WP_245413680.1#57	NZ_PKMZ01000013.1	GCF_002893625.1
WP_102961234.1#57|Mangrovicella_endophytica	183	-	-	0	852	1034	29549	29731	WP_102961233.1#57	NZ_PKMZ01000013.1	GCF_002893625.1
WP_102961234.1#57|Mangrovicella_endophytica	981	-	+	0	1604	2584	27999	28979	WP_102961231.1#57	NZ_PKMZ01000013.1	GCF_002893625.1
WP_102961234.1#57|Mangrovicella_endophytica	483	-	+	0	2664	3146	27437	27919	WP_102961230.1#57	NZ_PKMZ01000013.1	GCF_002893625.1



WP_129608963.1#91|Rhodoplanes_serenus	1569	+	-	0	-5200	-3632	297103	298671	WP_155479124.1#91	NZ_WNKV01000004.1	GCF_009720755.1
WP_129608963.1#91|Rhodoplanes_serenus	555	+	-	0	-3627	-3073	298676	299230	WP_155479125.1#91	NZ_WNKV01000004.1	GCF_009720755.1
WP_129608963.1#91|Rhodoplanes_serenus	792	+	+	0	-2770	-1979	299533	300324	WP_111387024.1#91	NZ_WNKV01000004.1	GCF_009720755.1
WP_129608963.1#91|Rhodoplanes_serenus	1812	+	+	7	-1835	-24	300468	302279	WP_155479126.1#91	NZ_WNKV01000004.1	GCF_009720755.1
WP_129608963.1#91|Rhodoplanes_serenus	264	+	+	64	1	264	302304	302567	WP_129608963.1#91	NZ_WNKV01000004.1	GCF_009720755.1
WP_129608963.1#91|Rhodoplanes_serenus	195	+	+	1	261	455	302564	302758	WP_129608962.1#91	NZ_WNKV01000004.1	GCF_009720755.1
WP_129608963.1#91|Rhodoplanes_serenus	123	+	+	66	474	596	302777	302899	pseudogene_91.8*#91	NZ_WNKV01000004.1	GCF_009720755.1
WP_129608963.1#91|Rhodoplanes_serenus	237	+	+	0	762	998	303065	303301	WP_155479128.1#91	NZ_WNKV01000004.1	GCF_009720755.1
WP_129608963.1#91|Rhodoplanes_serenus	315	+	+	0	1010	1324	303313	303627	WP_367615042.1#91	NZ_WNKV01000004.1	GCF_009720755.1



WP_237368584.1#66|Rhizobium_sp__SL42	669	+	-	0	-6486	-5818	3271231	3271899	WP_237368580.1#66	NZ_CP063397.1	GCF_021729845.1
WP_237368584.1#66|Rhizobium_sp__SL42	1038	+	+	22	-5652	-4615	3272065	3273102	WP_237368581.1#66	NZ_CP063397.1	GCF_021729845.1
WP_237368584.1#66|Rhizobium_sp__SL42	747	+	-	62	-4510	-3764	3273207	3273953	WP_237368582.1#66	NZ_CP063397.1	GCF_021729845.1
WP_237368584.1#66|Rhizobium_sp__SL42	3495	+	+	30	-3504	-10	3274213	3277707	WP_237368583.1#66	NZ_CP063397.1	GCF_021729845.1
WP_237368584.1#66|Rhizobium_sp__SL42	258	+	+	64	1	258	3277718	3277975	WP_237368584.1#66	NZ_CP063397.1	GCF_021729845.1
WP_237368584.1#66|Rhizobium_sp__SL42	195	+	+	1	255	449	3277972	3278166	WP_237368585.1#66	NZ_CP063397.1	GCF_021729845.1
WP_237368584.1#66|Rhizobium_sp__SL42	363	+	+	0	580	942	3278297	3278659	WP_237371089.1#66	NZ_CP063397.1	GCF_021729845.1
WP_237368584.1#66|Rhizobium_sp__SL42	447	+	+	29	935	1381	3278652	3279098	WP_237368586.1#66	NZ_CP063397.1	GCF_021729845.1
WP_237368584.1#66|Rhizobium_sp__SL42	471	+	+	29	1383	1853	3279100	3279570	WP_237368587.1#66	NZ_CP063397.1	GCF_021729845.1



WP_083229700.1#88|Rhizobium_sp__R86522	2376	-	+	63	-7993	-5618	1022148	1024523	WP_377274872.1#88	NZ_JAXHBX010000001.1	GCF_042466255.1
WP_083229700.1#88|Rhizobium_sp__R86522	726	-	-	62	-5548	-4823	1021353	1022078	WP_377274871.1#88	NZ_JAXHBX010000001.1	GCF_042466255.1
WP_083229700.1#88|Rhizobium_sp__R86522	948	-	+	0	-4666	-3719	1020249	1021196	WP_377274870.1#88	NZ_JAXHBX010000001.1	GCF_042466255.1
WP_083229700.1#88|Rhizobium_sp__R86522	3495	-	+	30	-3504	-10	1016540	1020034	WP_377274869.1#88	NZ_JAXHBX010000001.1	GCF_042466255.1
WP_083229700.1#88|Rhizobium_sp__R86522	258	-	+	64	1	258	1016272	1016529	WP_083229700.1#88	NZ_JAXHBX010000001.1	GCF_042466255.1
WP_083229700.1#88|Rhizobium_sp__R86522	195	-	+	1	255	449	1016081	1016275	WP_054151551.1#88	NZ_JAXHBX010000001.1	GCF_042466255.1
WP_083229700.1#88|Rhizobium_sp__R86522	186	-	+	0	574	759	1015771	1015956	WP_054151550.1#88	NZ_JAXHBX010000001.1	GCF_042466255.1
WP_083229700.1#88|Rhizobium_sp__R86522	858	-	-	0	781	1638	1014892	1015749	WP_083229699.1#88	NZ_JAXHBX010000001.1	GCF_042466255.1
WP_083229700.1#88|Rhizobium_sp__R86522	429	-	+	29	1752	2180	1014350	1014778	WP_377274868.1#88	NZ_JAXHBX010000001.1	GCF_042466255.1



WP_164696824.1#6|Falsiroseomonas_algicola	1008	+	+	0	-3021	-2014	168040	169047	WP_164696820.1#6	NZ_JAAIKB010000011.1	GCF_011040385.1
WP_164696824.1#6|Falsiroseomonas_algicola	1215	+	+	0	-2017	-803	169044	170258	WP_164696821.1#6	NZ_JAAIKB010000011.1	GCF_011040385.1
WP_164696824.1#6|Falsiroseomonas_algicola	468	+	-	0	-793	-326	170268	170735	WP_164696822.1#6	NZ_JAAIKB010000011.1	GCF_011040385.1
WP_164696824.1#6|Falsiroseomonas_algicola	261	+	+	0	-256	4	170805	171065	WP_164696823.1#6	NZ_JAAIKB010000011.1	GCF_011040385.1
WP_164696824.1#6|Falsiroseomonas_algicola	243	+	+	64	1	243	171062	171304	WP_164696824.1#6	NZ_JAAIKB010000011.1	GCF_011040385.1
WP_164696824.1#6|Falsiroseomonas_algicola	213	+	+	1	240	452	171301	171513	WP_164696825.1#6	NZ_JAAIKB010000011.1	GCF_011040385.1
WP_164696824.1#6|Falsiroseomonas_algicola	867	+	-	0	453	1319	171514	172380	WP_164696826.1#6	NZ_JAAIKB010000011.1	GCF_011040385.1
WP_164696824.1#6|Falsiroseomonas_algicola	1041	+	-	0	1316	2356	172377	173417	WP_164696827.1#6	NZ_JAAIKB010000011.1	GCF_011040385.1
WP_164696824.1#6|Falsiroseomonas_algicola	1410	+	-	0	2405	3814	173466	174875	WP_164696828.1#6	NZ_JAAIKB010000011.1	GCF_011040385.1



WP_108547838.1#62|Azospirillum_humicireducens	1569	+	+	6	-4833	-3265	790302	791870	WP_108547834.1#62	NZ_CP028903.1	GCF_001639105.2
WP_108547838.1#62|Azospirillum_humicireducens	1050	+	+	0	-3275	-2226	791860	792909	WP_108547835.1#62	NZ_CP028903.1	GCF_001639105.2
WP_108547838.1#62|Azospirillum_humicireducens	924	+	+	0	-2219	-1296	792916	793839	WP_108547836.1#62	NZ_CP028903.1	GCF_001639105.2
WP_108547838.1#62|Azospirillum_humicireducens	1281	+	+	0	-1296	-16	793839	795119	WP_108547837.1#62	NZ_CP028903.1	GCF_001639105.2
WP_108547838.1#62|Azospirillum_humicireducens	246	+	+	64	1	246	795136	795381	WP_108547838.1#62	NZ_CP028903.1	GCF_001639105.2
WP_108547838.1#62|Azospirillum_humicireducens	192	+	+	1	243	434	795378	795569	WP_014188100.1#62	NZ_CP028903.1	GCF_001639105.2
WP_108547838.1#62|Azospirillum_humicireducens	1092	+	-	60	497	1588	795632	796723	WP_108547839.1#62	NZ_CP028903.1	GCF_001639105.2
WP_108547838.1#62|Azospirillum_humicireducens	897	+	-	0	1740	2636	796875	797771	WP_108547840.1#62	NZ_CP028903.1	GCF_001639105.2
WP_108547838.1#62|Azospirillum_humicireducens	1233	+	+	0	2846	4078	797981	799213	WP_108547841.1#62	NZ_CP028903.1	GCF_001639105.2



WP_239992452.1#79|Rhodopila_globiformis	471	+	-	0	-5153	-4683	25925	26395	WP_104522321.1#79	NZ_NHRY01000266.1	GCF_002937115.1
WP_239992452.1#79|Rhodopila_globiformis	1134	+	-	0	-4013	-2880	27065	28198	WP_104522322.1#79	NZ_NHRY01000266.1	GCF_002937115.1
WP_239992452.1#79|Rhodopila_globiformis	417	+	-	0	-2569	-2153	28509	28925	WP_104522323.1#79	NZ_NHRY01000266.1	GCF_002937115.1
WP_239992452.1#79|Rhodopila_globiformis	1245	+	+	0	-1827	-583	29251	30495	WP_104522324.1#79	NZ_NHRY01000266.1	GCF_002937115.1
WP_239992452.1#79|Rhodopila_globiformis	450	+	+	64	1	450	31079	31528	WP_239992452.1#79	NZ_NHRY01000266.1	GCF_002937115.1
WP_239992452.1#79|Rhodopila_globiformis	195	+	+	1	447	641	31525	31719	WP_104522326.1#79	NZ_NHRY01000266.1	GCF_002937115.1
WP_239992452.1#79|Rhodopila_globiformis	549	+	-	0	676	1224	31754	32302	WP_104522327.1#79	NZ_NHRY01000266.1	GCF_002937115.1
WP_239992452.1#79|Rhodopila_globiformis	495	+	+	0	1343	1837	32421	32915	WP_104522328.1#79	NZ_NHRY01000266.1	GCF_002937115.1
WP_239992452.1#79|Rhodopila_globiformis	1026	+	-	0	1824	2849	32902	33927	WP_104522329.1#79	NZ_NHRY01000266.1	GCF_002937115.1



WP_110556888.1#58|Komagataeibacter_swingsii_DSM_16373	486	+	-	0	-1989	-1504	32452	32937	WP_110556884.1#58	NZ_BAQS01000092.1	GCF_025994595.1
WP_110556888.1#58|Komagataeibacter_swingsii_DSM_16373	327	+	-	0	-1410	-1084	33031	33357	WP_110556885.1#58	NZ_BAQS01000092.1	GCF_025994595.1
WP_110556888.1#58|Komagataeibacter_swingsii_DSM_16373	882	+	-	0	-1108	-227	33333	34214	WP_110556886.1#58	NZ_BAQS01000092.1	GCF_025994595.1
WP_110556888.1#58|Komagataeibacter_swingsii_DSM_16373	159	+	+	0	-148	10	34293	34451	WP_167402096.1#58	NZ_BAQS01000092.1	GCF_025994595.1
WP_110556888.1#58|Komagataeibacter_swingsii_DSM_16373	261	+	+	64	1	261	34442	34702	WP_110556888.1#58	NZ_BAQS01000092.1	GCF_025994595.1
WP_110556888.1#58|Komagataeibacter_swingsii_DSM_16373	201	+	+	1	258	458	34699	34899	WP_110556889.1#58	NZ_BAQS01000092.1	GCF_025994595.1
WP_110556888.1#58|Komagataeibacter_swingsii_DSM_16373	468	+	-	0	462	929	34903	35370	WP_110556890.1#58	NZ_BAQS01000092.1	GCF_025994595.1
WP_110556888.1#58|Komagataeibacter_swingsii_DSM_16373	330	+	-	0	957	1286	35398	35727	WP_408884366.1#58	NZ_BAQS01000092.1	GCF_025994595.1
WP_110556888.1#58|Komagataeibacter_swingsii_DSM_16373	600	+	+	0	1572	2171	36013	36612	WP_110556891.1#58	NZ_BAQS01000092.1	GCF_025994595.1



WP_235705042.1#78|Acidiphilium_iwatense	76	-	+	65	-2012	-1937	16466	16541	tRNA_78.7*#78	NZ_JAKGBZ010000030.1	GCF_021556475.1
WP_235705042.1#78|Acidiphilium_iwatense	672	-	-	0	-1326	-655	15184	15855	WP_235705046.1#78	NZ_JAKGBZ010000030.1	GCF_021556475.1
WP_235705042.1#78|Acidiphilium_iwatense	252	-	-	0	-658	-407	14936	15187	WP_235705044.1#78	NZ_JAKGBZ010000030.1	GCF_021556475.1
WP_235705042.1#78|Acidiphilium_iwatense	273	-	+	0	-268	4	14525	14797	WP_329603583.1#78	NZ_JAKGBZ010000030.1	GCF_021556475.1
WP_235705042.1#78|Acidiphilium_iwatense	255	-	+	64	1	255	14274	14528	WP_235705042.1#78	NZ_JAKGBZ010000030.1	GCF_021556475.1
WP_235705042.1#78|Acidiphilium_iwatense	207	-	+	1	252	458	14071	14277	WP_235705041.1#78	NZ_JAKGBZ010000030.1	GCF_021556475.1
WP_235705042.1#78|Acidiphilium_iwatense	564	-	+	0	717	1280	13249	13812	WP_235705039.1#78	NZ_JAKGBZ010000030.1	GCF_021556475.1
WP_235705042.1#78|Acidiphilium_iwatense	216	-	-	0	1344	1559	12970	13185	WP_235705038.1#78	NZ_JAKGBZ010000030.1	GCF_021556475.1
WP_235705042.1#78|Acidiphilium_iwatense	1917	-	-	0	1556	3472	11057	12973	WP_235705037.1#78	NZ_JAKGBZ010000030.1	GCF_021556475.1



WP_279316084.1#36|Ancylobacter_sp__WKF20	468	+	+	0	-4213	-3746	156874	157341	WP_267583341.1#36	NZ_CP121679.1	GCF_029760895.1
WP_279316084.1#36|Ancylobacter_sp__WKF20	1131	+	+	0	-3578	-2448	157509	158639	WP_279316081.1#36	NZ_CP121679.1	GCF_029760895.1
WP_279316084.1#36|Ancylobacter_sp__WKF20	447	+	+	0	-2443	-1997	158644	159090	WP_279316082.1#36	NZ_CP121679.1	GCF_029760895.1
WP_279316084.1#36|Ancylobacter_sp__WKF20	1998	+	+	0	-2000	-3	159087	161084	WP_279316083.1#36	NZ_CP121679.1	GCF_029760895.1
WP_279316084.1#36|Ancylobacter_sp__WKF20	252	+	+	64	1	252	161088	161339	WP_279316084.1#36	NZ_CP121679.1	GCF_029760895.1
WP_279316084.1#36|Ancylobacter_sp__WKF20	192	+	+	1	249	440	161336	161527	WP_267583337.1#36	NZ_CP121679.1	GCF_029760895.1
WP_279316084.1#36|Ancylobacter_sp__WKF20	495	+	+	0	446	940	161533	162027	WP_279316085.1#36	NZ_CP121679.1	GCF_029760895.1
WP_279316084.1#36|Ancylobacter_sp__WKF20	1545	+	+	0	1034	2578	162121	163665	WP_279316086.1#36	NZ_CP121679.1	GCF_029760895.1
WP_279316084.1#36|Ancylobacter_sp__WKF20	681	+	+	2	2830	3510	163917	164597	WP_279316087.1#36	NZ_CP121679.1	GCF_029760895.1



WP_288195609.1#16|uncultured_Pleomorphomonas_sp_	705	+	-	6	-5229	-4525	208128	208832	WP_288195603.1#16	NZ_LT608334.1	GCF_900095415.1
WP_288195609.1#16|uncultured_Pleomorphomonas_sp_	1269	+	-	0	-4516	-3248	208841	210109	WP_288195604.1#16	NZ_LT608334.1	GCF_900095415.1
WP_288195609.1#16|uncultured_Pleomorphomonas_sp_	1323	+	-	0	-3046	-1724	210311	211633	WP_288195605.1#16	NZ_LT608334.1	GCF_900095415.1
WP_288195609.1#16|uncultured_Pleomorphomonas_sp_	924	+	+	0	-1046	-123	212311	213234	WP_288195607.1#16	NZ_LT608334.1	GCF_900095415.1
WP_288195609.1#16|uncultured_Pleomorphomonas_sp_	243	+	+	64	1	243	213358	213600	WP_288195609.1#16	NZ_LT608334.1	GCF_900095415.1
WP_288195609.1#16|uncultured_Pleomorphomonas_sp_	195	+	+	1	240	434	213597	213791	WP_100080609.1#16	NZ_LT608334.1	GCF_900095415.1
WP_288195609.1#16|uncultured_Pleomorphomonas_sp_	477	+	-	0	514	990	213871	214347	WP_100080610.1#16	NZ_LT608334.1	GCF_900095415.1
WP_288195609.1#16|uncultured_Pleomorphomonas_sp_	462	+	-	0	994	1455	214351	214812	WP_100080611.1#16	NZ_LT608334.1	GCF_900095415.1
WP_288195609.1#16|uncultured_Pleomorphomonas_sp_	948	+	-	0	1680	2627	215037	215984	WP_288195611.1#16	NZ_LT608334.1	GCF_900095415.1



WP_244600134.1#80|Blastochloris_tepida	420	+	-	0	-5560	-5141	1227049	1227468	WP_126398369.1#80	NZ_AP018907.1	GCF_003966715.1
WP_244600134.1#80|Blastochloris_tepida	618	+	-	0	-5144	-4527	1227465	1228082	WP_126398371.1#80	NZ_AP018907.1	GCF_003966715.1
WP_244600134.1#80|Blastochloris_tepida	606	+	-	27	-4145	-3540	1228464	1229069	WP_126398373.1#80	NZ_AP018907.1	GCF_003966715.1
WP_244600134.1#80|Blastochloris_tepida	1716	+	-	0	-2776	-1061	1229833	1231548	WP_126398375.1#80	NZ_AP018907.1	GCF_003966715.1
WP_244600134.1#80|Blastochloris_tepida	249	+	+	64	1	249	1232610	1232858	WP_244600134.1#80	NZ_AP018907.1	GCF_003966715.1
WP_244600134.1#80|Blastochloris_tepida	192	+	+	1	246	437	1232855	1233046	WP_126398377.1#80	NZ_AP018907.1	GCF_003966715.1
WP_244600134.1#80|Blastochloris_tepida	771	+	+	0	897	1667	1233506	1234276	WP_126398379.1#80	NZ_AP018907.1	GCF_003966715.1
WP_244600134.1#80|Blastochloris_tepida	525	+	-	0	1800	2324	1234409	1234933	WP_342211507.1#80	NZ_AP018907.1	GCF_003966715.1
WP_244600134.1#80|Blastochloris_tepida	266	+	-	66	2355	2620	1234964	1235229	pseudogene_80.9*#80	NZ_AP018907.1	GCF_003966715.1



WP_093569367.1#30|Methylobacterium_sp__174MFSha1_1	1614	+	-	0	-3157	-1544	385	1998	WP_093569364.1#30	NZ_FPCB01000026.1	GCF_900116815.1
WP_093569367.1#30|Methylobacterium_sp__174MFSha1_1	498	+	+	59	-1380	-883	2162	2659	WP_244539607.1#30	NZ_FPCB01000026.1	GCF_900116815.1
WP_093569367.1#30|Methylobacterium_sp__174MFSha1_1	195	+	-	0	-856	-662	2686	2880	WP_093569365.1#30	NZ_FPCB01000026.1	GCF_900116815.1
WP_093569367.1#30|Methylobacterium_sp__174MFSha1_1	312	+	-	37	-501	-190	3041	3352	WP_093569366.1#30	NZ_FPCB01000026.1	GCF_900116815.1
WP_093569367.1#30|Methylobacterium_sp__174MFSha1_1	249	+	+	64	1	249	3543	3791	WP_093569367.1#30	NZ_FPCB01000026.1	GCF_900116815.1
WP_093569367.1#30|Methylobacterium_sp__174MFSha1_1	204	+	+	1	246	449	3788	3991	WP_093569368.1#30	NZ_FPCB01000026.1	GCF_900116815.1
WP_093569367.1#30|Methylobacterium_sp__174MFSha1_1	186	+	-	35	462	647	4004	4189	WP_093569369.1#30	NZ_FPCB01000026.1	GCF_900116815.1
WP_093569367.1#30|Methylobacterium_sp__174MFSha1_1	693	+	+	0	892	1584	4434	5126	WP_093569370.1#30	NZ_FPCB01000026.1	GCF_900116815.1
WP_093569367.1#30|Methylobacterium_sp__174MFSha1_1	750	+	+	0	1693	2442	5235	5984	WP_093569371.1#30	NZ_FPCB01000026.1	GCF_900116815.1



WP_058619246.1#53|Methylobacterium_indicum	278	+	-	37	-465	-188	1	278	WP_131800868.1#53	NZ_LDRN01000118.1	GCF_001477085.1
WP_058619246.1#53|Methylobacterium_indicum	249	+	+	64	1	249	467	715	WP_058619246.1#53	NZ_LDRN01000118.1	GCF_001477085.1
WP_058619246.1#53|Methylobacterium_indicum	204	+	+	1	246	449	712	915	WP_048430857.1#53	NZ_LDRN01000118.1	GCF_001477085.1
WP_058619246.1#53|Methylobacterium_indicum	186	+	-	35	465	650	931	1116	WP_048430858.1#53	NZ_LDRN01000118.1	GCF_001477085.1
WP_058619246.1#53|Methylobacterium_indicum	336	+	-	0	1180	1515	1646	1981	WP_058619245.1#53	NZ_LDRN01000118.1	GCF_001477085.1
WP_058619246.1#53|Methylobacterium_indicum	1515	+	-	10	1586	3100	2052	3566	WP_058619284.1#53	NZ_LDRN01000118.1	GCF_001477085.1



WP_267356489.1#68|Methylobacterium_sp__GC_Met_3	681	-	+	54	-2860	-2180	109407	110087	WP_267356412.1#68	NZ_JALNUL010000007.1	GCF_026540775.1
WP_267356489.1#68|Methylobacterium_sp__GC_Met_3	852	-	+	6	-2171	-1320	108547	109398	WP_243925494.1#68	NZ_JALNUL010000007.1	GCF_026540775.1
WP_267356489.1#68|Methylobacterium_sp__GC_Met_3	573	-	-	26	-1425	-853	108080	108652	WP_267356411.1#68	NZ_JALNUL010000007.1	GCF_026540775.1
WP_267356489.1#68|Methylobacterium_sp__GC_Met_3	684	-	-	26	-818	-135	107362	108045	WP_267356410.1#68	NZ_JALNUL010000007.1	GCF_026540775.1
WP_267356489.1#68|Methylobacterium_sp__GC_Met_3	273	-	+	64	1	273	106954	107226	WP_267356489.1#68	NZ_JALNUL010000007.1	GCF_026540775.1
WP_267356489.1#68|Methylobacterium_sp__GC_Met_3	198	-	+	1	270	467	106760	106957	WP_267356409.1#68	NZ_JALNUL010000007.1	GCF_026540775.1
WP_267356489.1#68|Methylobacterium_sp__GC_Met_3	1152	-	-	53	564	1715	105512	106663	WP_267356408.1#68	NZ_JALNUL010000007.1	GCF_026540775.1
WP_267356489.1#68|Methylobacterium_sp__GC_Met_3	1314	-	+	15	1898	3211	104016	105329	WP_243925505.1#68	NZ_JALNUL010000007.1	GCF_026540775.1
WP_267356489.1#68|Methylobacterium_sp__GC_Met_3	1104	-	+	0	3809	4912	102315	103418	WP_267356407.1#68	NZ_JALNUL010000007.1	GCF_026540775.1



WP_313901165.1#49|Methylobacterium_sp__J_048	720	+	+	0	-3616	-2897	42283	43002	WP_244017570.1#49	NZ_JAKSYL010000050.1	GCF_022829515.1
WP_313901165.1#49|Methylobacterium_sp__J_048	699	+	+	54	-2900	-2202	42999	43697	WP_244017572.1#49	NZ_JAKSYL010000050.1	GCF_022829515.1
WP_313901165.1#49|Methylobacterium_sp__J_048	861	+	+	6	-2205	-1345	43694	44554	WP_244017575.1#49	NZ_JAKSYL010000050.1	GCF_022829515.1
WP_313901165.1#49|Methylobacterium_sp__J_048	1185	+	-	26	-1355	-171	44544	45728	WP_313901164.1#49	NZ_JAKSYL010000050.1	GCF_022829515.1
WP_313901165.1#49|Methylobacterium_sp__J_048	276	+	+	64	1	276	45900	46175	WP_313901165.1#49	NZ_JAKSYL010000050.1	GCF_022829515.1
WP_313901165.1#49|Methylobacterium_sp__J_048	198	+	+	1	273	470	46172	46369	WP_244017582.1#49	NZ_JAKSYL010000050.1	GCF_022829515.1
WP_313901165.1#49|Methylobacterium_sp__J_048	1152	+	-	53	516	1667	46415	47566	WP_244017584.1#49	NZ_JAKSYL010000050.1	GCF_022829515.1
WP_313901165.1#49|Methylobacterium_sp__J_048	1314	+	+	15	1870	3183	47769	49082	WP_244017586.1#49	NZ_JAKSYL010000050.1	GCF_022829515.1
WP_313901165.1#49|Methylobacterium_sp__J_048	1128	+	-	0	3191	4318	49090	50217	WP_244017588.1#49	NZ_JAKSYL010000050.1	GCF_022829515.1



WP_253387270.1#97|Methylorubrum_extorquens	171	-	-	0	-3789	-3619	232759	232929	WP_012255559.1#97	NZ_CDWLEN010000060.1	GCF_977887115.1
WP_253387270.1#97|Methylorubrum_extorquens	201	-	-	0	-3526	-3326	232466	232666	WP_458436320.1#97	NZ_CDWLEN010000060.1	GCF_977887115.1
WP_253387270.1#97|Methylorubrum_extorquens	918	-	+	0	-3001	-2084	231224	232141	WP_458436319.1#97	NZ_CDWLEN010000060.1	GCF_977887115.1
WP_253387270.1#97|Methylorubrum_extorquens	1833	-	+	0	-1856	-24	229164	230996	WP_458436318.1#97	NZ_CDWLEN010000060.1	GCF_977887115.1
WP_253387270.1#97|Methylorubrum_extorquens	252	-	+	64	1	252	228888	229139	WP_253387270.1#97	NZ_CDWLEN010000060.1	GCF_977887115.1
WP_253387270.1#97|Methylorubrum_extorquens	198	-	+	1	249	446	228694	228891	WP_003601826.1#97	NZ_CDWLEN010000060.1	GCF_977887115.1
WP_253387270.1#97|Methylorubrum_extorquens	472	-	+	66	463	934	228206	228677	pseudogene_97.2*#97	NZ_CDWLEN010000060.1	GCF_977887115.1
WP_253387270.1#97|Methylorubrum_extorquens	717	-	+	66	931	1647	227493	228209	pseudogene_97.1*#97	NZ_CDWLEN010000060.1	GCF_977887115.1
WP_253387270.1#97|Methylorubrum_extorquens	2115	-	-	6	1902	4016	225124	227238	WP_458436317.1#97	NZ_CDWLEN010000060.1	GCF_977887115.1



WP_152716687.1#3|Microvirga_tunisiensis	249	+	+	64	1	249	266	514	WP_152716687.1#3	NZ_VOSK01000273.1	GCF_009296175.1
WP_152716687.1#3|Microvirga_tunisiensis	198	+	+	1	246	443	511	708	WP_152716688.1#3	NZ_VOSK01000273.1	GCF_009296175.1
WP_152716687.1#3|Microvirga_tunisiensis	1926	+	+	0	688	2613	953	2878	WP_152716689.1#3	NZ_VOSK01000273.1	GCF_009296175.1
WP_152716687.1#3|Microvirga_tunisiensis	297	+	+	0	2680	2976	2945	3241	WP_152716690.1#3	NZ_VOSK01000273.1	GCF_009296175.1
WP_152716687.1#3|Microvirga_tunisiensis	249	+	-	0	3407	3655	3672	3920	WP_152716691.1#3	NZ_VOSK01000273.1	GCF_009296175.1



WP_173949795.1#64|Microvirga_terrae	960	-	-	0	-3057	-2098	76720	77679	WP_173949791.1#64	NZ_CP102847.1	GCF_013307435.2
WP_173949795.1#64|Microvirga_terrae	903	-	-	43	-2018	-1116	75738	76640	WP_173949792.1#64	NZ_CP102847.1	GCF_013307435.2
WP_173949795.1#64|Microvirga_terrae	312	-	-	0	-1132	-821	75443	75754	WP_173949793.1#64	NZ_CP102847.1	GCF_013307435.2
WP_173949795.1#64|Microvirga_terrae	177	-	-	0	-786	-610	75232	75408	WP_173949794.1#64	NZ_CP102847.1	GCF_013307435.2
WP_173949795.1#64|Microvirga_terrae	267	-	+	64	1	267	74355	74621	WP_173949795.1#64	NZ_CP102847.1	GCF_013307435.2
WP_173949795.1#64|Microvirga_terrae	198	-	+	1	264	461	74161	74358	WP_173949796.1#64	NZ_CP102847.1	GCF_013307435.2
WP_173949795.1#64|Microvirga_terrae	189	-	+	0	931	1119	73503	73691	WP_349774741.1#64	NZ_CP102847.1	GCF_013307435.2
WP_173949795.1#64|Microvirga_terrae	264	-	+	0	1342	1605	73017	73280	WP_173949797.1#64	NZ_CP102847.1	GCF_013307435.2
WP_173949795.1#64|Microvirga_terrae	993	-	+	0	1720	2712	71910	72902	WP_173949837.1#64	NZ_CP102847.1	GCF_013307435.2



WP_066616690.1#60|Allobosea_sp__PAMC_26642	1800	-	+	2	-3239	-1440	4321021	4322820	WP_066616698.1#60	NZ_CP014301.1	GCF_001562255.1
WP_066616690.1#60|Allobosea_sp__PAMC_26642	462	-	+	50	-1432	-971	4320552	4321013	WP_066616696.1#60	NZ_CP014301.1	GCF_001562255.1
WP_066616690.1#60|Allobosea_sp__PAMC_26642	402	-	+	23	-861	-460	4320041	4320442	WP_066616692.1#60	NZ_CP014301.1	GCF_001562255.1
WP_066616690.1#60|Allobosea_sp__PAMC_26642	333	-	+	31	-448	-116	4319697	4320029	WP_082767290.1#60	NZ_CP014301.1	GCF_001562255.1
WP_066616690.1#60|Allobosea_sp__PAMC_26642	258	-	+	64	1	258	4319323	4319580	WP_066616690.1#60	NZ_CP014301.1	GCF_001562255.1
WP_066616690.1#60|Allobosea_sp__PAMC_26642	198	-	+	1	255	452	4319129	4319326	WP_066616688.1#60	NZ_CP014301.1	GCF_001562255.1
WP_066616690.1#60|Allobosea_sp__PAMC_26642	1401	-	+	51	617	2017	4317564	4318964	WP_066616687.1#60	NZ_CP014301.1	GCF_001562255.1
WP_066616690.1#60|Allobosea_sp__PAMC_26642	2427	-	+	2	2430	4856	4314725	4317151	WP_066616683.1#60	NZ_CP014301.1	GCF_001562255.1
WP_066616690.1#60|Allobosea_sp__PAMC_26642	1545	-	+	52	4853	6397	4313184	4314728	WP_066616680.1#60	NZ_CP014301.1	GCF_001562255.1



WP_265051686.1#98|Allobosea_sp__NBC_00550	1800	+	+	2	-3117	-1318	4870836	4872635	WP_442864886.1#98	NZ_CP102772.1	GCF_026020075.1
WP_265051686.1#98|Allobosea_sp__NBC_00550	465	+	+	50	-1310	-846	4872643	4873107	WP_265051684.1#98	NZ_CP102772.1	GCF_026020075.1
WP_265051686.1#98|Allobosea_sp__NBC_00550	402	+	+	23	-736	-335	4873217	4873618	WP_265051685.1#98	NZ_CP102772.1	GCF_026020075.1
WP_265051686.1#98|Allobosea_sp__NBC_00550	315	+	+	31	-310	4	4873643	4873957	WP_442864887.1#98	NZ_CP102772.1	GCF_026020075.1
WP_265051686.1#98|Allobosea_sp__NBC_00550	267	+	+	64	1	267	4873954	4874220	WP_265051686.1#98	NZ_CP102772.1	GCF_026020075.1
WP_265051686.1#98|Allobosea_sp__NBC_00550	198	+	+	1	264	461	4874217	4874414	WP_265051687.1#98	NZ_CP102772.1	GCF_026020075.1
WP_265051686.1#98|Allobosea_sp__NBC_00550	1395	+	+	51	571	1965	4874524	4875918	WP_265051688.1#98	NZ_CP102772.1	GCF_026020075.1
WP_265051686.1#98|Allobosea_sp__NBC_00550	2346	+	+	2	2493	4838	4876446	4878791	WP_265051689.1#98	NZ_CP102772.1	GCF_026020075.1
WP_265051686.1#98|Allobosea_sp__NBC_00550	1557	+	+	52	4835	6391	4878788	4880344	WP_265051690.1#98	NZ_CP102772.1	GCF_026020075.1



